Customer_ID,Gender,Ever_Married,Age,Graduated,Profession,Work_Experience,Monthly_Income,Account_Balance,Family_Size,City,Cluster
100001,Male,No,20,No,Student,1,336351,523319,1,Anbar,0
100002,Female,Yes,64,No,Retired,18,567179,5866008,2,Dhi_Qar,4
100003,Male,Yes,32,Yes,Government_Employee,5,615274,2855871,3,Baghdad,2
100004,Female,No,63,No,Retired,29,509250,8528174,3,Baghdad,4
100005,Female,Yes,46,No,Laborer,13,515834,994245,6,Baghdad,3
100006,Male,Yes,31,Yes,Trader,16,2063569,11493382,5,Diyala,5
100007,Female,Yes,39,Yes,Engineer,6,2623882,15508042,3,Baghdad,5
100008,Male,No,20,Yes,Unemployed,0,369230,453534,2,Diyala,6
100009,Male,Yes,37,No,Government_Employee,3,772295,3718938,4,Erbil,2
100010,Female,Yes,35,Yes,Trader,5,3358233,17239558,4,Mosul,5
100011,Female,Yes,62,No,Retired,18,880898,8481288,3,Basra,4
100012,Male,Yes,84,No,Retired,28,654842,6198605,2,Najaf,4
100013,Female,Yes,30,No,Teacher,7,863213,3887557,3,Basra,6
100014,Male,No,20,Yes,Private_Sector,2,432269,307338,3,Baghdad,6
100015,Female,Yes,31,No,Private_Sector,11,786319,2383129,5,Basra,6
100016,Female,Yes,53,No,Driver,13,513050,834207,6,Baghdad,1
100017,Female,No,20,No,Private_Sector,0,361280,362040,2,Anbar,6
100018,Male,Yes,41,Yes,Private_Sector,6,1175558,2542188,4,Anbar,6
100019,Female,No,31,No,Laborer,17,452861,745690,7,Najaf,3
100020,Male,No,26,Yes,Laborer,0,150000,413700,2,Sulaymaniyah,3
100021,Male,Yes,48,No,Trader,16,3814019,8758561,3,Baghdad,5
100022,Male,Yes,44,No,Homemaker,18,443442,958102,4,Erbil,1
100023,Male,Yes,35,No,Teacher,5,715896,1871223,4,Erbil,6
100024,Female,Yes,44,No,Trader,10,2897350,9807980,3,Baghdad,5
100025,Female,Yes,51,No,Homemaker,16,660686,314581,7,Erbil,1
100026,Male,No,25,No,Laborer,1,351457,463831,2,Dhi_Qar,3
100027,Male,Yes,32,Yes,Doctor,13,2036422,8962295,3,Erbil,5
100028,Female,Yes,70,No,Retired,25,270462,7252325,1,Baghdad,4
100029,Male,Yes,72,No,Retired,21,487948,6273471,2,Sulaymaniyah,4
100030,Male,Yes,30,Yes,Teacher,6,603312,1098850,5,Anbar,6
100031,Female,No,25,No,Laborer,0,394941,628906,2,Sulaymaniyah,3
100032,Male,Yes,30,Yes,Trader,15,2872762,25767696,5,Diyala,5
100033,Male,Yes,30,Yes,Government_Employee,7,1036348,2541627,3,Baghdad,2
100034,Female,Yes,39,No,Engineer,13,1318407,11263095,4,Mosul,5
100035,Female,Yes,35,Yes,Government_Employee,3,754183,1789558,4,Mosul,2
100036,Male,Yes,63,Yes,Retired,28,827777,6537561,2,Sulaymaniyah,4
100037,Male,Yes,78,No,Retired,15,598135,1770118,1,Mosul,4
100038,Female,Yes,31,Yes,Private_Sector,5,818104,1296056,3,Baghdad,6
100039,Female,Yes,33,Yes,Trader,7,2459046,19746467,6,Baghdad,5
100040,Male,Yes,29,No,Government_Employee,4,969709,2787984,3,Anbar,2
100041,Female,Yes,29,Yes,Government_Employee,9,642723,2741260,4,Basra,2
100042,Male,No,36,No,Government_Employee,7,1021249,2500093,5,Karbala,2
100043,Male,Yes,73,Yes,Retired,15,516195,5437947,2,Erbil,4
100044,Female,Yes,38,Yes,Private_Sector,9,1054914,3190262,5,Baghdad,6
100045,Male,Yes,30,Yes,Private_Sector,10,945318,2981344,3,Baghdad,6
100046,Female,Yes,71,No,Retired,22,665450,5620646,3,Basra,4
100047,Male,Yes,37,No,Private_Sector,11,634312,2496191,4,Basra,6
100048,Male,Yes,51,No,Driver,6,363561,536640,4,Sulaymaniyah,1
100049,Male,No,20,No,Unemployed,2,244096,623485,2,Mosul,6
100050,Male,No,74,No,Retired,15,488501,5284997,1,Baghdad,4
100051,Male,Yes,28,Yes,Private_Sector,7,748289,3700400,3,Baghdad,6
100052,Female,Yes,33,Yes,Teacher,3,855170,3011911,5,Baghdad,6
100053,Female,Yes,37,Yes,Trader,12,1432676,14956320,3,Baghdad,5
100054,Female,No,34,Yes,Trader,17,2517162,17158514,6,Baghdad,5
100055,Female,Yes,40,Yes,Government_Employee,5,952019,2628092,5,Basra,2
100056,Male,No,21,No,Unemployed,1,306749,301613,2,Baghdad,6
100057,Male,No,26,Yes,Laborer,0,263403,315732,2,Karbala,3
100058,Female,Yes,74,Yes,Retired,16,819810,6233972,3,Baghdad,4
100059,Female,Yes,52,Yes,Engineer,5,2714842,4443060,5,Baghdad,5
100060,Female,Yes,69,Yes,Retired,24,649091,8356788,1,Erbil,4
100061,Female,Yes,37,No,Driver,19,564391,861884,6,Mosul,1
100062,Male,No,83,Yes,Retired,23,556734,11418168,3,Basra,4
100063,Male,No,21,Yes,Student,1,309253,542150,2,Basra,0
100064,Female,No,29,No,Government_Employee,9,759580,2652636,4,Mosul,2
100065,Female,Yes,43,No,Trader,14,2400546,14563425,3,Baghdad,5
100066,Male,Yes,35,No,Government_Employee,10,649105,1914209,3,Erbil,2
100067,Male,Yes,31,Yes,Laborer,10,453538,671984,4,Diyala,3
100068,Male,Yes,52,No,Driver,7,477143,1150608,8,Baghdad,1
100069,Female,Yes,76,Yes,Retired,15,677812,4896550,1,Baghdad,4
100070,Male,Yes,44,Yes,Trader,9,2369323,12870648,4,Sulaymaniyah,5
100071,Female,No,60,Yes,Retired,21,328655,7641410,4,Dhi_Qar,4
100072,Male,Yes,22,Yes,Private_Sector,0,339491,2099,2,Anbar,6
100073,Female,Yes,34,No,Government_Employee,5,1249317,2892686,3,Erbil,2
100074,Male,Yes,33,No,Government_Employee,9,1037580,2851168,5,Dhi_Qar,2
100075,Female,Yes,66,No,Retired,16,448410,5926231,1,Basra,4
100076,Male,Yes,33,Yes,Trader,5,1690912,19671177,6,Basra,5
100077,Male,No,22,Yes,Private_Sector,2,444844,258034,3,Anbar,6
100078,Male,Yes,32,No,Government_Employee,7,919576,2972787,4,Erbil,2
100079,Male,No,30,Yes,Private_Sector,8,900835,2597280,3,Basra,6
100080,Female,Yes,31,No,Private_Sector,7,1002375,2503071,3,Anbar,6
100081,Female,No,25,Yes,Student,1,348864,210801,1,Najaf,0
100082,Male,Yes,30,Yes,Government_Employee,5,1239803,2471180,5,Baghdad,2
100083,Female,Yes,28,Yes,Government_Employee,11,866087,2205584,5,Basra,2
100084,Male,Yes,65,No,Retired,27,469511,8568213,3,Karbala,4
100085,Male,Yes,78,No,Retired,22,552496,6401658,3,Dhi_Qar,4
100086,Female,Yes,39,Yes,Trader,17,2381937,12406228,5,Basra,5
100087,Male,Yes,41,Yes,Teacher,10,901500,2333741,3,Mosul,6
100088,Male,No,77,Yes,Retired,17,583619,7441621,2,Baghdad,4
100089,Male,Yes,50,No,Laborer,3,376419,421632,8,Erbil,3
100090,Female,Yes,81,No,Retired,27,682280,10268825,2,Baghdad,4
100091,Female,Yes,64,No,Retired,21,628833,6076252,1,Sulaymaniyah,4
100092,Male,Yes,31,No,Driver,3,625506,779323,4,Karbala,1
100093,Female,No,25,No,Private_Sector,1,450202,262641,3,Baghdad,6
100094,Male,Yes,54,No,Driver,19,303006,786281,5,Erbil,1
100095,Female,Yes,41,Yes,Private_Sector,9,799702,2738760,3,Karbala,6
100096,Male,Yes,54,No,Trader,14,3391438,9469831,3,Anbar,5
100097,Female,Yes,75,Yes,Retired,26,686877,3057339,3,Sulaymaniyah,4
100098,Female,No,72,Yes,Retired,15,503334,5013668,3,Anbar,4
100099,Female,No,19,No,Student,1,493128,398163,2,Anbar,0
100100,Female,No,77,Yes,Retired,21,618286,7912030,2,Mosul,4
100101,Female,Yes,21,Yes,Unemployed,2,279259,327719,2,Diyala,6
100102,Male,Yes,29,Yes,Private_Sector,8,1005297,1570410,5,Anbar,6
100103,Male,Yes,80,No,Retired,27,699774,5278158,2,Karbala,4
100104,Male,No,28,No,Government_Employee,5,926244,3217766,3,Baghdad,2
100105,Male,Yes,52,Yes,Trader,9,1631745,10376850,5,Baghdad,5
100106,Female,No,76,No,Retired,23,478491,2887924,3,Baghdad,4
100107,Male,Yes,77,No,Retired,20,570905,6066837,1,Erbil,4
100108,Female,Yes,63,Yes,Retired,29,813161,9304344,3,Basra,4
100109,Female,No,22,No,Student,2,190652,504328,1,Erbil,0
100110,Female,No,37,Yes,Government_Employee,4,1007016,2887109,4,Mosul,2
100111,Female,Yes,38,Yes,Government_Employee,4,746369,2605074,4,Baghdad,2
100112,Female,No,21,Yes,Unemployed,2,360201,382608,2,Baghdad,6
100113,Female,No,33,Yes,Trader,6,2365362,11633591,5,Baghdad,5
100114,Male,Yes,44,Yes,Engineer,12,1860048,14505781,3,Karbala,5
100115,Male,Yes,80,No,Retired,22,408184,5631842,4,Najaf,4
100116,Male,No,41,Yes,Driver,12,427756,980690,8,Baghdad,1
100117,Male,No,24,Yes,Laborer,1,158690,535051,3,Basra,3
100118,Male,Yes,39,Yes,Government_Employee,9,701856,2584296,5,Anbar,2
100119,Female,Yes,82,Yes,Retired,22,569241,2982206,4,Diyala,4
100120,Female,No,18,No,Unemployed,2,461795,359966,1,Erbil,6
100121,Male,Yes,40,Yes,Government_Employee,9,648598,2542909,5,Baghdad,2
100122,Male,No,31,Yes,Engineer,11,1325103,20905442,4,Baghdad,5
100123,Male,No,22,No,Student,0,261869,364974,3,Najaf,0
100124,Female,Yes,62,Yes,Retired,22,564712,9711492,3,Mosul,4
100125,Female,No,30,No,Driver,8,556775,1167423,5,Erbil,1
100126,Male,No,22,Yes,Laborer,0,466663,555369,3,Baghdad,3
100127,Male,Yes,33,No,Trader,10,3495906,15891900,5,Erbil,5
100128,Female,Yes,58,No,Retired,28,457025,4855736,2,Erbil,4
100129,Male,Yes,33,No,Driver,4,463435,0,8,Diyala,1
100130,Female,Yes,41,No,Government_Employee,4,909442,2168257,4,Baghdad,2
100131,Male,No,21,No,Laborer,2,260289,417476,1,Erbil,3
100132,Male,Yes,42,No,Laborer,7,638800,440244,5,Baghdad,3
100133,Female,Yes,37,No,Laborer,11,531006,1212467,6,Sulaymaniyah,3
100134,Male,No,26,Yes,Student,2,214241,447300,2,Karbala,0
100135,Male,Yes,32,Yes,Government_Employee,5,801384,770554,4,Erbil,2
100136,Male,Yes,78,No,Retired,25,628201,3897359,2,Baghdad,4
100137,Female,Yes,65,No,Retired,20,609537,7014264,4,Baghdad,4
100138,Male,No,18,No,Private_Sector,1,604945,422243,3,Erbil,6
100139,Female,Yes,60,No,Retired,18,893757,5229054,4,Erbil,4
100140,Male,No,77,No,Retired,16,565859,5766556,2,Mosul,4
100141,Male,Yes,51,Yes,Trader,10,2408636,18509889,6,Karbala,5
100142,Male,No,20,No,Laborer,1,270845,250764,1,Najaf,3
100143,Male,No,21,No,Private_Sector,0,254185,129092,1,Anbar,6
100144,Female,Yes,33,Yes,Government_Employee,6,1141420,1716203,3,Erbil,2
100145,Male,Yes,60,Yes,Retired,17,771999,5526573,1,Mosul,4
100146,Male,No,20,Yes,Laborer,1,416420,436782,3,Najaf,3
100147,Male,No,19,No,Student,0,371451,553623,1,Erbil,0
100148,Male,Yes,40,Yes,Private_Sector,10,828537,1567453,3,Mosul,6
100149,Female,No,18,No,Student,0,405789,139180,3,Najaf,0
100150,Male,No,21,Yes,Laborer,2,286945,428663,2,Erbil,3
100151,Male,No,18,Yes,Student,1,553868,726472,1,Erbil,0
100152,Female,No,38,Yes,Trader,11,2115664,21316007,6,Baghdad,5
100153,Female,Yes,79,No,Retired,19,579784,3814644,4,Baghdad,4
100154,Male,Yes,35,Yes,Government_Employee,4,1026481,1405786,5,Najaf,2
100155,Female,No,26,Yes,Unemployed,2,449484,380648,1,Najaf,6
100156,Female,No,37,Yes,Teacher,3,538275,2867259,3,Karbala,6
100157,Female,No,30,Yes,Trader,7,3170392,21478773,6,Dhi_Qar,5
100158,Male,Yes,54,Yes,Laborer,15,559945,695306,6,Baghdad,3
100159,Female,Yes,30,No,Laborer,3,386057,1045099,7,Baghdad,3
100160,Male,Yes,35,No,Government_Employee,6,912021,3096700,3,Mosul,2
100161,Male,No,21,No,Student,0,483731,489247,2,Diyala,0
100162,Male,No,80,Yes,Retired,25,607657,5055392,1,Baghdad,4
100163,Male,Yes,45,No,Homemaker,15,350722,1274495,4,Dhi_Qar,1
100164,Female,Yes,28,No,Government_Employee,7,844123,3206235,5,Erbil,2
100165,Female,Yes,65,Yes,Retired,17,770084,7374663,2,Sulaymaniyah,4
100166,Male,Yes,35,No,Driver,5,715002,772310,7,Anbar,1
100167,Male,Yes,34,Yes,Trader,15,1434844,13193407,6,Baghdad,5
100168,Female,Yes,33,No,Laborer,12,227492,558482,7,Karbala,3
100169,Female,No,19,No,Student,1,393314,94085,2,Mosul,0
100170,Male,Yes,41,Yes,Teacher,7,629531,2571431,4,Baghdad,6
100171,Female,Yes,30,Yes,Government_Employee,11,724112,1404627,5,Mosul,2
100172,Male,No,22,No,Student,1,387771,408996,3,Mosul,0
100173,Male,Yes,41,No,Homemaker,15,461807,1008647,6,Sulaymaniyah,1
100174,Male,No,24,No,Unemployed,2,314424,554646,1,Sulaymaniyah,6
100175,Female,Yes,64,No,Retired,18,359929,4365465,4,Baghdad,4
100176,Male,Yes,24,No,Private_Sector,1,269318,52066,2,Najaf,6
100177,Female,Yes,28,Yes,Government_Employee,4,922015,3073609,4,Baghdad,2
100178,Male,No,31,Yes,Government_Employee,6,253195,2698366,3,Mosul,2
100179,Female,No,18,No,Student,1,223904,94943,1,Anbar,0
100180,Female,Yes,51,Yes,Engineer,6,1416026,20270781,6,Sulaymaniyah,5
100181,Female,Yes,40,No,Engineer,16,1244366,10736694,5,Mosul,5
100182,Female,Yes,41,No,Government_Employee,3,1032785,2441023,4,Karbala,2
100183,Male,No,81,No,Retired,18,587048,7752246,4,Baghdad,4
100184,Female,No,23,No,Student,2,293729,765990,3,Mosul,0
100185,Male,No,25,Yes,Private_Sector,0,281297,290201,1,Baghdad,6
100186,Female,Yes,41,No,Government_Employee,6,816206,3047936,3,Baghdad,2
100187,Male,No,36,Yes,Government_Employee,9,1116220,3375994,3,Baghdad,2
100188,Male,No,21,Yes,Unemployed,2,307304,186014,3,Baghdad,6
100189,Female,Yes,40,Yes,Homemaker,8,450647,1183074,6,Mosul,1
100190,Male,Yes,66,Yes,Retired,20,543286,9351503,4,Mosul,4
100191,Male,No,20,Yes,Student,2,300950,21556,2,Dhi_Qar,0
100192,Male,Yes,39,No,Private_Sector,7,959150,3028842,4,Sulaymaniyah,6
100193,Female,Yes,34,Yes,Private_Sector,4,940713,2383632,5,Dhi_Qar,6
100194,Female,Yes,31,Yes,Teacher,6,894920,3076303,3,Mosul,6
100195,Female,No,41,Yes,Government_Employee,7,861880,2120192,3,Baghdad,2
100196,Female,Yes,53,Yes,Engineer,10,3076840,11762337,6,Najaf,5
100197,Female,Yes,37,No,Homemaker,5,339750,579486,5,Basra,1
100198,Female,Yes,32,No,Government_Employee,4,647057,3041382,3,Diyala,2
100199,Female,Yes,58,No,Retired,17,522234,6875117,3,Mosul,4
100200,Female,Yes,54,Yes,Engineer,11,2658755,22635824,3,Erbil,5
100201,Male,No,69,Yes,Retired,17,577538,7523689,1,Erbil,4
100202,Male,No,23,No,Unemployed,0,406998,489441,3,Mosul,6
100203,Male,Yes,65,No,Retired,29,221200,4140676,1,Baghdad,4
100204,Male,Yes,30,No,Laborer,11,301020,837665,8,Mosul,3
100205,Female,Yes,48,Yes,Trader,9,2642667,3753679,5,Sulaymaniyah,5
100206,Female,Yes,37,Yes,Teacher,9,1112857,2572805,3,Basra,6
100207,Female,Yes,69,No,Retired,15,554266,2766968,4,Karbala,4
100208,Female,Yes,62,No,Retired,25,673302,8054701,4,Mosul,4
100209,Female,No,77,Yes,Retired,25,585291,4976521,2,Basra,4
100210,Female,Yes,23,No,Unemployed,1,314704,374025,3,Baghdad,6
100211,Male,Yes,51,No,Laborer,8,448380,685668,5,Dhi_Qar,3
100212,Female,No,33,No,Driver,14,309671,754287,7,Dhi_Qar,1
100213,Female,Yes,36,Yes,Private_Sector,3,1394740,2495940,3,Dhi_Qar,6
100214,Male,Yes,43,Yes,Trader,8,2721250,6864980,6,Baghdad,5
100215,Male,No,24,No,Laborer,0,357956,614393,2,Erbil,3
100216,Female,Yes,37,No,Driver,8,373008,914653,7,Basra,1
100217,Female,Yes,76,No,Retired,27,862912,4735238,3,Dhi_Qar,4
100218,Female,Yes,36,Yes,Trader,7,3057022,13754855,5,Erbil,5
100219,Male,Yes,82,Yes,Retired,17,667644,7995825,4,Karbala,4
100220,Male,No,18,Yes,Laborer,1,347912,318199,1,Erbil,3
100221,Male,Yes,29,No,Private_Sector,5,1248789,2529720,3,Baghdad,6
100222,Female,Yes,29,Yes,Private_Sector,9,997869,1132990,3,Erbil,6
100223,Female,No,36,Yes,Trader,5,1897674,18814549,5,Sulaymaniyah,5
100224,Male,No,23,No,Student,0,528479,182226,2,Diyala,0
100225,Male,Yes,36,No,Laborer,3,478033,1139862,4,Karbala,3
100226,Female,Yes,33,Yes,Teacher,4,1047674,3833010,4,Sulaymaniyah,6
100227,Male,No,28,No,Private_Sector,7,754695,2850408,3,Najaf,6
100228,Male,No,26,No,Unemployed,1,429437,350072,2,Basra,6
100229,Female,Yes,84,No,Retired,23,727978,6257156,3,Baghdad,4
100230,Male,Yes,84,Yes,Retired,15,676628,2019278,3,Basra,4
100231,Female,Yes,30,No,Trader,10,3034965,9390146,5,Mosul,5
100232,Female,Yes,38,No,Private_Sector,3,843859,2121013,5,Najaf,6
100233,Female,Yes,80,No,Retired,24,554710,7161548,2,Najaf,4
100234,Male,Yes,24,No,Student,1,405566,253309,1,Sulaymaniyah,0
100235,Female,Yes,61,Yes,Retired,29,716568,7177497,2,Najaf,4
100236,Male,Yes,48,Yes,Trader,14,2531120,23142462,5,Sulaymaniyah,5
100237,Male,Yes,33,Yes,Government_Employee,11,843974,2315114,5,Baghdad,2
100238,Female,Yes,44,No,Trader,5,1783736,12587190,4,Sulaymaniyah,5
100239,Male,Yes,33,No,Trader,12,1928253,20713356,6,Baghdad,5
100240,Male,No,34,Yes,Teacher,5,805833,1440013,5,Sulaymaniyah,6
100241,Male,No,84,No,Retired,27,761815,9589523,1,Baghdad,4
100242,Female,Yes,40,No,Government_Employee,4,1106959,2310152,3,Baghdad,2
100243,Female,Yes,35,No,Homemaker,6,623851,960376,5,Baghdad,1
100244,Female,Yes,78,No,Retired,24,707231,6560452,2,Baghdad,4
100245,Male,Yes,19,No,Student,2,413725,437421,1,Karbala,0
100246,Female,Yes,41,Yes,Trader,16,3719379,12933825,5,Baghdad,5
100247,Male,No,41,Yes,Private_Sector,7,771352,2622876,5,Basra,6
100248,Male,Yes,58,No,Retired,16,414171,10754320,3,Mosul,4
100249,Female,Yes,40,Yes,Doctor,14,2541043,11105869,6,Anbar,5
100250,Male,Yes,35,Yes,Private_Sector,8,1122372,1344249,5,Mosul,6
100251,Female,Yes,36,No,Laborer,7,450367,769258,6,Sulaymaniyah,3
100252,Female,No,25,Yes,Private_Sector,1,322522,522124,3,Najaf,6
100253,Female,No,39,No,Doctor,8,2418730,11177072,3,Karbala,5
100254,Female,No,34,Yes,Government_Employee,4,551945,1787042,5,Dhi_Qar,2
100255,Female,No,26,No,Unemployed,0,293847,423900,3,Najaf,6
100256,Female,No,60,No,Retired,15,509780,8113070,2,Anbar,4
100257,Female,Yes,48,Yes,Trader,5,1886300,12269589,3,Najaf,5
100258,Female,Yes,47,No,Driver,4,283018,473729,4,Sulaymaniyah,1
100259,Female,Yes,38,Yes,Engineer,13,2268654,15729869,6,Basra,5
100260,Male,Yes,39,No,Government_Employee,5,946723,1696047,5,Basra,2
100261,Male,Yes,47,No,Driver,5,374905,555858,4,Karbala,1
100262,Female,No,25,Yes,Laborer,2,255316,283624,2,Basra,3
100263,Female,No,24,No,Student,1,315223,334343,3,Baghdad,0
100264,Male,No,59,No,Retired,28,684151,8638382,1,Anbar,4
100265,Female,Yes,28,Yes,Private_Sector,8,1133313,2330324,4,Sulaymaniyah,6
100266,Male,No,40,No,Government_Employee,6,1137862,2512633,5,Sulaymaniyah,2
100267,Male,Yes,32,No,Laborer,15,539068,1044132,4,Diyala,3
100268,Female,Yes,39,Yes,Teacher,3,921399,2347941,5,Basra,6
100269,Male,Yes,51,Yes,Laborer,10,457856,880716,8,Dhi_Qar,3
100270,Female,Yes,47,Yes,Doctor,9,1412312,13580947,3,Mosul,5
100271,Female,Yes,32,Yes,Government_Employee,7,963634,1752768,3,Baghdad,2
100272,Female,No,19,No,Unemployed,2,436165,205786,1,Baghdad,6
100273,Female,Yes,31,No,Government_Employee,3,1041150,2293600,3,Erbil,2
100274,Male,No,36,No,Laborer,12,850253,629808,5,Basra,3
100275,Female,Yes,29,No,Private_Sector,11,1135496,4700017,3,Baghdad,6
100276,Male,No,21,No,Unemployed,1,428336,486582,2,Basra,6
100277,Female,Yes,28,No,Government_Employee,9,838596,3740505,4,Baghdad,2
100278,Male,Yes,40,No,Homemaker,16,532910,698173,5,Karbala,1
100279,Female,No,25,Yes,Student,2,325953,22819,3,Basra,0
100280,Male,No,62,No,Retired,26,688720,4680424,2,Baghdad,4
100281,Female,Yes,25,No,Unemployed,1,455775,285729,2,Najaf,6
100282,Male,Yes,45,No,Homemaker,4,636675,550190,8,Sulaymaniyah,1
100283,Male,Yes,53,Yes,Engineer,19,1774511,17785884,6,Dhi_Qar,5
100284,Male,Yes,20,Yes,Student,1,467628,337955,2,Sulaymaniyah,0
100285,Female,Yes,52,Yes,Driver,11,418239,609985,7,Baghdad,1
100286,Male,No,28,Yes,Government_Employee,7,1165613,2577488,3,Mosul,2
100287,Female,Yes,66,Yes,Retired,21,596713,4948270,2,Basra,4
100288,Female,Yes,54,No,Trader,18,1961465,12370314,3,Sulaymaniyah,5
100289,Female,No,21,No,Laborer,2,500617,465251,3,Baghdad,3
100290,Male,No,18,No,Student,1,404748,381001,3,Najaf,0
100291,Male,No,18,No,Unemployed,0,458336,565947,2,Basra,6
100292,Female,No,19,No,Student,1,330817,306660,1,Basra,0
100293,Male,No,25,No,Student,0,377967,78858,3,Baghdad,0
100294,Female,No,24,No,Student,1,376420,205269,2,Anbar,0
100295,Female,No,33,No,Laborer,18,737651,745157,7,Baghdad,3
100296,Male,No,23,Yes,Laborer,2,205531,598899,2,Baghdad,3
100297,Female,Yes,50,Yes,Trader,9,4021084,6236339,4,Diyala,5
100298,Male,No,22,No,Unemployed,2,303551,251708,2,Erbil,6
100299,Female,No,20,Yes,Student,2,446500,711254,3,Sulaymaniyah,0
100300,Female,Yes,71,Yes,Retired,18,658442,8300381,4,Karbala,4
100301,Female,Yes,36,No,Driver,11,447469,1150033,7,Baghdad,1
100302,Male,Yes,37,No,Government_Employee,10,864493,2849379,5,Basra,2
100303,Male,No,23,No,Student,0,462177,596792,1,Najaf,0
100304,Male,No,46,No,Driver,15,409680,820590,6,Anbar,1
100305,Male,Yes,19,Yes,Student,2,460946,518248,3,Baghdad,0
100306,Female,Yes,30,No,Government_Employee,11,747333,3587769,3,Erbil,2
100307,Female,Yes,37,Yes,Trader,7,2319747,18328895,5,Baghdad,5
100308,Male,Yes,40,No,Homemaker,3,497654,6694,5,Najaf,1
100309,Male,Yes,59,Yes,Retired,29,847781,6735216,2,Baghdad,4
100310,Female,Yes,53,Yes,Trader,19,1458367,23473254,3,Baghdad,5
100311,Male,Yes,34,No,Government_Employee,3,832958,2034810,4,Baghdad,2
100312,Male,Yes,63,No,Retired,20,568131,2112097,4,Karbala,4
100313,Female,Yes,36,No,Laborer,11,334720,847966,8,Baghdad,3
100314,Female,No,36,Yes,Homemaker,9,376933,1172166,4,Karbala,1
100315,Female,Yes,67,No,Retired,15,513961,4743380,2,Basra,4
100316,Female,No,23,Yes,Student,2,329362,269703,2,Baghdad,0
100317,Female,Yes,36,Yes,Government_Employee,10,760128,2871910,3,Baghdad,2
100318,Male,Yes,44,Yes,Doctor,8,3439843,17718655,5,Mosul,5
100319,Female,No,40,No,Trader,5,981829,15011037,3,Mosul,5
100320,Female,No,64,No,Retired,28,539147,5674737,1,Mosul,4
100321,Male,Yes,38,Yes,Government_Employee,9,874925,981597,5,Sulaymaniyah,2
100322,Female,Yes,65,Yes,Retired,18,1052703,3525858,4,Diyala,4
100323,Male,Yes,39,No,Teacher,9,866706,3580072,4,Basra,6
100324,Male,Yes,71,No,Retired,16,669517,6898209,1,Baghdad,4
100325,Male,No,23,No,Unemployed,1,298527,454399,1,Anbar,6
100326,Female,Yes,39,Yes,Trader,9,1977876,25109211,4,Erbil,5
100327,Female,No,26,No,Unemployed,2,410152,81146,3,Karbala,6
100328,Male,No,24,Yes,Private_Sector,1,168613,83785,3,Baghdad,6
100329,Male,Yes,45,Yes,Laborer,14,310578,558419,8,Diyala,3
100330,Male,No,34,Yes,Teacher,4,815733,3025314,3,Mosul,6
100331,Female,Yes,52,No,Homemaker,12,461827,1169434,4,Najaf,1
100332,Female,Yes,30,Yes,Trader,17,1479891,14920226,4,Anbar,5
100333,Male,No,23,No,Unemployed,0,520579,387439,3,Basra,6
100334,Female,Yes,63,No,Retired,28,454556,4610258,1,Sulaymaniyah,4
100335,Female,No,21,No,Private_Sector,1,255851,556377,3,Najaf,6
100336,Female,Yes,82,No,Retired,21,567333,7701793,1,Dhi_Qar,4
100337,Female,Yes,25,Yes,Laborer,1,357872,532405,1,Dhi_Qar,3
100338,Male,No,60,No,Retired,26,553288,4356846,3,Dhi_Qar,4
100339,Male,No,24,No,Student,0,304027,589551,3,Basra,0
100340,Female,Yes,31,Yes,Government_Employee,7,760921,577762,4,Basra,2
100341,Female,Yes,33,No,Homemaker,4,504968,552764,8,Baghdad,1
100342,Male,Yes,31,Yes,Engineer,12,2889865,11416164,5,Basra,5
100343,Male,Yes,79,No,Retired,17,804917,7836040,4,Erbil,4
100344,Female,Yes,58,No,Retired,23,712033,6309235,2,Najaf,4
100345,Male,No,20,Yes,Laborer,2,403611,552961,1,Anbar,3
100346,Male,Yes,72,Yes,Retired,27,336020,5077413,3,Baghdad,4
100347,Female,No,43,No,Laborer,15,447744,582688,7,Sulaymaniyah,3
100348,Female,No,21,Yes,Private_Sector,1,272613,275763,1,Diyala,6
100349,Female,Yes,45,Yes,Doctor,17,3392137,10812611,6,Najaf,5
100350,Female,Yes,41,No,Government_Employee,10,684240,3417687,3,Baghdad,2
100351,Female,Yes,63,Yes,Retired,20,499702,5415135,2,Mosul,4
100352,Female,No,18,No,Private_Sector,2,448224,483202,1,Mosul,6
100353,Female,Yes,35,Yes,Engineer,17,3116627,17249046,5,Baghdad,5
100354,Female,Yes,65,No,Retired,25,576843,5601312,3,Najaf,4
100355,Male,No,61,No,Retired,23,605455,2956421,3,Baghdad,4
100356,Female,No,20,No,Laborer,0,467068,366519,1,Mosul,3
100357,Male,Yes,76,No,Retired,18,316366,3080432,1,Mosul,4
100358,Male,Yes,40,Yes,Teacher,8,1031273,816980,3,Najaf,6
100359,Male,No,60,Yes,Retired,17,599004,6822999,2,Erbil,4
100360,Male,Yes,42,Yes,Trader,9,3392567,13706467,6,Anbar,5
100361,Male,No,20,No,Private_Sector,0,257397,412702,3,Najaf,6
100362,Female,Yes,59,No,Retired,29,781786,5118734,3,Basra,4
100363,Male,Yes,62,No,Retired,29,455990,5403827,4,Basra,4
100364,Female,Yes,82,No,Retired,29,671270,8367884,2,Baghdad,4
100365,Female,Yes,36,No,Homemaker,16,250718,287829,7,Mosul,1
100366,Female,Yes,31,Yes,Government_Employee,8,668193,2327285,5,Baghdad,2
100367,Male,Yes,34,No,Private_Sector,10,876508,2737917,3,Erbil,6
100368,Male,No,24,Yes,Student,0,333470,639560,3,Baghdad,0
100369,Female,Yes,50,Yes,Trader,15,2758956,18059926,4,Najaf,5
100370,Male,Yes,32,Yes,Government_Employee,3,793291,3762826,3,Basra,2
100371,Male,Yes,30,No,Government_Employee,6,948002,959402,5,Erbil,2
100372,Male,Yes,34,No,Teacher,11,936548,2570046,4,Dhi_Qar,6
100373,Male,Yes,34,Yes,Government_Employee,4,1049685,2088256,4,Diyala,2
100374,Female,No,23,No,Unemployed,2,438417,545236,2,Baghdad,6
100375,Female,Yes,50,Yes,Trader,14,2579332,20846253,6,Baghdad,5
100376,Female,Yes,32,No,Government_Employee,9,826135,3060932,5,Baghdad,2
100377,Male,Yes,33,No,Government_Employee,8,877290,2680100,5,Mosul,2
100378,Female,Yes,42,No,Laborer,19,454709,964667,5,Diyala,3
100379,Female,No,18,No,Student,0,281114,262726,1,Dhi_Qar,0
100380,Female,Yes,35,Yes,Engineer,15,2153500,13441257,4,Baghdad,5
100381,Female,Yes,42,No,Engineer,7,3138647,19588984,5,Baghdad,5
100382,Male,Yes,39,Yes,Teacher,11,1086774,3273678,4,Baghdad,6
100383,Male,Yes,50,Yes,Engineer,13,2103101,22466412,3,Diyala,5
100384,Male,Yes,30,No,Laborer,10,476573,551719,4,Najaf,3
100385,Male,Yes,33,Yes,Teacher,9,834021,2294471,4,Mosul,6
100386,Male,Yes,80,Yes,Retired,20,337474,2998796,1,Mosul,4
100387,Female,No,65,Yes,Retired,29,720745,4105375,2,Mosul,4
100388,Female,Yes,29,No,Government_Employee,9,628297,1662671,4,Baghdad,2
100389,Male,Yes,54,No,Laborer,15,420586,619626,6,Basra,3
100390,Female,Yes,38,Yes,Trader,6,1921440,18905874,4,Mosul,5
100391,Female,No,39,Yes,Trader,6,2744480,19136405,3,Baghdad,5
100392,Male,Yes,66,No,Retired,26,634598,9499167,4,Baghdad,4
100393,Male,Yes,34,No,Teacher,10,747448,1975449,3,Baghdad,6
100394,Male,Yes,84,No,Retired,29,654447,6391430,3,Baghdad,4
100395,Female,No,32,Yes,Government_Employee,11,890532,2804358,4,Diyala,2
100396,Female,Yes,49,Yes,Driver,11,304566,552410,5,Dhi_Qar,1
100397,Female,Yes,36,Yes,Trader,18,2346131,21799039,5,Anbar,5
100398,Male,Yes,39,Yes,Teacher,4,990127,2889872,3,Najaf,6
100399,Female,Yes,38,Yes,Government_Employee,8,481073,1787745,4,Baghdad,2
100400,Male,Yes,32,No,Laborer,4,408557,708717,8,Dhi_Qar,3
100401,Male,Yes,73,Yes,Retired,21,803595,3017931,4,Mosul,4
100402,Female,Yes,47,Yes,Doctor,10,888693,16642208,6,Erbil,5
100403,Female,Yes,32,Yes,Teacher,9,834919,3029387,4,Anbar,6
100404,Male,No,33,No,Government_Employee,3,988235,1547985,3,Mosul,2
100405,Male,Yes,38,No,Driver,11,602754,741173,4,Erbil,1
100406,Male,No,24,Yes,Private_Sector,0,201865,403101,2,Basra,6
100407,Female,No,53,No,Homemaker,5,375614,421386,8,Baghdad,1
100408,Male,Yes,42,Yes,Laborer,14,612986,1371759,7,Baghdad,3
100409,Female,Yes,33,No,Government_Employee,4,1109827,2087477,5,Mosul,2
100410,Male,No,40,Yes,Government_Employee,10,947153,3633907,3,Basra,2
100411,Female,Yes,51,Yes,Engineer,7,2627071,22636392,4,Sulaymaniyah,5
100412,Female,Yes,73,No,Retired,15,555195,1585445,2,Baghdad,4
100413,Female,No,43,No,Driver,19,517276,668323,4,Anbar,1
100414,Male,No,36,No,Laborer,14,382618,603640,7,Basra,3
100415,Female,No,28,No,Government_Employee,3,629038,2438508,3,Baghdad,2
100416,Male,Yes,21,No,Laborer,0,279916,304868,1,Basra,3
100417,Male,Yes,30,Yes,Trader,5,3708777,12927981,4,Baghdad,5
100418,Female,Yes,40,Yes,Trader,5,2568928,10939264,5,Basra,5
100419,Female,Yes,61,No,Retired,21,577707,5580810,1,Najaf,4
100420,Male,No,21,No,Student,2,399866,408732,2,Sulaymaniyah,0
100421,Male,Yes,35,Yes,Trader,15,2698256,11883830,6,Basra,5
100422,Female,Yes,38,No,Homemaker,17,404832,1359832,7,Erbil,1
100423,Female,Yes,41,No,Homemaker,19,439227,621313,6,Mosul,1
100424,Female,Yes,32,No,Laborer,17,283998,1119267,5,Basra,3
100425,Male,Yes,30,No,Driver,5,487137,905299,4,Basra,1
100426,Female,Yes,43,No,Driver,7,360363,684076,6,Sulaymaniyah,1
100427,Male,No,20,Yes,Student,1,417082,464941,3,Mosul,0
100428,Male,Yes,51,No,Laborer,7,438020,973600,6,Erbil,3
100429,Male,Yes,40,Yes,Teacher,5,1032638,4725386,3,Erbil,6
100430,Male,Yes,34,Yes,Government_Employee,9,1085010,3234380,5,Diyala,2
100431,Male,Yes,28,Yes,Government_Employee,7,1260160,2630336,3,Baghdad,2
100432,Female,Yes,33,Yes,Driver,13,636489,783472,4,Anbar,1
100433,Male,No,37,Yes,Trader,17,3375425,11460633,3,Mosul,5
100434,Male,No,29,No,Private_Sector,11,842590,2749805,3,Baghdad,6
100435,Female,Yes,36,Yes,Private_Sector,3,1008615,2172951,3,Baghdad,6
100436,Male,Yes,31,No,Driver,4,403706,557501,6,Dhi_Qar,1
100437,Male,Yes,81,No,Retired,24,777838,6098618,2,Dhi_Qar,4
100438,Male,Yes,20,No,Private_Sector,2,391403,183869,3,Baghdad,6
100439,Female,Yes,40,Yes,Private_Sector,6,1094459,3417140,5,Diyala,6
100440,Male,Yes,38,Yes,Government_Employee,5,788666,3522705,4,Basra,2
100441,Female,No,24,No,Student,2,546697,433782,3,Erbil,0
100442,Male,Yes,41,Yes,Engineer,8,3444119,14980006,5,Diyala,5
100443,Male,Yes,28,Yes,Private_Sector,10,774118,2436229,4,Baghdad,6
100444,Male,Yes,41,Yes,Doctor,10,2809886,18535844,6,Basra,5
100445,Male,Yes,43,No,Homemaker,19,431334,694681,5,Baghdad,1
100446,Female,Yes,65,No,Retired,20,661443,6531446,2,Anbar,4
100447,Female,Yes,21,No,Student,0,316734,368343,1,Baghdad,0
100448,Male,No,22,No,Student,1,252402,640427,3,Najaf,0
100449,Male,Yes,29,Yes,Government_Employee,5,1190168,1288849,5,Basra,2
100450,Female,Yes,52,Yes,Trader,18,2758046,15230463,5,Baghdad,5
100451,Male,Yes,29,No,Teacher,9,546897,1907298,3,Karbala,6
100452,Female,Yes,32,Yes,Government_Employee,8,753777,1404763,4,Basra,2
100453,Male,Yes,28,Yes,Government_Employee,6,564829,2043755,3,Anbar,2
100454,Female,No,26,Yes,Student,2,229172,475328,2,Dhi_Qar,0
100455,Male,Yes,35,No,Driver,7,431420,618043,7,Anbar,1
100456,Male,Yes,76,No,Retired,24,596635,7724860,1,Baghdad,4
100457,Female,Yes,29,Yes,Teacher,7,879639,2795349,3,Baghdad,6
100458,Male,Yes,64,No,Retired,17,280305,6409158,2,Basra,4
100459,Male,Yes,52,Yes,Engineer,10,3078593,10717994,4,Erbil,5
100460,Female,Yes,31,Yes,Trader,9,1801522,19731582,5,Dhi_Qar,5
100461,Male,Yes,32,No,Government_Employee,3,948305,2337684,4,Basra,2
100462,Female,Yes,41,Yes,Trader,12,2281704,12827509,6,Diyala,5
100463,Female,Yes,48,No,Laborer,9,359006,685355,8,Basra,3
100464,Male,Yes,68,No,Retired,24,773079,3531391,4,Basra,4
100465,Female,Yes,79,Yes,Retired,18,548924,5391410,2,Baghdad,4
100466,Female,No,22,Yes,Unemployed,0,507859,190475,3,Basra,6
100467,Male,Yes,39,Yes,Doctor,14,1532026,11623699,4,Erbil,5
100468,Male,No,35,Yes,Private_Sector,11,813589,2641149,4,Dhi_Qar,6
100469,Male,Yes,25,Yes,Student,1,282608,216986,3,Basra,0
100470,Male,Yes,39,No,Government_Employee,9,648132,2923895,4,Baghdad,2
100471,Female,No,18,Yes,Unemployed,1,406015,534974,2,Sulaymaniyah,6
100472,Male,No,34,No,Government_Employee,9,925348,2697085,4,Mosul,2
100473,Male,Yes,84,Yes,Retired,15,513881,6759832,4,Basra,4
100474,Male,No,63,No,Retired,21,651286,12032376,2,Najaf,4
100475,Female,Yes,81,No,Retired,15,648570,9309779,1,Baghdad,4
100476,Male,No,21,Yes,Unemployed,0,282389,294337,1,Dhi_Qar,6
100477,Male,No,25,Yes,Student,2,460279,563013,2,Dhi_Qar,0
100478,Female,No,23,Yes,Laborer,1,333546,218537,1,Baghdad,3
100479,Male,No,23,Yes,Laborer,2,150000,392252,3,Diyala,3
100480,Female,No,26,Yes,Student,1,335977,519645,1,Sulaymaniyah,0
100481,Female,Yes,42,No,Driver,15,534943,711679,4,Najaf,1
100482,Female,Yes,32,No,Laborer,7,474036,668499,4,Baghdad,3
100483,Male,No,26,Yes,Student,2,340797,522727,2,Basra,0
100484,Male,Yes,37,No,Private_Sector,8,1052541,2167782,4,Baghdad,6
100485,Female,Yes,35,No,Driver,4,717889,196991,8,Baghdad,1
100486,Female,Yes,54,Yes,Engineer,17,2475593,18841356,4,Basra,5
100487,Male,No,34,No,Government_Employee,10,950328,3352213,5,Basra,2
100488,Female,Yes,31,No,Teacher,7,1111561,3364998,5,Erbil,6
100489,Female,Yes,31,No,Private_Sector,6,830181,1869767,3,Sulaymaniyah,6
100490,Female,Yes,49,Yes,Trader,19,2565212,8166376,4,Baghdad,5
100491,Male,No,71,No,Retired,16,654978,5601689,1,Baghdad,4
100492,Male,Yes,49,No,Doctor,15,2500684,10224810,4,Diyala,5
100493,Male,Yes,79,Yes,Retired,15,661027,8512982,2,Mosul,4
100494,Female,No,20,Yes,Private_Sector,0,203218,332006,2,Basra,6
100495,Female,No,44,No,Trader,14,1838805,25823366,4,Baghdad,5
100496,Male,Yes,45,No,Driver,5,609930,246317,8,Baghdad,1
100497,Male,No,25,No,Unemployed,1,427128,370908,2,Baghdad,6
100498,Female,Yes,43,Yes,Engineer,12,3350322,18739326,6,Sulaymaniyah,5
100499,Female,Yes,36,Yes,Trader,18,3169605,18057153,3,Mosul,5
100500,Female,No,37,Yes,Government_Employee,8,1131176,1448346,4,Baghdad,2
100501,Female,Yes,37,No,Driver,12,331512,749269,5,Mosul,1
100502,Male,Yes,49,Yes,Trader,7,2505924,13535057,4,Baghdad,5
100503,Male,Yes,43,Yes,Trader,10,2382716,17708246,6,Sulaymaniyah,5
100504,Female,Yes,32,No,Laborer,17,580056,448387,5,Dhi_Qar,3
100505,Male,Yes,20,Yes,Private_Sector,2,188409,402165,3,Baghdad,6
100506,Male,Yes,33,No,Driver,10,467642,465228,4,Basra,1
100507,Female,No,20,No,Unemployed,0,403983,57669,3,Baghdad,6
100508,Male,Yes,37,No,Government_Employee,11,870717,2850822,5,Baghdad,2
100509,Female,Yes,34,Yes,Doctor,10,1869463,7664888,3,Baghdad,5
100510,Female,Yes,31,No,Doctor,19,2224278,1185760,5,Basra,5
100511,Male,No,22,Yes,Laborer,1,570066,459068,1,Basra,3
100512,Male,Yes,38,Yes,Private_Sector,11,611577,2250746,4,Sulaymaniyah,6
100513,Female,Yes,37,Yes,Government_Employee,9,661071,2711355,5,Karbala,2
100514,Male,Yes,53,No,Driver,3,475404,891337,5,Anbar,1
100515,Female,No,38,No,Homemaker,6,574389,333844,7,Erbil,1
100516,Female,Yes,32,Yes,Doctor,19,3016724,13804891,5,Basra,5
100517,Male,No,47,No,Driver,9,315993,857390,6,Dhi_Qar,1
100518,Female,Yes,31,No,Driver,14,306312,751939,6,Basra,1
100519,Male,Yes,33,Yes,Teacher,9,949065,1792062,5,Karbala,6
100520,Male,No,19,Yes,Student,0,368603,607264,1,Mosul,0
100521,Male,Yes,42,No,Engineer,12,2711453,15903070,4,Erbil,5
100522,Male,Yes,35,No,Teacher,7,889994,1864089,3,Mosul,6
100523,Male,Yes,23,No,Unemployed,0,229183,580680,3,Sulaymaniyah,6
100524,Female,Yes,54,No,Laborer,10,751899,812711,5,Erbil,3
100525,Male,Yes,38,No,Laborer,18,150000,521885,6,Diyala,3
100526,Male,Yes,36,Yes,Trader,16,3537431,14871464,4,Erbil,5
100527,Male,Yes,43,Yes,Trader,15,1118593,11732165,5,Mosul,5
100528,Male,Yes,61,No,Retired,25,454271,5113827,3,Mosul,4
100529,Female,Yes,53,No,Homemaker,8,426292,603403,5,Diyala,1
100530,Female,Yes,41,Yes,Government_Employee,7,644296,2973928,3,Basra,2
100531,Male,Yes,48,Yes,Trader,11,2910779,9840298,3,Diyala,5
100532,Female,No,28,No,Teacher,4,1338109,3327155,4,Diyala,6
100533,Male,Yes,32,No,Private_Sector,10,802601,3425554,3,Basra,6
100534,Male,Yes,34,Yes,Trader,12,2910818,16479243,3,Sulaymaniyah,5
100535,Female,Yes,29,No,Government_Employee,8,989655,2436356,3,Baghdad,2
100536,Female,No,18,Yes,Student,1,249886,206619,2,Sulaymaniyah,0
100537,Female,No,40,No,Government_Employee,10,646913,3303265,4,Baghdad,2
100538,Female,Yes,80,No,Retired,22,353706,5881408,1,Najaf,4
100539,Male,Yes,35,Yes,Government_Employee,6,979537,2798623,5,Baghdad,2
100540,Male,Yes,34,No,Driver,14,403281,294443,4,Karbala,1
100541,Male,Yes,63,No,Retired,22,690551,6988553,2,Baghdad,4
100542,Female,Yes,75,No,Retired,21,683350,3063275,3,Sulaymaniyah,4
100543,Female,Yes,50,No,Homemaker,19,511622,356118,4,Baghdad,1
100544,Male,No,23,No,Student,2,293426,667876,3,Diyala,0
100545,Male,Yes,21,Yes,Student,1,384903,451251,1,Baghdad,0
100546,Female,Yes,38,Yes,Laborer,12,434577,788623,7,Baghdad,3
100547,Male,Yes,49,No,Laborer,17,458784,1064188,4,Dhi_Qar,3
100548,Female,No,23,No,Private_Sector,1,390208,444649,1,Erbil,6
100549,Male,No,66,No,Retired,28,268320,5613551,4,Mosul,4
100550,Male,No,18,Yes,Laborer,2,350943,563859,3,Basra,3
100551,Male,Yes,26,Yes,Student,1,309604,717801,2,Mosul,0
100552,Male,No,21,Yes,Student,2,422433,579508,1,Baghdad,0
100553,Male,Yes,37,No,Teacher,3,967864,3608652,4,Basra,6
100554,Male,Yes,38,Yes,Government_Employee,7,1186241,3391424,4,Basra,2
100555,Female,Yes,43,No,Homemaker,19,619216,484099,8,Najaf,1
100556,Female,No,33,No,Government_Employee,4,804443,2953605,5,Sulaymaniyah,2
100557,Female,No,24,No,Unemployed,0,397363,272161,3,Najaf,6
100558,Male,Yes,30,No,Government_Employee,10,959592,1610505,3,Baghdad,2
100559,Female,No,19,No,Unemployed,0,276038,346481,2,Mosul,6
100560,Female,Yes,26,Yes,Unemployed,2,373475,186456,1,Baghdad,6
100561,Male,Yes,33,No,Government_Employee,8,750936,2937944,4,Najaf,2
100562,Female,Yes,51,Yes,Trader,17,1349420,10320885,5,Baghdad,5
100563,Male,No,32,No,Teacher,4,1278008,1186495,3,Baghdad,6
100564,Male,No,37,No,Private_Sector,10,1225625,1772184,3,Sulaymaniyah,6
100565,Male,Yes,24,Yes,Laborer,2,288028,492608,3,Baghdad,3
100566,Female,Yes,58,Yes,Retired,29,1036107,7023146,3,Baghdad,4
100567,Female,No,35,No,Government_Employee,10,759989,3344221,3,Najaf,2
100568,Female,No,26,Yes,Student,2,465184,599497,1,Dhi_Qar,0
100569,Male,Yes,46,No,Engineer,16,1874342,11233929,4,Baghdad,5
100570,Female,No,18,No,Student,2,427324,368015,1,Najaf,0
100571,Female,Yes,34,Yes,Private_Sector,6,1275994,2382985,5,Sulaymaniyah,6
100572,Female,No,23,Yes,Student,1,320275,397720,1,Baghdad,0
100573,Male,Yes,76,No,Retired,15,559391,5059368,3,Baghdad,4
100574,Female,Yes,33,Yes,Teacher,9,859300,1875229,4,Basra,6
100575,Female,Yes,53,No,Laborer,11,485072,334877,7,Baghdad,3
100576,Male,No,33,No,Private_Sector,8,977672,3657493,4,Diyala,6
100577,Female,No,22,Yes,Laborer,2,464101,295497,1,Dhi_Qar,3
100578,Female,Yes,76,No,Retired,25,706325,4229440,1,Erbil,4
100579,Female,Yes,78,No,Retired,18,756130,7857663,4,Anbar,4
100580,Male,Yes,52,No,Laborer,9,485289,932708,6,Baghdad,3
100581,Male,No,22,Yes,Student,0,377364,475852,1,Baghdad,0
100582,Female,Yes,61,No,Retired,18,604182,6280315,3,Erbil,4
100583,Male,Yes,36,Yes,Laborer,15,435959,288452,6,Karbala,3
100584,Female,No,33,Yes,Government_Employee,10,708840,3290297,4,Mosul,2
100585,Male,Yes,35,No,Government_Employee,5,503112,2488670,3,Mosul,2
100586,Male,Yes,49,No,Doctor,19,1772141,16838223,3,Baghdad,5
100587,Female,Yes,34,No,Teacher,5,1287645,2502604,4,Baghdad,6
100588,Male,No,39,No,Driver,19,586251,222732,7,Mosul,1
100589,Female,Yes,73,Yes,Retired,18,644514,4843166,4,Baghdad,4
100590,Female,Yes,41,No,Driver,7,501290,289121,7,Baghdad,1
100591,Male,Yes,38,Yes,Teacher,11,924029,3257107,5,Baghdad,6
100592,Male,Yes,47,Yes,Doctor,15,3503395,13431124,6,Baghdad,5
100593,Male,No,20,No,Laborer,1,287860,128526,1,Najaf,3
100594,Male,No,38,No,Private_Sector,8,942566,2542189,5,Mosul,6
100595,Female,Yes,76,No,Retired,15,839908,4040961,1,Baghdad,4
100596,Male,Yes,39,No,Homemaker,15,457293,462277,4,Sulaymaniyah,1
100597,Male,No,25,Yes,Private_Sector,2,315986,638087,1,Anbar,6
100598,Male,Yes,21,Yes,Student,1,417006,531247,2,Basra,0
100599,Male,No,24,Yes,Student,1,532383,924994,1,Baghdad,0
100600,Female,No,34,Yes,Government_Employee,3,806511,1365607,3,Baghdad,2
100601,Male,Yes,63,No,Retired,15,703062,4037368,3,Sulaymaniyah,4
100602,Male,Yes,29,Yes,Government_Employee,10,677783,3338091,5,Basra,2
100603,Male,Yes,44,Yes,Engineer,6,873455,16261633,3,Baghdad,5
100604,Male,Yes,43,Yes,Engineer,15,1990145,20496641,4,Anbar,5
100605,Female,Yes,61,No,Retired,15,247639,7548804,1,Basra,4
100606,Female,No,26,Yes,Student,2,257003,0,3,Erbil,0
100607,Male,No,24,No,Student,2,341894,526020,1,Mosul,0
100608,Male,Yes,41,Yes,Trader,18,2606702,15820531,5,Baghdad,5
100609,Male,Yes,30,No,Teacher,6,972403,3067747,5,Diyala,6
100610,Female,Yes,31,Yes,Government_Employee,8,884344,3013831,4,Dhi_Qar,2
100611,Female,No,72,No,Retired,20,489183,5474735,2,Karbala,4
100612,Male,Yes,58,No,Retired,26,542237,6874455,1,Baghdad,4
100613,Female,Yes,26,No,Student,1,248150,531912,1,Baghdad,0
100614,Female,Yes,52,No,Trader,6,1877621,17679011,3,Dhi_Qar,5
100615,Male,Yes,83,Yes,Retired,24,747836,7372290,1,Basra,4
100616,Female,Yes,47,No,Laborer,9,324623,1047091,6,Erbil,3
100617,Female,No,23,No,Laborer,0,380952,287424,3,Basra,3
100618,Male,No,58,Yes,Retired,21,755216,3235034,2,Erbil,4
100619,Female,No,26,Yes,Student,1,339011,551027,1,Najaf,0
100620,Male,Yes,73,Yes,Retired,21,325450,5598035,2,Baghdad,4
100621,Male,Yes,37,No,Trader,7,3626330,13755530,5,Erbil,5
100622,Male,Yes,40,No,Homemaker,5,306173,803127,6,Basra,1
100623,Female,Yes,31,Yes,Engineer,18,1667401,8332471,4,Dhi_Qar,5
100624,Female,No,24,No,Unemployed,0,328947,621200,1,Diyala,6
100625,Female,Yes,84,Yes,Retired,24,550816,3846124,3,Karbala,4
100626,Female,Yes,33,Yes,Teacher,9,1099698,718901,5,Anbar,6
100627,Male,Yes,79,No,Retired,20,598456,6294998,4,Baghdad,4
100628,Male,No,19,No,Student,1,377424,547204,3,Baghdad,0
100629,Male,Yes,37,No,Government_Employee,6,433528,2296641,5,Diyala,2
100630,Male,No,82,Yes,Retired,23,676275,3624670,2,Karbala,4
100631,Female,No,25,No,Student,0,539268,599120,2,Baghdad,0
100632,Female,Yes,52,Yes,Trader,19,2136959,21300040,3,Sulaymaniyah,5
100633,Male,Yes,82,No,Retired,25,496696,5692427,3,Basra,4
100634,Female,No,65,No,Retired,25,577945,4711350,4,Anbar,4
100635,Female,No,38,No,Driver,14,241780,551752,7,Anbar,1
100636,Female,Yes,29,No,Private_Sector,10,1294035,3268881,3,Dhi_Qar,6
100637,Female,No,26,Yes,Student,2,385656,189354,2,Baghdad,0
100638,Male,Yes,33,Yes,Government_Employee,3,647819,2102952,4,Baghdad,2
100639,Female,Yes,35,Yes,Government_Employee,8,1082309,2971438,3,Baghdad,2
100640,Male,No,26,No,Student,1,461796,266721,1,Basra,0
100641,Male,Yes,68,Yes,Retired,25,778947,6394682,1,Baghdad,4
100642,Female,No,18,No,Student,1,344873,269185,1,Baghdad,0
100643,Male,No,25,No,Laborer,2,462410,317985,2,Baghdad,3
100644,Female,Yes,50,No,Driver,5,542118,846385,6,Anbar,1
100645,Male,Yes,74,Yes,Retired,22,581280,301621,1,Baghdad,4
100646,Female,No,41,Yes,Teacher,3,841615,1460951,3,Baghdad,6
100647,Female,Yes,38,No,Private_Sector,11,856707,1918810,4,Anbar,6
100648,Male,No,72,No,Retired,17,540146,4390957,4,Baghdad,4
100649,Female,Yes,52,Yes,Trader,18,2644581,12000286,6,Baghdad,5
100650,Male,Yes,31,Yes,Teacher,5,1063723,1635810,5,Sulaymaniyah,6
100651,Male,Yes,37,No,Government_Employee,3,930727,3102504,4,Najaf,2
100652,Male,Yes,50,No,Driver,11,348088,336087,6,Erbil,1
100653,Female,No,25,Yes,Unemployed,1,288504,72677,2,Anbar,6
100654,Male,Yes,46,No,Laborer,6,314403,928168,5,Baghdad,3
100655,Female,Yes,48,Yes,Doctor,19,3395072,14501636,4,Dhi_Qar,5
100656,Female,No,25,Yes,Unemployed,0,276572,62403,1,Basra,6
100657,Female,Yes,77,No,Retired,25,527235,5546721,4,Najaf,4
100658,Male,No,21,No,Student,1,456711,769640,2,Baghdad,0
100659,Female,Yes,34,Yes,Private_Sector,8,739665,2024179,5,Basra,6
100660,Female,Yes,48,Yes,Trader,6,1375083,15673597,5,Anbar,5
100661,Female,Yes,34,No,Government_Employee,11,1060374,1634097,4,Dhi_Qar,2
100662,Female,Yes,47,Yes,Laborer,18,420117,579557,7,Baghdad,3
100663,Female,Yes,82,Yes,Retired,28,826855,8354757,2,Sulaymaniyah,4
100664,Female,No,23,No,Private_Sector,1,461995,523035,2,Baghdad,6
100665,Female,Yes,26,Yes,Student,0,337782,151462,1,Erbil,0
100666,Female,Yes,24,No,Unemployed,0,437177,202488,1,Sulaymaniyah,6
100667,Female,Yes,49,Yes,Doctor,16,2917449,19053860,4,Baghdad,5
100668,Male,Yes,24,Yes,Student,2,314573,377113,2,Karbala,0
100669,Female,Yes,33,No,Doctor,14,1795770,19185637,4,Basra,5
100670,Female,No,62,Yes,Retired,22,510418,5656194,3,Dhi_Qar,4
100671,Male,Yes,43,No,Laborer,8,550278,1267398,5,Baghdad,3
100672,Male,Yes,20,Yes,Student,2,258822,308251,3,Baghdad,0
100673,Female,Yes,28,Yes,Private_Sector,11,429451,2033528,4,Karbala,6
100674,Male,Yes,36,Yes,Private_Sector,7,1288219,2634896,4,Erbil,6
100675,Female,Yes,30,Yes,Teacher,6,858320,2163653,5,Basra,6
100676,Male,No,32,Yes,Government_Employee,8,783359,2620181,4,Sulaymaniyah,2
100677,Male,Yes,31,No,Government_Employee,7,643271,2046856,5,Erbil,2
100678,Female,Yes,73,Yes,Retired,16,449507,11165525,2,Basra,4
100679,Male,Yes,39,Yes,Private_Sector,11,774034,158284,3,Baghdad,6
100680,Female,Yes,32,Yes,Government_Employee,4,799423,2746783,5,Mosul,2
100681,Female,No,37,No,Private_Sector,5,855063,1066757,4,Najaf,6
100682,Male,No,18,No,Laborer,1,481789,984884,2,Basra,3
100683,Female,Yes,36,No,Doctor,5,1807742,27493517,6,Najaf,5
100684,Male,Yes,39,Yes,Teacher,8,932621,3033715,3,Baghdad,6
100685,Male,Yes,41,No,Driver,4,444995,815215,7,Baghdad,1
100686,Female,Yes,72,Yes,Retired,26,496289,8312199,2,Baghdad,4
100687,Male,No,29,Yes,Private_Sector,5,1239580,3700804,5,Mosul,6
100688,Male,Yes,41,Yes,Government_Employee,11,673960,3171131,5,Baghdad,2
100689,Male,Yes,67,No,Retired,15,598843,6070786,1,Erbil,4
100690,Male,Yes,49,Yes,Trader,17,2298134,12536578,6,Baghdad,5
100691,Male,No,19,Yes,Student,0,442374,630250,2,Karbala,0
100692,Female,No,43,Yes,Trader,11,2898440,14413559,5,Basra,5
100693,Female,Yes,31,Yes,Teacher,9,912562,2567176,3,Baghdad,6
100694,Female,Yes,58,No,Retired,26,566407,3189805,3,Anbar,4
100695,Female,No,59,No,Retired,27,701207,4107329,4,Baghdad,4
100696,Male,Yes,42,No,Laborer,5,533242,872358,4,Erbil,3
100697,Male,Yes,61,Yes,Retired,25,500904,7581673,3,Baghdad,4
100698,Female,Yes,45,No,Homemaker,8,399131,0,6,Karbala,1
100699,Female,Yes,37,No,Private_Sector,8,1148603,3031553,5,Baghdad,6
100700,Female,Yes,32,No,Private_Sector,9,717175,1370231,4,Mosul,6
100701,Female,No,20,No,Unemployed,2,391512,45185,3,Sulaymaniyah,6
100702,Male,Yes,35,No,Homemaker,15,451840,352152,5,Baghdad,1
100703,Male,No,18,Yes,Private_Sector,2,150000,454234,1,Erbil,6
100704,Male,Yes,48,Yes,Doctor,14,3192898,11352949,6,Baghdad,5
100705,Male,Yes,49,No,Trader,13,1652808,16960788,6,Mosul,5
100706,Female,No,80,No,Retired,29,585323,6583804,4,Karbala,4
100707,Female,Yes,31,Yes,Teacher,4,955413,2845804,5,Erbil,6
100708,Female,No,20,Yes,Student,2,377284,504714,2,Najaf,0
100709,Female,Yes,31,Yes,Government_Employee,4,557887,2597828,3,Baghdad,2
100710,Male,Yes,24,Yes,Student,2,247412,346092,3,Anbar,0
100711,Male,Yes,30,No,Government_Employee,3,902541,2523578,3,Erbil,2
100712,Male,Yes,54,Yes,Engineer,18,2882803,17399937,4,Najaf,5
100713,Female,No,18,Yes,Laborer,0,269557,369309,1,Basra,3
100714,Female,Yes,45,No,Laborer,13,720443,747102,7,Najaf,3
100715,Male,Yes,38,Yes,Doctor,17,2519367,18332364,6,Baghdad,5
100716,Female,Yes,34,Yes,Teacher,11,1126471,2564097,5,Mosul,6
100717,Female,Yes,79,Yes,Retired,23,654514,6132779,3,Basra,4
100718,Male,No,21,No,Unemployed,2,216581,145204,3,Baghdad,6
100719,Female,No,41,No,Government_Employee,11,751936,2762460,5,Karbala,2
100720,Female,Yes,50,No,Laborer,5,225661,462787,8,Dhi_Qar,3
100721,Female,Yes,30,Yes,Government_Employee,6,1187734,3291102,4,Baghdad,2
100722,Male,No,81,Yes,Retired,26,447925,7419210,3,Erbil,4
100723,Female,No,22,No,Student,1,367810,0,1,Sulaymaniyah,0
100724,Male,Yes,48,Yes,Trader,13,1805709,19365919,3,Sulaymaniyah,5
100725,Female,No,69,No,Retired,22,861089,3763818,3,Basra,4
100726,Female,No,19,Yes,Unemployed,2,386915,150926,2,Basra,6
100727,Male,Yes,35,Yes,Private_Sector,8,703965,2160251,4,Dhi_Qar,6
100728,Female,Yes,30,No,Engineer,14,1826141,7023387,3,Sulaymaniyah,5
100729,Female,Yes,30,No,Engineer,15,2499229,20712025,4,Baghdad,5
100730,Female,No,23,Yes,Student,1,418214,289146,1,Baghdad,0
100731,Male,Yes,30,Yes,Government_Employee,9,1327769,3374785,5,Baghdad,2
100732,Female,Yes,53,No,Laborer,16,406048,602560,5,Karbala,3
100733,Female,Yes,29,Yes,Government_Employee,6,476218,2254514,4,Sulaymaniyah,2
100734,Male,Yes,59,Yes,Retired,23,482574,3074213,3,Diyala,4
100735,Male,No,18,Yes,Laborer,1,495398,966630,2,Basra,3
100736,Male,No,33,Yes,Government_Employee,9,859311,1972583,5,Sulaymaniyah,2
100737,Female,Yes,35,Yes,Engineer,10,3310455,504859,5,Sulaymaniyah,5
100738,Male,Yes,52,No,Doctor,19,3826084,5752362,3,Mosul,5
100739,Male,Yes,69,No,Retired,24,433497,4534565,3,Anbar,4
100740,Male,Yes,59,Yes,Retired,21,772130,7348981,2,Baghdad,4
100741,Male,Yes,65,Yes,Retired,16,513391,5399767,1,Baghdad,4
100742,Female,Yes,70,No,Retired,24,674757,5420303,2,Basra,4
100743,Male,Yes,52,No,Driver,11,354517,889526,4,Baghdad,1
100744,Male,Yes,35,Yes,Government_Employee,11,896705,1814283,3,Basra,2
100745,Female,No,67,No,Retired,26,655338,7701164,4,Basra,4
100746,Male,Yes,30,Yes,Trader,7,2971301,9874541,5,Baghdad,5
100747,Female,Yes,31,No,Government_Employee,6,948849,2830443,5,Anbar,2
100748,Female,No,21,No,Student,1,250806,862486,1,Baghdad,0
100749,Female,Yes,80,No,Retired,18,564214,5795552,4,Baghdad,4
100750,Female,Yes,37,No,Trader,17,2831170,20770426,3,Erbil,5
100751,Female,No,26,No,Student,2,166520,415000,2,Najaf,0
100752,Female,Yes,49,Yes,Engineer,17,3569582,15952453,6,Najaf,5
100753,Female,No,26,No,Student,2,339325,671043,3,Baghdad,0
100754,Male,No,39,No,Teacher,4,980532,2426570,4,Najaf,6
100755,Female,Yes,33,Yes,Trader,15,2283944,15021739,6,Baghdad,5
100756,Female,No,72,No,Retired,16,425472,6964989,2,Najaf,4
100757,Female,No,26,Yes,Laborer,1,317501,538960,2,Diyala,3
100758,Male,No,26,No,Student,0,405588,635960,1,Najaf,0
100759,Female,Yes,40,No,Engineer,5,3386805,17418712,6,Najaf,5
100760,Male,No,83,No,Retired,17,150000,6443067,1,Diyala,4
100761,Female,Yes,66,Yes,Retired,16,720596,6209279,3,Najaf,4
100762,Male,Yes,31,Yes,Teacher,11,978746,1294361,3,Baghdad,6
100763,Female,Yes,52,Yes,Trader,9,3185772,18996352,5,Basra,5
100764,Female,Yes,66,No,Retired,17,500322,2751920,2,Najaf,4
100765,Male,Yes,42,No,Laborer,9,394796,1013998,6,Sulaymaniyah,3
100766,Female,No,54,Yes,Doctor,12,2606904,15840555,3,Baghdad,5
100767,Female,Yes,37,No,Driver,15,514793,983118,5,Baghdad,1
100768,Male,Yes,31,Yes,Government_Employee,7,1373198,3333211,4,Mosul,2
100769,Male,No,18,No,Private_Sector,2,415935,886625,3,Basra,6
100770,Female,No,37,Yes,Government_Employee,9,902712,1582378,3,Baghdad,2
100771,Female,Yes,61,Yes,Retired,22,388208,3545474,3,Baghdad,4
100772,Male,Yes,36,No,Laborer,12,514971,611660,7,Baghdad,3
100773,Female,Yes,54,Yes,Engineer,13,1944543,12611100,4,Erbil,5
100774,Female,Yes,84,No,Retired,19,675368,6906574,2,Anbar,4
100775,Female,No,19,No,Laborer,0,384776,209283,3,Mosul,3
100776,Female,No,35,Yes,Engineer,14,2131515,14971570,3,Mosul,5
100777,Male,Yes,33,Yes,Government_Employee,7,802298,2064658,3,Mosul,2
100778,Male,Yes,36,Yes,Teacher,7,1003428,2284189,4,Basra,6
100779,Male,Yes,20,No,Laborer,0,388811,189949,1,Baghdad,3
100780,Male,Yes,47,No,Trader,13,2722842,11333086,4,Erbil,5
100781,Female,Yes,70,No,Retired,28,547770,7199100,3,Baghdad,4
100782,Female,Yes,40,No,Trader,7,3530843,12995851,6,Diyala,5
100783,Female,Yes,59,Yes,Retired,26,780663,4575807,4,Baghdad,4
100784,Female,Yes,31,Yes,Teacher,5,959357,2468464,3,Sulaymaniyah,6
100785,Female,No,40,No,Laborer,4,466382,854507,8,Basra,3
100786,Male,Yes,53,Yes,Engineer,5,1666450,14022826,4,Najaf,5
100787,Male,No,31,No,Homemaker,14,254223,785433,4,Baghdad,1
100788,Female,Yes,38,No,Private_Sector,3,866130,3242279,5,Anbar,6
100789,Male,No,63,No,Retired,27,289755,7354629,4,Baghdad,4
100790,Male,No,21,No,Student,2,480911,691729,1,Karbala,0
100791,Male,No,21,Yes,Student,1,395454,249304,1,Baghdad,0
100792,Male,Yes,53,No,Laborer,15,404488,824767,4,Mosul,3
100793,Female,Yes,37,Yes,Teacher,11,978797,2829858,3,Basra,6
100794,Female,No,23,No,Laborer,1,360204,391453,1,Erbil,3
100795,Female,Yes,44,No,Engineer,16,3104331,4737705,6,Basra,5
100796,Female,Yes,53,No,Laborer,7,420908,425534,7,Baghdad,3
100797,Female,Yes,83,No,Retired,25,485010,3688852,3,Dhi_Qar,4
100798,Female,Yes,31,Yes,Driver,4,607615,986436,5,Mosul,1
100799,Female,Yes,41,No,Driver,19,583602,660030,4,Sulaymaniyah,1
100800,Male,Yes,29,Yes,Government_Employee,6,705751,163486,3,Basra,2
100801,Male,No,40,No,Private_Sector,9,994940,4384117,5,Basra,6
100802,Female,No,19,Yes,Student,1,464959,435461,1,Najaf,0
100803,Male,Yes,33,No,Government_Employee,11,979734,2721134,4,Karbala,2
100804,Male,Yes,44,Yes,Engineer,8,2521512,17589303,6,Karbala,5
100805,Male,Yes,33,No,Driver,9,465375,824582,6,Erbil,1
100806,Male,No,22,Yes,Laborer,0,556833,751814,2,Najaf,3
100807,Male,Yes,63,No,Retired,21,648895,7293083,1,Basra,4
100808,Female,Yes,65,No,Retired,29,561632,5996361,4,Erbil,4
100809,Male,Yes,82,Yes,Retired,15,469848,6969264,2,Basra,4
100810,Male,No,24,No,Student,0,326882,94250,2,Najaf,0
100811,Male,Yes,25,Yes,Unemployed,2,465288,639988,1,Diyala,6
100812,Male,Yes,62,No,Retired,29,483600,5591360,4,Baghdad,4
100813,Male,Yes,43,Yes,Engineer,9,3524611,10746692,4,Anbar,5
100814,Male,Yes,36,Yes,Private_Sector,5,566160,2416943,4,Erbil,6
100815,Male,Yes,34,No,Government_Employee,9,1047266,2758922,3,Baghdad,2
100816,Male,No,18,Yes,Laborer,1,482740,632494,1,Baghdad,3
100817,Female,Yes,54,No,Laborer,13,482737,1014756,8,Sulaymaniyah,3
100818,Female,Yes,60,No,Retired,25,656418,4045524,2,Mosul,4
100819,Female,Yes,50,No,Driver,6,489963,568104,5,Basra,1
100820,Female,Yes,83,No,Retired,20,507754,5221688,4,Najaf,4
100821,Female,Yes,28,Yes,Private_Sector,5,1001162,2334887,3,Baghdad,6
100822,Female,Yes,80,No,Retired,27,934748,9340927,1,Diyala,4
100823,Male,No,19,Yes,Student,0,220260,470362,2,Baghdad,0
100824,Male,Yes,82,Yes,Retired,26,553051,9081382,3,Dhi_Qar,4
100825,Female,No,34,No,Teacher,9,1100723,2011727,4,Diyala,6
100826,Female,Yes,38,Yes,Government_Employee,4,1007224,3467273,4,Basra,2
100827,Male,Yes,50,No,Laborer,8,568742,530350,6,Basra,3
100828,Female,Yes,33,No,Government_Employee,5,705286,2101710,4,Mosul,2
100829,Female,Yes,50,No,Driver,5,378324,1263385,4,Mosul,1
100830,Female,No,40,Yes,Engineer,5,2705560,8170707,3,Baghdad,5
100831,Male,Yes,28,Yes,Teacher,3,474615,4198426,5,Erbil,6
100832,Female,Yes,31,Yes,Government_Employee,6,641764,2816406,4,Sulaymaniyah,2
100833,Male,No,21,Yes,Student,2,232250,733083,2,Najaf,0
100834,Male,No,40,No,Doctor,18,1963092,6311189,3,Baghdad,6
100835,Male,Yes,60,Yes,Retired,18,606130,7913501,4,Basra,4
100836,Female,Yes,41,Yes,Government_Employee,7,697037,2630402,3,Sulaymaniyah,2
100837,Female,Yes,42,Yes,Doctor,10,3834639,19884107,5,Baghdad,5
100838,Male,Yes,37,No,Laborer,7,601095,484277,5,Sulaymaniyah,3
100839,Female,Yes,31,No,Teacher,5,931584,3702097,3,Najaf,6
100840,Male,Yes,31,No,Homemaker,5,473162,1004344,7,Basra,1
100841,Male,Yes,82,Yes,Retired,17,727410,3700468,1,Mosul,4
100842,Male,Yes,38,Yes,Trader,17,2120523,12759201,3,Basra,5
100843,Male,No,38,Yes,Doctor,18,2932065,19903068,6,Basra,5
100844,Male,Yes,22,Yes,Laborer,0,346558,319160,2,Baghdad,3
100845,Male,Yes,33,Yes,Trader,19,2481682,16555847,3,Dhi_Qar,5
100846,Female,Yes,80,Yes,Retired,26,708098,5660767,2,Basra,4
100847,Female,Yes,33,Yes,Government_Employee,6,874313,2654584,5,Mosul,2
100848,Male,Yes,26,No,Unemployed,0,336156,419897,2,Anbar,6
100849,Female,Yes,24,Yes,Student,2,398708,195969,2,Baghdad,0
100850,Male,Yes,26,No,Student,0,409883,597216,3,Baghdad,0
100851,Male,Yes,39,Yes,Government_Employee,9,1133412,344041,5,Erbil,2
100852,Female,Yes,73,No,Retired,27,541747,6319327,3,Basra,4
100853,Female,Yes,32,Yes,Private_Sector,4,794710,1843035,5,Baghdad,6
100854,Male,Yes,44,Yes,Engineer,5,3035399,9988207,6,Baghdad,5
100855,Female,Yes,36,No,Teacher,8,953348,3520414,4,Diyala,6
100856,Female,Yes,40,Yes,Government_Employee,7,935959,3545489,4,Baghdad,2
100857,Female,No,34,Yes,Trader,18,1827240,14669312,6,Baghdad,5
100858,Female,No,81,Yes,Retired,16,350272,2948267,3,Baghdad,4
100859,Male,Yes,25,No,Student,2,320862,373954,2,Diyala,0
100860,Male,No,34,No,Private_Sector,6,704000,2704831,5,Diyala,6
100861,Male,No,31,Yes,Doctor,17,2780551,7111533,5,Dhi_Qar,5
100862,Female,Yes,54,No,Laborer,17,436474,544119,5,Mosul,3
100863,Male,Yes,29,Yes,Private_Sector,4,1306380,1747467,5,Baghdad,6
100864,Male,No,38,No,Private_Sector,10,870293,2789962,4,Erbil,6
100865,Female,No,33,Yes,Engineer,17,2046494,16044500,6,Erbil,5
100866,Female,No,18,No,Student,1,256081,299929,3,Diyala,0
100867,Female,Yes,34,Yes,Doctor,9,2204765,15327095,4,Baghdad,5
100868,Female,Yes,51,No,Laborer,9,500170,425139,6,Erbil,3
100869,Male,Yes,35,Yes,Teacher,5,912871,2617578,5,Mosul,6
100870,Female,Yes,50,Yes,Engineer,14,2669899,19628692,5,Baghdad,5
100871,Male,No,20,Yes,Student,1,527188,658618,2,Baghdad,0
100872,Female,Yes,37,No,Trader,18,2122870,20583243,6,Baghdad,5
100873,Male,Yes,54,No,Driver,16,498616,282995,8,Erbil,1
100874,Female,Yes,31,No,Trader,13,1544380,15917776,3,Basra,5
100875,Female,No,20,Yes,Student,2,226437,286053,2,Baghdad,0
100876,Female,Yes,34,No,Teacher,5,871657,2744751,4,Baghdad,6
100877,Male,Yes,44,Yes,Trader,17,2979729,17404013,6,Diyala,5
100878,Male,Yes,36,No,Driver,11,379106,1314001,4,Najaf,1
100879,Male,Yes,30,No,Private_Sector,4,820983,1040923,4,Anbar,6
100880,Male,Yes,39,Yes,Trader,19,3153293,10832026,6,Basra,5
100881,Male,Yes,84,No,Retired,28,480699,6804020,3,Mosul,4
100882,Male,No,26,No,Student,0,241718,503188,2,Sulaymaniyah,0
100883,Female,Yes,43,No,Laborer,16,577444,712229,4,Basra,3
100884,Female,No,30,No,Government_Employee,4,983014,2169303,4,Baghdad,2
100885,Female,Yes,31,No,Private_Sector,8,827572,3816320,5,Sulaymaniyah,6
100886,Male,No,77,Yes,Retired,27,519738,8448588,3,Basra,4
100887,Female,Yes,38,No,Private_Sector,9,610537,2508845,5,Erbil,6
100888,Male,No,24,No,Laborer,1,403887,458549,1,Sulaymaniyah,3
100889,Female,Yes,28,Yes,Government_Employee,10,800899,1786109,3,Baghdad,2
100890,Female,No,70,Yes,Retired,29,547879,5171506,1,Basra,4
100891,Female,No,22,No,Student,1,150000,0,2,Basra,0
100892,Female,No,30,No,Government_Employee,3,1106969,2606098,4,Karbala,2
100893,Female,Yes,35,Yes,Government_Employee,6,983134,2905028,4,Basra,2
100894,Female,Yes,53,No,Engineer,8,3309098,22689383,6,Najaf,5
100895,Female,No,26,No,Private_Sector,0,528982,457973,2,Karbala,6
100896,Female,Yes,81,Yes,Retired,20,527410,10183956,4,Najaf,4
100897,Male,Yes,48,No,Driver,18,430335,429880,8,Najaf,1
100898,Female,Yes,37,No,Teacher,8,836467,3138396,4,Anbar,6
100899,Male,Yes,35,Yes,Private_Sector,7,978932,4488071,5,Basra,6
100900,Female,No,39,No,Trader,12,2143254,19901572,3,Baghdad,5
100901,Female,No,66,Yes,Retired,23,751901,2863526,3,Erbil,4
100902,Male,No,25,Yes,Private_Sector,1,341225,393768,2,Basra,6
100903,Male,Yes,58,Yes,Retired,19,503801,5701129,4,Baghdad,4
100904,Male,Yes,67,No,Retired,15,491599,8056919,3,Basra,4
100905,Male,Yes,61,No,Retired,25,423460,5590819,2,Baghdad,4
100906,Male,Yes,41,Yes,Government_Employee,7,1059204,4337587,5,Erbil,2
100907,Male,Yes,62,Yes,Retired,21,626687,6494699,2,Mosul,4
100908,Male,No,44,Yes,Trader,15,2063585,12912355,3,Baghdad,5
100909,Female,No,23,No,Laborer,1,450722,544873,1,Sulaymaniyah,3
100910,Male,Yes,40,Yes,Private_Sector,4,812920,2213863,3,Sulaymaniyah,6
100911,Female,No,37,Yes,Doctor,13,3034811,10628317,5,Baghdad,5
100912,Female,No,44,Yes,Doctor,12,2888125,17107409,3,Erbil,5
100913,Female,Yes,63,No,Retired,19,423709,4875062,2,Baghdad,4
100914,Female,Yes,65,No,Retired,19,542322,5144945,1,Sulaymaniyah,4
100915,Female,No,25,No,Student,1,460468,410774,1,Baghdad,0
100916,Female,No,34,No,Private_Sector,9,987758,2059929,3,Karbala,6
100917,Female,Yes,80,No,Retired,22,503708,6524620,2,Baghdad,4
100918,Female,No,38,Yes,Government_Employee,9,932391,2438179,4,Basra,2
100919,Female,Yes,38,Yes,Government_Employee,6,845669,2058602,5,Basra,2
100920,Male,Yes,44,No,Laborer,5,476764,990828,4,Erbil,3
100921,Male,Yes,30,No,Government_Employee,4,813837,1776930,4,Basra,2
100922,Female,Yes,33,Yes,Government_Employee,6,1031053,2309242,3,Baghdad,2
100923,Male,Yes,51,Yes,Engineer,5,1571650,12672283,6,Basra,5
100924,Male,Yes,35,No,Private_Sector,4,839549,2304485,3,Baghdad,6
100925,Female,Yes,28,Yes,Teacher,11,862376,4200737,5,Mosul,6
100926,Male,Yes,84,No,Retired,17,568368,4455140,2,Erbil,4
100927,Male,No,59,No,Retired,27,673678,7380055,3,Najaf,4
100928,Female,No,32,Yes,Teacher,11,882277,3319904,3,Anbar,6
100929,Female,Yes,21,No,Student,0,371302,451520,3,Anbar,0
100930,Female,Yes,48,Yes,Engineer,11,2566904,10139536,4,Mosul,5
100931,Female,Yes,34,Yes,Government_Employee,11,899547,1959711,4,Baghdad,2
100932,Female,Yes,35,No,Government_Employee,7,1172382,994051,3,Baghdad,2
100933,Female,Yes,31,No,Government_Employee,7,869202,1741779,3,Baghdad,2
100934,Male,Yes,67,No,Retired,15,585342,5282380,2,Diyala,4
100935,Female,No,18,No,Unemployed,2,504836,270480,3,Baghdad,6
100936,Male,Yes,18,No,Private_Sector,2,350395,343740,2,Anbar,6
100937,Female,Yes,83,No,Retired,23,637333,2584502,4,Baghdad,4
100938,Male,Yes,68,Yes,Retired,20,876156,7040762,3,Baghdad,4
100939,Male,No,41,No,Government_Employee,5,937001,1927096,3,Baghdad,2
100940,Female,No,23,Yes,Unemployed,0,325080,624391,1,Karbala,6
100941,Female,Yes,31,Yes,Trader,6,3562758,29901892,5,Baghdad,5
100942,Female,Yes,43,No,Homemaker,18,374518,669501,7,Basra,1
100943,Male,Yes,34,No,Government_Employee,5,822774,2937042,3,Erbil,2
100944,Female,Yes,52,Yes,Trader,13,2521269,16253245,3,Baghdad,5
100945,Female,No,28,Yes,Government_Employee,8,1106837,2184937,3,Baghdad,2
100946,Male,Yes,67,No,Retired,25,914001,6235453,3,Najaf,4
100947,Female,No,38,Yes,Teacher,11,1074737,2943055,5,Erbil,6
100948,Female,Yes,40,Yes,Government_Employee,5,852386,1634421,3,Baghdad,2
100949,Male,Yes,64,No,Retired,26,521932,8253853,1,Sulaymaniyah,4
100950,Male,Yes,43,Yes,Trader,13,2778815,21441749,3,Diyala,5
100951,Male,No,23,Yes,Laborer,2,553142,690370,2,Basra,3
100952,Female,Yes,30,No,Private_Sector,7,892628,2284349,3,Karbala,6
100953,Female,Yes,46,Yes,Laborer,8,364571,628259,7,Baghdad,3
100954,Female,Yes,66,No,Retired,15,698711,5498951,1,Baghdad,4
100955,Female,Yes,51,No,Trader,11,3320435,17512714,3,Sulaymaniyah,5
100956,Male,Yes,73,No,Retired,17,448248,1934258,3,Mosul,4
100957,Female,No,22,Yes,Student,1,345993,207131,3,Baghdad,0
100958,Female,Yes,38,Yes,Government_Employee,7,616046,2597424,5,Karbala,2
100959,Female,Yes,37,No,Laborer,4,491207,701321,8,Najaf,3
100960,Female,No,18,No,Student,0,322961,474502,3,Anbar,0
100961,Female,Yes,42,No,Laborer,12,532936,978042,5,Najaf,3
100962,Male,No,63,No,Retired,27,441235,10046905,3,Basra,4
100963,Male,Yes,72,No,Retired,25,809204,6368154,3,Baghdad,4
100964,Female,Yes,30,No,Government_Employee,4,942983,2574162,3,Sulaymaniyah,2
100965,Male,Yes,20,Yes,Unemployed,2,309350,156339,3,Sulaymaniyah,6
100966,Female,Yes,41,No,Government_Employee,8,1228114,2842885,5,Mosul,2
100967,Male,Yes,79,Yes,Retired,18,763897,4875094,4,Baghdad,4
100968,Male,Yes,35,No,Government_Employee,10,861552,1718867,5,Baghdad,2
100969,Male,Yes,64,Yes,Retired,23,443133,6221194,2,Dhi_Qar,4
100970,Male,No,26,No,Private_Sector,0,250170,47072,1,Najaf,6
100971,Male,Yes,58,No,Retired,15,555877,8375439,1,Basra,4
100972,Male,Yes,54,No,Laborer,7,386948,254310,7,Najaf,3
100973,Male,Yes,73,Yes,Retired,15,600009,6742733,2,Basra,4
100974,Female,Yes,18,Yes,Private_Sector,0,237795,441646,1,Baghdad,6
100975,Male,Yes,32,Yes,Private_Sector,9,508922,2728979,4,Baghdad,6
100976,Male,No,24,No,Laborer,2,326019,331449,3,Basra,3
100977,Female,No,24,No,Laborer,1,351956,401021,1,Karbala,3
100978,Female,No,60,Yes,Retired,28,723391,9157661,1,Erbil,4
100979,Male,Yes,33,No,Trader,9,3252886,8149868,6,Dhi_Qar,5
100980,Female,Yes,71,No,Retired,22,529670,6663147,1,Basra,4
100981,Male,Yes,29,Yes,Government_Employee,9,1046398,1966814,5,Baghdad,2
100982,Male,Yes,32,Yes,Private_Sector,5,262968,2782149,5,Mosul,6
100983,Male,Yes,47,No,Driver,6,315904,817166,6,Baghdad,1
100984,Male,Yes,34,No,Laborer,13,517773,738312,8,Basra,3
100985,Male,Yes,25,No,Student,1,332615,333847,3,Karbala,0
100986,Female,Yes,79,No,Retired,29,620334,7077058,3,Basra,4
100987,Female,Yes,45,Yes,Trader,11,1302907,24947098,4,Najaf,5
100988,Male,Yes,22,No,Private_Sector,1,307804,431560,3,Diyala,6
100989,Male,Yes,53,Yes,Doctor,14,2193714,19089004,5,Baghdad,5
100990,Female,Yes,36,Yes,Teacher,11,861920,2006774,3,Diyala,6
100991,Female,Yes,41,No,Private_Sector,4,1315878,2244968,3,Basra,6
100992,Female,Yes,42,Yes,Homemaker,10,261454,2152,8,Baghdad,1
100993,Male,Yes,66,No,Retired,20,691682,3071972,2,Mosul,4
100994,Male,No,22,No,Student,2,456253,472399,2,Sulaymaniyah,0
100995,Female,Yes,83,No,Retired,19,750363,10021548,2,Baghdad,4
100996,Male,No,23,Yes,Student,0,373578,404214,2,Karbala,0
100997,Female,Yes,42,No,Driver,8,462033,699566,6,Najaf,1
100998,Female,Yes,35,Yes,Trader,10,2434306,20160359,6,Dhi_Qar,5
100999,Female,No,38,Yes,Trader,10,2444895,11500366,6,Basra,5
101000,Male,No,25,Yes,Unemployed,2,346951,138643,1,Mosul,6
101001,Female,Yes,26,No,Student,1,411880,196032,3,Sulaymaniyah,0
101002,Male,Yes,37,Yes,Trader,12,1719003,10911503,6,Mosul,5
101003,Female,No,35,Yes,Government_Employee,9,1032517,1867204,3,Mosul,2
101004,Female,Yes,77,No,Retired,27,597185,3347837,4,Mosul,4
101005,Male,Yes,34,Yes,Government_Employee,6,805482,802157,5,Sulaymaniyah,2
101006,Male,Yes,41,Yes,Private_Sector,9,970182,1961878,4,Erbil,6
101007,Female,No,19,No,Laborer,0,505139,442756,1,Anbar,3
101008,Male,Yes,48,No,Trader,13,3602671,11759502,4,Baghdad,5
101009,Male,No,53,No,Laborer,4,485190,51585,4,Mosul,3
101010,Male,Yes,32,Yes,Government_Employee,6,1018553,2494466,5,Erbil,2
101011,Female,Yes,84,No,Retired,21,664312,3764648,2,Karbala,4
101012,Male,No,25,No,Student,0,380889,492032,1,Mosul,0
101013,Male,Yes,52,Yes,Driver,6,352633,789209,8,Baghdad,1
101014,Female,Yes,45,Yes,Doctor,17,2062871,16225920,4,Mosul,5
101015,Male,Yes,23,No,Laborer,2,325896,439513,3,Baghdad,3
101016,Male,Yes,84,No,Retired,26,561918,4460640,2,Basra,4
101017,Male,Yes,34,No,Driver,10,296105,157464,7,Najaf,1
101018,Female,Yes,20,No,Unemployed,0,273041,158612,2,Baghdad,6
101019,Male,Yes,21,No,Student,1,552458,630542,3,Basra,0
101020,Female,No,35,Yes,Government_Employee,4,693636,3908349,4,Dhi_Qar,2
101021,Female,No,42,Yes,Engineer,15,2754023,12883928,4,Erbil,5
101022,Male,Yes,34,Yes,Driver,8,339120,1005337,8,Najaf,1
101023,Male,No,42,No,Laborer,17,619614,663609,6,Baghdad,3
101024,Female,Yes,37,No,Government_Employee,10,816321,363299,4,Basra,2
101025,Male,No,20,No,Private_Sector,1,276212,543093,2,Baghdad,6
101026,Female,Yes,39,No,Trader,19,2411993,7347827,5,Basra,5
101027,Male,Yes,30,Yes,Doctor,10,1550276,12893586,6,Baghdad,5
101028,Female,Yes,29,Yes,Government_Employee,3,941545,3224338,5,Baghdad,2
101029,Female,Yes,49,Yes,Engineer,14,2045181,22954658,3,Baghdad,5
101030,Female,Yes,40,No,Laborer,14,299994,1101645,6,Anbar,3
101031,Female,Yes,20,No,Laborer,2,342167,401973,1,Baghdad,3
101032,Male,Yes,28,No,Government_Employee,7,924125,3000633,4,Basra,2
101033,Female,Yes,75,No,Retired,18,631823,4700076,4,Baghdad,4
101034,Female,No,19,Yes,Unemployed,2,412874,760724,1,Sulaymaniyah,6
101035,Female,No,25,No,Student,0,201423,76281,1,Najaf,0
101036,Male,No,18,Yes,Unemployed,2,265552,289601,3,Erbil,6
101037,Female,Yes,63,No,Retired,20,753374,6484501,3,Mosul,4
101038,Male,No,25,Yes,Student,0,296788,609115,3,Basra,0
101039,Female,Yes,21,No,Student,2,540838,434856,2,Baghdad,0
101040,Female,No,40,Yes,Trader,10,2020842,21588520,6,Baghdad,5
101041,Male,Yes,60,No,Retired,18,614785,3586344,1,Mosul,4
101042,Female,Yes,71,No,Retired,25,824388,9231871,3,Baghdad,4
101043,Female,Yes,39,Yes,Government_Employee,7,942853,2449950,5,Dhi_Qar,2
101044,Male,Yes,43,No,Laborer,13,252378,413461,6,Erbil,3
101045,Female,Yes,20,Yes,Laborer,2,272151,586998,1,Karbala,3
101046,Female,No,38,Yes,Government_Employee,9,939645,1495407,5,Karbala,2
101047,Female,Yes,32,Yes,Teacher,7,769989,1865212,3,Diyala,6
101048,Female,No,47,No,Doctor,15,2759578,13627829,3,Anbar,5
101049,Female,No,25,No,Student,1,158065,525889,2,Baghdad,0
101050,Male,No,24,Yes,Student,1,351730,593255,1,Najaf,0
101051,Female,Yes,53,No,Laborer,10,681425,619320,7,Karbala,3
101052,Male,Yes,37,Yes,Government_Employee,6,1055467,3134029,5,Baghdad,2
101053,Female,Yes,44,Yes,Trader,9,2018320,17133354,6,Sulaymaniyah,5
101054,Male,Yes,46,No,Homemaker,15,465560,733511,6,Baghdad,1
101055,Male,Yes,36,Yes,Government_Employee,6,875882,1602007,3,Najaf,2
101056,Male,Yes,29,No,Government_Employee,9,1064369,1393090,5,Baghdad,2
101057,Female,Yes,38,Yes,Engineer,18,3751055,16306976,5,Mosul,5
101058,Male,Yes,19,Yes,Student,0,208754,380227,3,Najaf,0
101059,Female,No,22,No,Unemployed,1,507301,370401,2,Sulaymaniyah,6
101060,Female,Yes,51,Yes,Engineer,12,2043941,25288045,3,Sulaymaniyah,5
101061,Female,Yes,34,Yes,Teacher,7,1036110,3469323,4,Anbar,6
101062,Male,No,20,Yes,Private_Sector,0,404017,335274,1,Karbala,6
101063,Male,Yes,41,No,Teacher,5,789667,3904587,5,Najaf,6
101064,Male,No,79,Yes,Retired,15,534446,2819119,3,Erbil,4
101065,Female,Yes,78,No,Retired,25,735421,8899082,3,Erbil,4
101066,Male,Yes,38,No,Trader,17,3290932,5087927,3,Sulaymaniyah,5
101067,Male,No,37,Yes,Teacher,10,948973,2793268,3,Erbil,6
101068,Female,Yes,64,No,Retired,24,480050,3479933,4,Baghdad,4
101069,Male,No,20,No,Student,1,302438,211438,2,Mosul,0
101070,Female,No,68,No,Retired,21,636071,6795565,2,Baghdad,4
101071,Female,No,18,No,Laborer,2,228326,0,1,Karbala,3
101072,Female,Yes,53,Yes,Driver,10,518673,865931,6,Erbil,1
101073,Male,Yes,75,Yes,Retired,19,729586,4972022,4,Erbil,4
101074,Female,Yes,32,No,Trader,8,1409443,7674686,5,Sulaymaniyah,5
101075,Female,No,37,No,Teacher,9,719871,3908492,5,Baghdad,6
101076,Female,Yes,31,No,Trader,6,2424276,12819048,6,Mosul,5
101077,Female,Yes,71,No,Retired,29,736419,3394173,2,Sulaymaniyah,4
101078,Male,Yes,42,Yes,Engineer,11,1942144,19545154,3,Mosul,5
101079,Male,Yes,65,No,Retired,29,450668,7249303,3,Sulaymaniyah,4
101080,Female,No,25,No,Unemployed,2,266460,402420,3,Anbar,6
101081,Male,Yes,40,No,Private_Sector,3,739538,2710346,3,Mosul,6
101082,Female,No,60,No,Retired,19,927978,3876352,2,Baghdad,4
101083,Female,No,39,Yes,Private_Sector,8,818532,2905875,3,Mosul,6
101084,Male,Yes,30,No,Laborer,3,568746,869104,8,Baghdad,3
101085,Female,Yes,53,Yes,Trader,15,1499262,15036044,3,Sulaymaniyah,5
101086,Male,Yes,31,Yes,Teacher,8,560996,1880938,3,Basra,6
101087,Male,Yes,43,Yes,Laborer,19,340010,606834,5,Najaf,3
101088,Male,Yes,41,No,Government_Employee,5,921239,1679245,3,Basra,2
101089,Female,Yes,30,No,Trader,11,3273083,21047284,6,Karbala,5
101090,Male,Yes,46,Yes,Engineer,14,2399443,8068049,4,Baghdad,5
101091,Female,Yes,30,No,Laborer,5,453946,609701,5,Baghdad,3
101092,Female,No,25,Yes,Student,2,241641,234671,2,Erbil,0
101093,Female,No,33,No,Driver,11,313068,652336,6,Sulaymaniyah,1
101094,Female,Yes,33,No,Trader,12,2995860,28430692,5,Anbar,5
101095,Male,Yes,33,Yes,Private_Sector,8,811822,2441208,5,Najaf,6
101096,Male,Yes,35,Yes,Government_Employee,7,1109055,2552101,3,Sulaymaniyah,2
101097,Male,Yes,39,No,Laborer,16,374273,628197,4,Karbala,3
101098,Female,Yes,34,No,Homemaker,4,390227,804708,8,Baghdad,1
101099,Female,Yes,45,No,Engineer,6,1820857,15714526,3,Basra,5
101100,Female,Yes,33,No,Private_Sector,3,894029,1657286,5,Anbar,6
101101,Male,Yes,54,No,Homemaker,7,494989,1081395,8,Baghdad,1
101102,Male,Yes,24,No,Unemployed,2,481783,527588,3,Mosul,6
101103,Female,No,25,No,Unemployed,1,345312,333695,1,Erbil,6
101104,Male,Yes,40,Yes,Trader,11,2956594,11990274,6,Baghdad,5
101105,Male,No,40,Yes,Engineer,13,1315675,13540396,4,Baghdad,5
101106,Male,No,24,Yes,Student,1,604182,447584,3,Baghdad,0
101107,Female,No,21,No,Private_Sector,1,460089,83484,2,Sulaymaniyah,6
101108,Female,No,18,No,Student,2,163415,287660,2,Mosul,0
101109,Male,Yes,29,No,Government_Employee,3,662994,2565024,5,Diyala,2
101110,Female,No,22,No,Student,2,263404,220744,3,Karbala,0
101111,Male,No,22,No,Private_Sector,0,277188,501299,2,Sulaymaniyah,6
101112,Male,No,20,No,Laborer,1,231950,337308,1,Mosul,3
101113,Male,Yes,32,No,Government_Employee,7,946440,2848560,5,Baghdad,2
101114,Female,No,23,Yes,Laborer,0,358494,443511,3,Baghdad,3
101115,Male,Yes,81,No,Retired,27,605815,5775416,1,Baghdad,4
101116,Female,Yes,40,Yes,Government_Employee,3,736317,3280739,4,Erbil,2
101117,Female,No,25,Yes,Unemployed,1,410785,98748,2,Mosul,6
101118,Male,Yes,65,No,Retired,20,468344,6268028,4,Baghdad,4
101119,Female,No,65,Yes,Retired,16,618471,3462172,2,Dhi_Qar,4
101120,Male,Yes,36,No,Teacher,5,752100,4206858,5,Diyala,6
101121,Male,No,23,Yes,Unemployed,1,312999,430506,1,Mosul,6
101122,Female,Yes,68,No,Retired,21,721424,6374018,3,Baghdad,4
101123,Female,Yes,76,No,Retired,29,326574,3051745,2,Mosul,4
101124,Female,Yes,49,No,Homemaker,19,385396,523355,4,Karbala,1
101125,Male,Yes,84,Yes,Retired,15,785091,2862646,4,Karbala,4
101126,Male,Yes,43,Yes,Trader,11,1972238,7918641,3,Baghdad,5
101127,Female,Yes,36,No,Government_Employee,10,1301094,2711696,5,Baghdad,2
101128,Male,No,39,Yes,Private_Sector,10,975173,2777375,5,Erbil,6
101129,Female,No,19,No,Student,0,363686,670458,2,Baghdad,0
101130,Male,No,60,No,Retired,22,468449,7136864,2,Sulaymaniyah,4
101131,Male,Yes,30,No,Trader,16,1869477,8975989,6,Basra,5
101132,Female,Yes,40,Yes,Teacher,11,999671,2512659,5,Mosul,6
101133,Male,No,22,Yes,Laborer,0,462919,86840,1,Baghdad,3
101134,Female,Yes,28,No,Teacher,3,953814,2455721,3,Karbala,6
101135,Female,No,64,Yes,Retired,19,290313,5643900,2,Baghdad,4
101136,Male,No,25,Yes,Private_Sector,2,524566,690507,2,Diyala,6
101137,Female,No,24,No,Unemployed,0,274304,841378,3,Erbil,6
101138,Male,Yes,29,Yes,Private_Sector,11,933397,2872085,4,Najaf,6
101139,Female,No,28,No,Government_Employee,5,1016475,3111877,3,Najaf,2
101140,Female,Yes,80,No,Retired,23,627190,6740507,3,Najaf,4
101141,Female,Yes,53,Yes,Engineer,12,1959342,12515346,6,Sulaymaniyah,5
101142,Female,Yes,37,Yes,Trader,8,2137282,16994036,6,Sulaymaniyah,5
101143,Female,Yes,43,No,Laborer,3,708823,1041501,8,Baghdad,3
101144,Female,Yes,61,No,Retired,24,877422,9480288,3,Erbil,4
101145,Female,No,19,Yes,Unemployed,0,361001,147328,2,Sulaymaniyah,6
101146,Male,Yes,28,No,Government_Employee,6,909437,3539451,5,Basra,2
101147,Female,No,29,Yes,Government_Employee,9,923157,2163395,3,Najaf,2
101148,Female,No,19,No,Student,0,370057,598168,1,Erbil,0
101149,Female,Yes,77,No,Retired,21,542338,7121218,4,Karbala,4
101150,Male,Yes,76,Yes,Retired,26,378357,7999637,3,Baghdad,4
101151,Male,Yes,40,Yes,Private_Sector,10,1360630,888775,5,Mosul,6
101152,Male,Yes,36,No,Homemaker,19,374234,438441,6,Baghdad,1
101153,Male,Yes,51,Yes,Trader,8,3181050,16794732,3,Baghdad,5
101154,Female,Yes,32,Yes,Private_Sector,3,858129,2780207,5,Erbil,6
101155,Female,Yes,40,No,Engineer,7,2072232,13404554,4,Mosul,5
101156,Male,Yes,82,No,Retired,20,831708,8164662,3,Basra,4
101157,Male,No,81,Yes,Retired,20,867733,6552024,2,Anbar,4
101158,Male,Yes,46,No,Laborer,11,377406,1009975,5,Basra,3
101159,Female,Yes,36,No,Driver,11,372486,359419,4,Basra,1
101160,Male,Yes,39,Yes,Private_Sector,10,548803,3857115,4,Karbala,6
101161,Female,Yes,41,Yes,Private_Sector,11,907173,2463687,4,Karbala,6
101162,Male,No,25,Yes,Student,2,380319,116967,3,Karbala,0
101163,Female,Yes,34,Yes,Government_Employee,5,1014599,3406024,5,Baghdad,2
101164,Female,No,22,No,Unemployed,0,456281,371512,2,Basra,6
101165,Female,No,21,Yes,Laborer,1,297015,446538,1,Erbil,3
101166,Female,No,83,No,Retired,18,363123,6599847,1,Basra,4
101167,Male,No,23,Yes,Unemployed,1,565721,662004,2,Mosul,6
101168,Female,Yes,26,No,Student,0,511852,614266,2,Karbala,0
101169,Female,No,64,No,Retired,22,534512,5908064,2,Dhi_Qar,4
101170,Female,Yes,43,Yes,Trader,6,2802875,18304296,5,Baghdad,5
101171,Male,Yes,28,No,Teacher,7,585637,2330240,3,Sulaymaniyah,6
101172,Female,No,63,Yes,Retired,17,934894,5086073,1,Sulaymaniyah,4
101173,Male,Yes,38,No,Government_Employee,11,732573,1950095,3,Erbil,2
101174,Female,No,25,Yes,Unemployed,0,436105,332591,1,Erbil,6
101175,Female,Yes,50,No,Trader,17,3940654,12263072,5,Basra,5
101176,Male,No,21,No,Laborer,1,289913,753127,3,Baghdad,3
101177,Male,Yes,77,No,Retired,23,479687,6280083,3,Mosul,4
101178,Male,Yes,51,Yes,Driver,5,298538,185043,8,Baghdad,1
101179,Female,Yes,81,No,Retired,18,558923,3411254,1,Najaf,4
101180,Male,Yes,49,Yes,Driver,11,476724,512105,8,Mosul,1
101181,Male,Yes,18,No,Laborer,1,424707,417502,2,Baghdad,3
101182,Male,Yes,38,Yes,Private_Sector,7,1380808,3102231,4,Sulaymaniyah,6
101183,Female,Yes,45,No,Driver,3,475308,558254,5,Anbar,1
101184,Female,Yes,73,No,Retired,24,735121,7266845,1,Baghdad,4
101185,Female,Yes,33,Yes,Trader,17,2808323,24526654,4,Mosul,5
101186,Female,Yes,59,No,Retired,28,588315,5149178,2,Karbala,4
101187,Male,Yes,37,No,Government_Employee,7,650088,1879125,3,Najaf,2
101188,Male,Yes,35,Yes,Private_Sector,4,1064436,2556003,4,Basra,6
101189,Male,Yes,20,No,Student,1,297360,221048,2,Baghdad,0
101190,Male,No,44,No,Driver,11,592543,571251,8,Karbala,1
101191,Male,Yes,30,No,Government_Employee,9,1139611,984243,3,Mosul,2
101192,Male,Yes,41,No,Laborer,8,394116,1097332,7,Baghdad,3
101193,Female,No,22,No,Student,1,540052,395874,1,Sulaymaniyah,0
101194,Female,No,83,No,Retired,21,764810,3353360,1,Karbala,4
101195,Male,Yes,50,Yes,Trader,11,3662119,16217867,3,Basra,5
101196,Female,No,19,No,Laborer,2,294083,753635,3,Sulaymaniyah,3
101197,Male,Yes,71,No,Retired,16,793963,5900493,2,Baghdad,4
101198,Female,No,82,Yes,Retired,20,203631,5823789,1,Baghdad,4
101199,Female,No,78,No,Retired,23,667038,4087616,3,Anbar,4
101200,Female,Yes,63,Yes,Retired,21,392994,8889191,4,Dhi_Qar,4
101201,Male,Yes,71,No,Retired,22,475235,7347666,4,Dhi_Qar,4
101202,Male,No,75,No,Retired,23,626791,3932786,3,Najaf,4
101203,Male,Yes,30,Yes,Teacher,3,1010477,3219318,4,Erbil,6
101204,Female,Yes,43,Yes,Homemaker,17,545070,825062,4,Mosul,1
101205,Male,Yes,45,No,Engineer,19,2877252,15926529,6,Mosul,5
101206,Male,Yes,37,Yes,Government_Employee,5,604406,2554123,3,Erbil,2
101207,Female,Yes,43,Yes,Driver,17,330762,454117,6,Erbil,1
101208,Female,Yes,38,Yes,Government_Employee,7,723608,3125863,4,Basra,2
101209,Female,Yes,28,No,Government_Employee,11,678843,3532540,3,Baghdad,2
101210,Female,Yes,69,No,Retired,18,444442,4609766,3,Dhi_Qar,4
101211,Female,Yes,65,No,Retired,25,745969,2847468,1,Basra,4
101212,Female,Yes,35,Yes,Private_Sector,5,735775,2269466,3,Basra,6
101213,Male,No,25,No,Student,2,222313,535995,2,Baghdad,0
101214,Female,Yes,38,Yes,Trader,14,2817840,18880307,5,Diyala,5
101215,Male,No,32,Yes,Trader,10,2915948,17560575,4,Basra,5
101216,Female,Yes,61,No,Retired,20,482441,7347281,3,Baghdad,4
101217,Female,Yes,30,No,Government_Employee,3,928530,2038836,5,Baghdad,2
101218,Male,Yes,76,Yes,Retired,17,441976,6677382,4,Baghdad,4
101219,Female,Yes,61,Yes,Retired,26,329644,5255969,3,Najaf,4
101220,Female,Yes,38,No,Driver,10,449934,844051,5,Baghdad,1
101221,Male,Yes,73,No,Retired,22,427882,10628759,2,Mosul,4
101222,Female,Yes,72,Yes,Retired,17,832748,4761893,2,Sulaymaniyah,4
101223,Male,Yes,49,No,Doctor,12,3522336,22357312,3,Erbil,5
101224,Male,Yes,39,No,Driver,19,442748,566191,7,Mosul,1
101225,Male,No,32,Yes,Government_Employee,11,1061774,2498267,5,Erbil,2
101226,Male,Yes,59,No,Retired,27,592925,3023024,2,Erbil,4
101227,Female,Yes,71,No,Retired,19,800981,5489257,2,Sulaymaniyah,4
101228,Female,Yes,70,No,Retired,21,339070,5776659,4,Baghdad,4
101229,Female,Yes,18,Yes,Private_Sector,1,229085,726954,2,Basra,6
101230,Female,Yes,35,Yes,Private_Sector,4,870639,585671,4,Anbar,6
101231,Male,Yes,42,No,Driver,13,259239,881315,5,Diyala,1
101232,Male,Yes,60,No,Retired,27,721578,4492942,3,Anbar,4
101233,Female,No,23,Yes,Private_Sector,2,584722,454832,3,Baghdad,6
101234,Male,Yes,50,Yes,Trader,16,2308040,19035517,4,Baghdad,5
101235,Male,No,68,Yes,Retired,26,760208,6622448,3,Basra,4
101236,Female,Yes,41,No,Homemaker,9,497802,148772,7,Mosul,1
101237,Male,Yes,43,Yes,Trader,6,2072052,10244571,6,Baghdad,5
101238,Male,No,19,No,Student,0,543351,380063,2,Basra,0
101239,Male,No,25,Yes,Unemployed,2,331708,406131,3,Najaf,6
101240,Male,No,23,No,Student,1,291838,485328,3,Baghdad,0
101241,Male,No,25,No,Unemployed,0,410046,203303,2,Diyala,6
101242,Male,No,23,Yes,Student,1,421499,262581,2,Basra,0
101243,Male,Yes,73,No,Retired,17,563657,4475146,4,Basra,4
101244,Male,Yes,63,Yes,Retired,26,615685,7313510,4,Najaf,4
101245,Female,Yes,38,Yes,Private_Sector,6,1017327,3149700,3,Baghdad,6
101246,Female,Yes,49,No,Laborer,5,390731,197287,5,Karbala,3
101247,Male,No,26,No,Private_Sector,1,345995,446154,2,Baghdad,6
101248,Female,Yes,23,Yes,Student,2,363273,545024,3,Basra,0
101249,Male,Yes,54,No,Doctor,5,3561376,23640457,3,Erbil,5
101250,Male,Yes,53,Yes,Trader,11,1661490,19129582,3,Erbil,5
101251,Female,No,22,Yes,Student,2,289487,366975,1,Baghdad,0
101252,Male,No,31,No,Laborer,15,360237,306204,5,Baghdad,3
101253,Male,No,48,Yes,Trader,9,1853129,9598817,4,Karbala,5
101254,Male,Yes,43,Yes,Trader,10,3826344,23515327,5,Baghdad,5
101255,Male,Yes,30,No,Private_Sector,4,826846,3179774,4,Najaf,6
101256,Female,No,30,Yes,Engineer,9,2586901,15969573,4,Mosul,5
101257,Male,No,24,No,Student,0,445719,604107,3,Sulaymaniyah,0
101258,Male,Yes,35,Yes,Private_Sector,3,943684,2209368,5,Najaf,6
101259,Male,Yes,50,No,Trader,17,1986223,14672054,6,Basra,5
101260,Female,No,41,Yes,Trader,6,2561519,10868151,6,Mosul,5
101261,Male,Yes,44,Yes,Trader,15,2261819,11986301,6,Baghdad,5
101262,Female,No,25,No,Student,1,358823,397617,1,Baghdad,0
101263,Female,Yes,33,Yes,Government_Employee,10,533007,2649057,4,Erbil,2
101264,Female,Yes,42,No,Laborer,6,281800,613175,7,Dhi_Qar,3
101265,Female,Yes,36,No,Laborer,5,563700,657193,7,Basra,3
101266,Female,Yes,82,No,Retired,27,594747,2688741,3,Sulaymaniyah,4
101267,Female,No,26,No,Private_Sector,1,394458,650238,2,Baghdad,6
101268,Female,No,26,No,Student,0,366047,0,1,Mosul,0
101269,Female,No,24,Yes,Private_Sector,0,384341,62019,3,Karbala,6
101270,Male,Yes,58,Yes,Retired,19,633244,6049416,2,Sulaymaniyah,4
101271,Female,No,18,Yes,Student,1,375956,404109,1,Sulaymaniyah,0
101272,Female,Yes,30,Yes,Government_Employee,7,1023284,2360041,4,Mosul,2
101273,Male,Yes,41,Yes,Private_Sector,11,920144,3516863,3,Erbil,6
101274,Male,No,58,Yes,Retired,25,773048,6103697,3,Mosul,4
101275,Male,No,49,Yes,Engineer,7,4323316,13050898,4,Basra,5
101276,Male,Yes,48,No,Homemaker,6,515033,724584,8,Baghdad,1
101277,Male,No,26,No,Student,2,348481,612283,2,Baghdad,0
101278,Female,Yes,23,No,Student,1,381248,565603,3,Erbil,0
101279,Male,No,65,No,Retired,19,392927,6383211,1,Baghdad,4
101280,Male,No,18,No,Private_Sector,2,398379,68396,2,Basra,6
101281,Female,No,81,Yes,Retired,17,693853,7693606,4,Erbil,4
101282,Female,Yes,33,No,Trader,19,3368496,17348020,4,Baghdad,5
101283,Female,No,20,No,Student,2,382727,578941,2,Baghdad,0
101284,Male,Yes,28,Yes,Government_Employee,7,1166638,2024531,3,Karbala,2
101285,Female,Yes,73,Yes,Retired,17,822504,7812746,2,Sulaymaniyah,4
101286,Female,No,20,Yes,Student,2,342096,564819,1,Erbil,0
101287,Male,Yes,42,Yes,Laborer,11,407181,1140493,7,Anbar,3
101288,Male,Yes,25,Yes,Student,1,376057,492322,3,Baghdad,0
101289,Male,No,21,No,Laborer,1,202847,502009,3,Mosul,3
101290,Female,Yes,52,Yes,Trader,17,1103780,14497175,4,Sulaymaniyah,5
101291,Male,No,26,No,Student,2,544222,188787,1,Mosul,0
101292,Female,Yes,42,No,Driver,17,440162,595613,5,Erbil,1
101293,Female,Yes,38,No,Government_Employee,8,452443,889992,3,Dhi_Qar,2
101294,Male,No,18,No,Unemployed,0,223390,797226,1,Najaf,6
101295,Female,No,24,No,Student,2,230048,647759,3,Anbar,0
101296,Male,Yes,33,Yes,Doctor,16,2479723,8819984,3,Baghdad,5
101297,Female,Yes,31,Yes,Laborer,12,459385,364062,6,Najaf,3
101298,Male,Yes,41,Yes,Government_Employee,11,1057602,3125135,4,Baghdad,2
101299,Male,Yes,39,Yes,Teacher,7,393694,4783172,3,Sulaymaniyah,6
101300,Male,Yes,43,No,Engineer,6,3706934,17533310,5,Dhi_Qar,5
101301,Female,Yes,76,No,Retired,17,615695,6764858,4,Baghdad,4
101302,Female,Yes,75,Yes,Retired,19,423190,7782447,4,Basra,4
101303,Female,No,30,Yes,Government_Employee,11,679052,2683305,4,Anbar,2
101304,Female,Yes,34,No,Government_Employee,8,898560,2761134,3,Karbala,2
101305,Female,Yes,33,No,Driver,12,363250,670556,4,Mosul,1
101306,Male,Yes,39,Yes,Laborer,17,354070,244098,7,Karbala,3
101307,Female,Yes,33,No,Government_Employee,11,771512,3016823,3,Baghdad,2
101308,Female,Yes,46,Yes,Driver,10,273761,1013239,5,Diyala,1
101309,Female,No,25,No,Student,2,371352,552891,3,Basra,0
101310,Male,No,66,Yes,Retired,18,644265,4514585,3,Sulaymaniyah,4
101311,Female,Yes,49,No,Driver,9,435299,649635,5,Diyala,1
101312,Female,Yes,37,Yes,Trader,5,2329736,22251974,3,Baghdad,5
101313,Female,Yes,76,No,Retired,16,513760,5564137,3,Dhi_Qar,4
101314,Male,No,21,No,Unemployed,2,358365,343438,2,Erbil,6
101315,Female,No,69,No,Retired,21,622573,4180697,4,Sulaymaniyah,4
101316,Male,Yes,79,Yes,Retired,16,378676,8906074,4,Basra,4
101317,Female,Yes,43,Yes,Engineer,7,825182,9244475,6,Baghdad,5
101318,Male,Yes,51,Yes,Doctor,10,2145313,16943179,4,Najaf,5
101319,Male,No,23,No,Laborer,2,406496,603267,1,Baghdad,3
101320,Female,Yes,61,No,Retired,15,768623,9498865,4,Basra,4
101321,Female,Yes,42,Yes,Doctor,11,1918527,3502195,5,Baghdad,5
101322,Male,Yes,36,Yes,Trader,18,2403625,19631045,5,Sulaymaniyah,5
101323,Male,No,21,No,Private_Sector,1,301448,457367,1,Sulaymaniyah,6
101324,Female,Yes,32,Yes,Doctor,11,2449620,13134069,4,Baghdad,5
101325,Female,No,36,Yes,Teacher,3,1097930,2793792,4,Dhi_Qar,6
101326,Male,Yes,69,No,Retired,29,661966,4124161,1,Najaf,4
101327,Male,No,23,No,Laborer,1,456904,461089,1,Mosul,3
101328,Male,No,19,No,Unemployed,2,296608,650665,1,Baghdad,6
101329,Female,No,24,No,Private_Sector,2,150000,320028,1,Erbil,6
101330,Female,Yes,34,No,Private_Sector,8,913699,2153791,4,Najaf,6
101331,Female,Yes,46,No,Laborer,14,257109,727689,8,Najaf,3
101332,Male,Yes,18,Yes,Student,0,150000,200772,2,Basra,0
101333,Female,Yes,51,No,Engineer,7,2597152,13320092,5,Baghdad,5
101334,Female,No,18,No,Laborer,2,199766,156168,3,Diyala,3
101335,Male,Yes,38,Yes,Government_Employee,8,610370,1642104,5,Najaf,2
101336,Female,Yes,31,Yes,Private_Sector,11,764267,2760706,4,Diyala,6
101337,Female,Yes,19,Yes,Laborer,1,383707,504499,2,Basra,3
101338,Male,Yes,50,No,Engineer,8,3534741,6156706,3,Najaf,5
101339,Male,No,37,Yes,Government_Employee,9,1329412,1154247,5,Mosul,2
101340,Male,Yes,37,No,Government_Employee,11,920334,3141100,4,Najaf,2
101341,Female,Yes,41,No,Doctor,5,3052325,10070745,6,Karbala,5
101342,Male,Yes,34,Yes,Government_Employee,11,632417,1118503,3,Baghdad,2
101343,Female,Yes,39,No,Laborer,5,520077,891429,7,Basra,3
101344,Male,Yes,30,Yes,Government_Employee,6,868939,3150539,5,Najaf,2
101345,Female,Yes,41,No,Laborer,3,641226,537184,6,Anbar,3
101346,Female,No,22,No,Unemployed,2,416370,322078,2,Basra,6
101347,Male,Yes,47,No,Driver,5,593554,720453,7,Baghdad,1
101348,Female,No,20,No,Student,0,451503,64796,3,Mosul,0
101349,Female,No,22,No,Laborer,0,388630,807,3,Baghdad,3
101350,Female,No,25,No,Student,0,485658,737270,3,Basra,0
101351,Male,Yes,77,No,Retired,21,780639,5104081,2,Baghdad,4
101352,Male,Yes,33,No,Government_Employee,3,1003084,2390587,3,Sulaymaniyah,2
101353,Female,Yes,28,No,Private_Sector,10,1207387,2958574,3,Erbil,6
101354,Male,Yes,73,Yes,Retired,19,530060,6847113,2,Najaf,4
101355,Male,No,21,Yes,Laborer,2,388310,623848,3,Basra,3
101356,Female,Yes,34,Yes,Trader,16,2912098,19384390,3,Sulaymaniyah,5
101357,Female,Yes,29,Yes,Teacher,10,954987,2218248,5,Karbala,6
101358,Female,No,19,Yes,Unemployed,0,351161,267016,2,Mosul,6
101359,Male,Yes,41,No,Driver,16,338353,494707,7,Najaf,1
101360,Female,Yes,31,No,Government_Employee,7,768000,2628963,3,Sulaymaniyah,2
101361,Male,Yes,32,Yes,Private_Sector,7,690875,3093725,3,Baghdad,6
101362,Female,Yes,68,No,Retired,20,794486,6371417,3,Dhi_Qar,4
101363,Male,No,47,Yes,Homemaker,9,326151,745500,5,Najaf,1
101364,Male,Yes,36,Yes,Government_Employee,6,467355,1402260,5,Basra,2
101365,Female,No,20,No,Laborer,2,351303,276071,1,Baghdad,3
101366,Female,Yes,36,No,Laborer,19,581943,324548,5,Mosul,3
101367,Female,No,41,Yes,Teacher,4,767506,1572617,3,Baghdad,6
101368,Male,No,50,No,Doctor,16,2434243,17250228,3,Dhi_Qar,5
101369,Female,Yes,31,Yes,Private_Sector,3,897264,2762704,5,Dhi_Qar,6
101370,Male,No,69,No,Retired,16,829083,7337490,1,Sulaymaniyah,4
101371,Male,Yes,38,Yes,Government_Employee,3,743299,2828993,5,Baghdad,2
101372,Male,Yes,61,No,Retired,20,486252,3952009,3,Diyala,4
101373,Female,Yes,52,No,Engineer,9,1634794,13497651,3,Basra,5
101374,Male,Yes,26,No,Laborer,1,425433,292877,1,Dhi_Qar,3
101375,Male,Yes,37,Yes,Doctor,12,2832165,24044491,4,Sulaymaniyah,5
101376,Male,Yes,39,No,Homemaker,10,350131,417602,6,Baghdad,1
101377,Male,Yes,53,Yes,Trader,15,1922543,15487964,3,Baghdad,5
101378,Female,No,30,Yes,Private_Sector,8,705086,3190695,3,Baghdad,6
101379,Female,No,21,Yes,Laborer,1,219254,657256,1,Dhi_Qar,3
101380,Male,Yes,77,No,Retired,18,644429,7441845,3,Anbar,4
101381,Male,Yes,39,Yes,Teacher,3,658632,1772008,5,Basra,6
101382,Male,Yes,33,No,Private_Sector,3,890186,3223865,5,Baghdad,6
101383,Male,Yes,34,Yes,Teacher,11,1099703,2659798,4,Diyala,6
101384,Male,Yes,28,Yes,Government_Employee,10,1072608,2154128,5,Baghdad,2
101385,Male,Yes,32,No,Teacher,4,957090,1517431,3,Baghdad,6
101386,Male,Yes,31,Yes,Government_Employee,11,883156,2606359,4,Baghdad,2
101387,Male,No,41,Yes,Government_Employee,4,1311110,2190640,5,Sulaymaniyah,2
101388,Female,Yes,21,Yes,Laborer,2,236182,428688,3,Erbil,3
101389,Female,Yes,31,Yes,Private_Sector,5,920463,2203041,4,Basra,6
101390,Male,Yes,38,Yes,Government_Employee,8,1047853,3773493,4,Mosul,2
101391,Male,Yes,31,No,Laborer,19,373641,735992,5,Basra,3
101392,Male,Yes,39,No,Government_Employee,5,906656,3336665,5,Anbar,2
101393,Male,Yes,40,Yes,Trader,8,2922771,12929743,3,Baghdad,5
101394,Female,Yes,30,No,Driver,5,589778,1368110,4,Mosul,1
101395,Female,Yes,73,No,Retired,24,661428,13203513,2,Mosul,4
101396,Female,Yes,77,No,Retired,29,513548,7964017,2,Erbil,4
101397,Male,No,36,Yes,Trader,8,2681145,15011915,4,Sulaymaniyah,5
101398,Female,Yes,48,No,Engineer,11,1610347,13296255,6,Baghdad,5
101399,Female,Yes,18,No,Laborer,1,330080,476781,1,Baghdad,3
101400,Female,No,24,No,Private_Sector,2,286699,176833,3,Mosul,6
101401,Male,No,23,No,Student,2,473537,718603,3,Mosul,0
101402,Female,No,19,No,Student,1,268362,399848,2,Basra,0
101403,Female,Yes,43,Yes,Engineer,7,3280989,17977227,5,Mosul,5
101404,Male,Yes,32,Yes,Doctor,19,2364657,15816508,5,Baghdad,5
101405,Female,No,23,No,Unemployed,0,419532,498621,1,Baghdad,6
101406,Male,No,58,No,Retired,23,776559,6823257,4,Mosul,4
101407,Male,Yes,38,No,Government_Employee,7,1009581,1329803,4,Basra,2
101408,Female,Yes,53,No,Engineer,19,1606714,10967669,5,Basra,5
101409,Male,No,19,No,Unemployed,1,308483,529112,1,Baghdad,6
101410,Male,Yes,40,No,Laborer,9,304323,664523,5,Baghdad,3
101411,Male,No,18,Yes,Private_Sector,1,334336,660759,1,Basra,6
101412,Male,No,25,No,Unemployed,0,590831,589693,1,Baghdad,6
101413,Female,No,30,No,Government_Employee,6,684804,2395312,4,Najaf,2
101414,Female,Yes,39,No,Engineer,10,2960316,10933270,3,Mosul,5
101415,Female,Yes,30,Yes,Trader,12,1714886,11669687,4,Mosul,5
101416,Female,Yes,39,No,Laborer,15,435733,863703,5,Baghdad,3
101417,Female,No,20,Yes,Student,0,475138,178741,1,Baghdad,0
101418,Female,Yes,68,No,Retired,22,548043,2032954,1,Mosul,4
101419,Female,Yes,40,Yes,Private_Sector,6,929250,2695144,5,Mosul,6
101420,Male,Yes,76,No,Retired,21,492868,4426311,4,Diyala,4
101421,Female,No,66,Yes,Retired,16,577132,5426561,3,Sulaymaniyah,4
101422,Female,Yes,84,No,Retired,20,462013,6576686,2,Mosul,4
101423,Male,Yes,43,No,Driver,13,255419,841591,7,Mosul,1
101424,Female,Yes,77,Yes,Retired,21,612444,6577352,2,Baghdad,4
101425,Female,No,26,Yes,Private_Sector,1,246554,334810,2,Sulaymaniyah,6
101426,Female,No,32,Yes,Engineer,11,2027593,5533147,3,Mosul,5
101427,Female,Yes,67,No,Retired,28,522952,5126556,2,Baghdad,4
101428,Female,Yes,69,No,Retired,22,460888,6175754,2,Sulaymaniyah,4
101429,Male,Yes,47,No,Laborer,12,480555,803747,6,Mosul,3
101430,Female,Yes,37,Yes,Teacher,6,1072322,3265534,5,Baghdad,6
101431,Female,No,25,No,Unemployed,0,428050,372410,1,Najaf,6
101432,Female,Yes,68,No,Retired,19,708943,6459663,4,Basra,4
101433,Female,Yes,32,No,Private_Sector,6,798783,2794646,4,Mosul,6
101434,Female,Yes,70,Yes,Retired,25,624756,7047566,4,Mosul,4
101435,Male,No,21,No,Student,2,296282,551123,1,Najaf,0
101436,Female,Yes,41,No,Private_Sector,5,680788,3397680,3,Baghdad,6
101437,Female,Yes,33,No,Trader,5,3189635,14320748,6,Basra,5
101438,Female,No,23,No,Unemployed,1,150000,744158,3,Basra,6
101439,Male,Yes,38,No,Private_Sector,5,906449,3219078,5,Basra,6
101440,Male,No,19,Yes,Unemployed,1,250415,78351,3,Sulaymaniyah,6
101441,Female,Yes,46,Yes,Laborer,8,519905,476123,7,Diyala,3
101442,Female,No,63,No,Retired,24,558626,1078631,3,Dhi_Qar,4
101443,Female,Yes,48,Yes,Trader,14,2674338,10610476,4,Diyala,5
101444,Male,Yes,50,No,Trader,10,1358770,13420216,4,Baghdad,5
101445,Male,Yes,40,No,Laborer,18,206711,1152532,8,Anbar,3
101446,Female,No,29,No,Teacher,11,902728,3831492,5,Karbala,6
101447,Male,Yes,68,Yes,Retired,20,573612,7419551,4,Najaf,4
101448,Male,Yes,24,No,Laborer,2,380045,453221,2,Basra,3
101449,Male,Yes,32,No,Doctor,18,2671462,17796149,3,Erbil,5
101450,Male,No,21,Yes,Unemployed,2,284917,432696,1,Erbil,6
101451,Male,No,24,Yes,Student,0,330627,634055,2,Karbala,0
101452,Female,Yes,39,Yes,Driver,10,209831,1174462,4,Anbar,1
101453,Female,Yes,39,No,Government_Employee,6,1009763,2175568,5,Basra,2
101454,Male,Yes,44,No,Driver,16,434792,1056351,5,Mosul,1
101455,Female,Yes,63,No,Retired,29,599131,8652923,3,Basra,4
101456,Male,Yes,63,Yes,Retired,25,470039,7542606,4,Mosul,4
101457,Female,Yes,66,Yes,Retired,19,750714,8889844,3,Anbar,4
101458,Male,Yes,31,No,Laborer,7,569264,991137,6,Karbala,3
101459,Female,Yes,33,Yes,Government_Employee,9,831694,3039636,4,Erbil,2
101460,Female,Yes,47,Yes,Laborer,4,499802,684050,4,Sulaymaniyah,3
101461,Male,Yes,36,No,Private_Sector,11,1103192,2330298,5,Erbil,6
101462,Male,No,26,No,Private_Sector,1,456545,394997,1,Basra,6
101463,Male,Yes,44,No,Laborer,7,386489,761135,8,Baghdad,3
101464,Female,No,21,Yes,Student,0,157538,238524,3,Dhi_Qar,0
101465,Male,Yes,31,No,Trader,11,3245586,16433493,6,Erbil,5
101466,Male,No,79,Yes,Retired,17,662485,6829592,2,Mosul,4
101467,Male,Yes,32,Yes,Government_Employee,3,759152,1958623,5,Sulaymaniyah,2
101468,Male,Yes,76,No,Retired,29,519857,9188139,3,Mosul,4
101469,Male,Yes,30,Yes,Trader,8,1584733,19072500,4,Dhi_Qar,5
101470,Female,Yes,74,No,Retired,26,354504,5014433,1,Mosul,4
101471,Female,No,20,Yes,Student,1,280087,548944,1,Baghdad,0
101472,Female,Yes,65,Yes,Retired,25,798371,10981794,2,Basra,4
101473,Female,Yes,75,No,Retired,28,590567,6301376,4,Karbala,4
101474,Female,No,23,Yes,Private_Sector,1,453133,476101,1,Baghdad,6
101475,Female,Yes,32,Yes,Driver,3,552997,1181228,7,Mosul,1
101476,Male,Yes,34,No,Driver,3,510697,441056,5,Baghdad,1
101477,Female,Yes,33,Yes,Government_Employee,4,1099158,2119099,3,Baghdad,2
101478,Male,Yes,31,No,Homemaker,11,478880,264172,8,Baghdad,1
101479,Male,Yes,50,No,Driver,5,428034,771894,4,Najaf,1
101480,Female,Yes,23,No,Laborer,0,358249,333159,2,Mosul,3
101481,Female,Yes,63,Yes,Retired,25,445495,5656689,2,Anbar,4
101482,Male,Yes,52,No,Driver,4,287574,779307,7,Baghdad,1
101483,Male,Yes,80,No,Retired,24,679250,6895944,2,Erbil,4
101484,Female,No,26,No,Unemployed,2,426910,781668,2,Dhi_Qar,6
101485,Male,Yes,35,No,Government_Employee,6,672607,2981710,5,Diyala,2
101486,Female,Yes,30,No,Trader,19,3099186,17335567,3,Baghdad,5
101487,Female,Yes,31,Yes,Teacher,11,539485,3911939,3,Baghdad,6
101488,Female,No,37,Yes,Private_Sector,8,690320,2306165,4,Najaf,6
101489,Male,No,25,No,Student,0,332153,363235,3,Erbil,0
101490,Female,No,20,No,Student,1,150000,715078,1,Baghdad,0
101491,Female,Yes,34,No,Teacher,4,560706,3289289,3,Karbala,6
101492,Female,Yes,38,Yes,Teacher,11,704343,2082075,4,Baghdad,6
101493,Male,Yes,39,Yes,Engineer,5,1388702,20562308,3,Baghdad,5
101494,Female,Yes,40,No,Laborer,16,358566,1107197,5,Baghdad,3
101495,Male,No,20,No,Private_Sector,2,297149,551894,1,Baghdad,6
101496,Male,Yes,40,Yes,Private_Sector,11,855528,2773577,4,Erbil,6
101497,Male,Yes,54,No,Driver,14,276188,966392,8,Baghdad,1
101498,Male,Yes,73,No,Retired,24,646955,7048757,1,Anbar,4
101499,Male,Yes,19,No,Laborer,1,244341,209806,1,Mosul,3
101500,Female,Yes,65,Yes,Retired,28,684117,9790102,3,Anbar,4
101501,Male,No,25,No,Student,0,284369,61883,1,Sulaymaniyah,0
101502,Female,Yes,42,No,Driver,12,363623,880271,5,Mosul,1
101503,Male,Yes,33,Yes,Teacher,4,1131428,1433624,4,Erbil,6
101504,Female,No,35,Yes,Engineer,7,2565337,17304359,4,Sulaymaniyah,5
101505,Male,Yes,38,No,Trader,18,1930315,21803562,3,Sulaymaniyah,5
101506,Female,Yes,31,Yes,Trader,17,2001312,20747074,6,Karbala,5
101507,Male,No,18,No,Unemployed,2,323104,217335,1,Anbar,6
101508,Male,Yes,35,No,Private_Sector,5,772234,3009838,4,Baghdad,6
101509,Female,No,33,No,Private_Sector,5,1021963,2334658,4,Baghdad,6
101510,Male,Yes,51,Yes,Trader,5,3150949,13330958,5,Baghdad,5
101511,Male,Yes,39,Yes,Government_Employee,9,556518,2129701,3,Diyala,2
101512,Male,Yes,48,Yes,Trader,12,2036299,13697494,5,Karbala,5
101513,Male,Yes,34,Yes,Doctor,8,1965694,16245043,5,Najaf,5
101514,Female,Yes,67,Yes,Retired,23,880454,5635314,4,Mosul,4
101515,Male,Yes,35,No,Driver,19,591597,573964,4,Anbar,1
101516,Male,Yes,40,Yes,Trader,8,1694007,10221569,3,Najaf,5
101517,Female,No,53,No,Engineer,11,2635598,13609507,4,Anbar,5
101518,Female,Yes,43,No,Trader,17,3410318,19467922,3,Baghdad,5
101519,Female,Yes,51,No,Doctor,5,2044754,14175581,5,Najaf,5
101520,Male,Yes,40,No,Teacher,3,857171,2897542,3,Baghdad,6
101521,Male,No,39,No,Private_Sector,11,910148,2196720,4,Mosul,6
101522,Female,Yes,43,Yes,Doctor,18,1875277,15166265,3,Baghdad,5
101523,Female,Yes,37,Yes,Government_Employee,5,831959,2059015,5,Mosul,2
101524,Female,No,73,No,Retired,20,692198,5572954,3,Najaf,4
101525,Female,Yes,43,Yes,Driver,10,537824,1070336,6,Baghdad,1
101526,Male,Yes,84,No,Retired,18,510664,5686389,3,Erbil,4
101527,Female,Yes,70,No,Retired,29,427315,3939162,3,Baghdad,4
101528,Female,No,20,Yes,Unemployed,1,319671,346769,3,Basra,6
101529,Male,No,18,No,Unemployed,2,293252,465361,3,Baghdad,6
101530,Female,No,24,No,Laborer,1,272334,513005,3,Anbar,3
101531,Female,Yes,49,Yes,Doctor,16,2899942,23762846,6,Najaf,5
101532,Female,Yes,22,Yes,Private_Sector,1,341799,143058,1,Baghdad,6
101533,Male,No,21,Yes,Private_Sector,2,227027,216743,1,Baghdad,6
101534,Male,Yes,33,No,Driver,10,525311,238042,7,Najaf,1
101535,Female,Yes,31,Yes,Government_Employee,11,1086801,2369413,3,Anbar,2
101536,Male,No,25,Yes,Unemployed,2,354315,341842,3,Erbil,6
101537,Female,Yes,37,No,Trader,5,2259508,15006044,4,Baghdad,5
101538,Female,No,74,No,Retired,18,385334,3760428,2,Basra,4
101539,Female,Yes,32,No,Private_Sector,4,1014049,2601350,4,Sulaymaniyah,6
101540,Female,No,21,No,Student,0,385592,302309,1,Mosul,0
101541,Male,No,43,No,Doctor,8,1573861,16178869,6,Baghdad,5
101542,Female,No,24,No,Unemployed,2,308723,115867,3,Mosul,6
101543,Female,No,73,No,Retired,16,549086,8067504,4,Mosul,4
101544,Female,Yes,53,Yes,Laborer,5,719683,782028,6,Baghdad,3
101545,Male,No,22,No,Private_Sector,2,337751,584656,1,Najaf,6
101546,Female,Yes,49,No,Trader,14,3049352,18248307,4,Anbar,5
101547,Female,Yes,78,No,Retired,16,763738,8845886,3,Diyala,4
101548,Female,Yes,50,Yes,Engineer,18,3022379,20946887,6,Baghdad,5
101549,Male,No,26,No,Student,0,352777,185038,3,Mosul,0
101550,Male,No,18,Yes,Laborer,0,422912,457608,1,Baghdad,3
101551,Female,Yes,33,Yes,Government_Employee,11,1236466,2873255,5,Mosul,2
101552,Female,Yes,21,No,Private_Sector,0,273508,78648,3,Basra,6
101553,Male,Yes,65,No,Retired,23,379661,7667151,3,Karbala,4
101554,Female,Yes,30,Yes,Trader,18,2304331,15223720,4,Diyala,5
101555,Female,No,39,Yes,Teacher,9,925144,1073682,4,Basra,6
101556,Male,Yes,83,No,Retired,22,443952,5327706,3,Baghdad,4
101557,Male,No,18,Yes,Private_Sector,1,364744,296283,1,Karbala,6
101558,Male,Yes,44,Yes,Engineer,16,3688414,16962268,4,Erbil,5
101559,Male,Yes,54,Yes,Engineer,14,2234642,12575739,4,Erbil,5
101560,Male,Yes,21,No,Student,2,527185,900321,1,Najaf,0
101561,Male,Yes,84,No,Retired,23,552780,7590494,3,Baghdad,4
101562,Female,Yes,61,No,Retired,16,581643,5272860,2,Basra,4
101563,Male,No,26,No,Laborer,2,458026,548474,3,Basra,3
101564,Female,No,41,No,Teacher,10,842626,1238387,3,Baghdad,6
101565,Female,Yes,35,Yes,Government_Employee,4,1222750,2419256,3,Baghdad,2
101566,Male,Yes,36,No,Driver,5,405589,651026,5,Basra,1
101567,Male,Yes,75,Yes,Retired,22,632714,8037104,3,Sulaymaniyah,4
101568,Male,Yes,50,Yes,Laborer,13,318960,567387,5,Basra,3
101569,Male,No,73,No,Retired,19,518217,2475975,2,Baghdad,4
101570,Male,Yes,61,No,Retired,23,729089,9341020,2,Dhi_Qar,4
101571,Male,Yes,33,Yes,Government_Employee,10,859798,1827259,5,Dhi_Qar,2
101572,Male,No,83,No,Retired,15,504450,6243350,1,Najaf,4
101573,Male,Yes,31,Yes,Government_Employee,4,969697,2095655,5,Najaf,2
101574,Male,Yes,76,Yes,Retired,15,351252,8566685,4,Sulaymaniyah,4
101575,Male,Yes,81,No,Retired,26,516388,7683417,3,Basra,4
101576,Female,Yes,49,Yes,Trader,6,2968856,14218853,4,Karbala,5
101577,Female,No,20,No,Private_Sector,1,363640,445623,2,Najaf,6
101578,Female,No,35,Yes,Trader,5,2032126,15385892,5,Sulaymaniyah,5
101579,Female,Yes,54,Yes,Engineer,13,1351440,15036229,3,Mosul,5
101580,Female,Yes,67,Yes,Retired,25,638613,4797139,1,Najaf,4
101581,Female,Yes,26,No,Student,0,273678,214973,2,Mosul,0
101582,Male,Yes,28,No,Government_Employee,10,721475,2375769,5,Baghdad,2
101583,Male,Yes,39,Yes,Engineer,5,1521939,13848074,3,Baghdad,5
101584,Female,Yes,54,No,Homemaker,7,475605,678557,4,Baghdad,1
101585,Male,No,32,No,Private_Sector,4,967401,1335880,3,Basra,6
101586,Male,Yes,47,Yes,Laborer,5,727406,262158,5,Basra,3
101587,Female,Yes,40,No,Driver,10,573111,1282005,8,Baghdad,1
101588,Male,No,20,Yes,Private_Sector,1,151845,210326,3,Mosul,6
101589,Male,No,78,No,Retired,21,380860,8624694,4,Sulaymaniyah,4
101590,Female,Yes,35,Yes,Government_Employee,8,975896,2538012,5,Mosul,2
101591,Female,No,25,No,Laborer,2,393508,408482,3,Erbil,3
101592,Female,Yes,28,Yes,Private_Sector,7,666256,2883035,4,Diyala,6
101593,Male,Yes,34,Yes,Government_Employee,5,1036160,3118740,5,Sulaymaniyah,2
101594,Male,No,25,Yes,Student,1,357972,320670,3,Diyala,0
101595,Female,Yes,58,Yes,Retired,17,652696,4818731,2,Basra,4
101596,Male,Yes,33,Yes,Private_Sector,8,574261,4356227,5,Basra,6
101597,Male,No,31,Yes,Government_Employee,10,1106076,2252201,4,Karbala,2
101598,Female,No,42,No,Driver,9,496885,548543,8,Diyala,1
101599,Female,Yes,41,No,Laborer,17,574250,480802,6,Baghdad,3
101600,Male,Yes,39,No,Government_Employee,9,943672,1130915,4,Dhi_Qar,2
101601,Female,Yes,32,Yes,Teacher,3,1008037,4160888,5,Sulaymaniyah,6
101602,Male,Yes,32,Yes,Doctor,10,2374125,16683641,5,Anbar,5
101603,Male,Yes,32,Yes,Teacher,7,806244,2745367,4,Baghdad,6
101604,Female,Yes,46,No,Driver,7,531732,634472,5,Basra,1
101605,Male,Yes,35,No,Government_Employee,9,692127,2306948,4,Najaf,2
101606,Female,No,26,Yes,Unemployed,2,326748,489859,1,Baghdad,6
101607,Female,No,19,No,Private_Sector,2,280845,300506,2,Erbil,6
101608,Male,No,19,No,Student,2,240089,495172,1,Basra,0
101609,Female,No,24,No,Laborer,0,360231,519020,3,Mosul,3
101610,Male,Yes,37,No,Laborer,15,625676,771526,8,Dhi_Qar,3
101611,Male,Yes,72,No,Retired,27,626687,5692091,4,Erbil,4
101612,Male,No,36,Yes,Trader,19,3251233,11696120,6,Najaf,5
101613,Male,Yes,47,No,Homemaker,4,648992,664309,7,Baghdad,1
101614,Male,Yes,54,No,Trader,13,1589418,21259311,5,Diyala,5
101615,Female,Yes,65,No,Retired,15,751464,6689903,3,Mosul,4
101616,Female,No,23,No,Laborer,2,287409,321377,1,Dhi_Qar,3
101617,Female,No,34,No,Private_Sector,5,1008638,3632665,5,Basra,6
101618,Male,Yes,35,No,Trader,16,2269128,10835694,6,Baghdad,5
101619,Male,Yes,73,Yes,Retired,28,702017,6828276,2,Basra,4
101620,Male,Yes,29,Yes,Government_Employee,8,1002419,2579368,5,Mosul,2
101621,Male,Yes,34,No,Government_Employee,9,1146614,1762042,3,Anbar,2
101622,Male,Yes,34,No,Government_Employee,4,1077384,2528210,5,Baghdad,2
101623,Female,Yes,37,Yes,Private_Sector,5,1009403,2783201,5,Karbala,6
101624,Female,Yes,42,Yes,Engineer,15,2368252,16670650,4,Anbar,5
101625,Female,Yes,39,No,Laborer,4,371559,795760,5,Baghdad,3
101626,Female,Yes,39,No,Homemaker,3,510673,613032,4,Mosul,1
101627,Male,Yes,37,Yes,Trader,19,2958506,12266689,3,Basra,5
101628,Female,Yes,24,Yes,Private_Sector,2,450098,263602,3,Najaf,6
101629,Female,Yes,41,No,Private_Sector,3,671797,2752284,4,Baghdad,6
101630,Female,Yes,72,Yes,Retired,21,713566,3232697,2,Dhi_Qar,4
101631,Male,Yes,32,No,Driver,15,383842,781566,7,Najaf,1
101632,Male,No,24,No,Student,1,380811,281698,1,Karbala,0
101633,Male,Yes,69,Yes,Retired,26,731541,7983338,4,Baghdad,4
101634,Female,Yes,32,No,Homemaker,8,629509,534700,6,Karbala,1
101635,Female,No,26,No,Laborer,2,409793,746499,2,Dhi_Qar,3
101636,Male,Yes,54,Yes,Driver,16,385894,214183,5,Sulaymaniyah,1
101637,Female,Yes,39,No,Trader,18,1662742,8614137,6,Baghdad,5
101638,Male,Yes,80,No,Retired,24,705918,3574622,1,Diyala,4
101639,Male,Yes,69,No,Retired,23,289300,3673061,4,Najaf,4
101640,Female,Yes,79,Yes,Retired,22,623539,7280987,1,Basra,4
101641,Male,Yes,35,No,Homemaker,8,451005,15506,6,Najaf,1
101642,Male,No,79,No,Retired,19,695700,7712541,1,Anbar,4
101643,Female,Yes,40,Yes,Teacher,4,1213180,2070081,5,Erbil,6
101644,Female,Yes,37,Yes,Private_Sector,5,579705,1411665,5,Baghdad,6
101645,Female,No,53,No,Laborer,12,150000,716600,7,Baghdad,3
101646,Male,No,31,Yes,Teacher,3,937801,2262870,4,Dhi_Qar,6
101647,Male,No,36,Yes,Teacher,7,854658,2861652,3,Najaf,6
101648,Female,No,19,Yes,Student,0,463226,691750,1,Dhi_Qar,0
101649,Male,Yes,41,No,Private_Sector,11,707314,1850607,5,Baghdad,6
101650,Female,Yes,38,Yes,Trader,6,1689749,28425508,3,Karbala,5
101651,Female,No,22,No,Student,1,282897,313562,3,Sulaymaniyah,0
101652,Male,Yes,28,Yes,Government_Employee,6,845273,1420356,3,Baghdad,2
101653,Female,Yes,53,No,Doctor,11,2028057,3264795,4,Erbil,5
101654,Male,Yes,41,Yes,Government_Employee,11,1094914,2910944,5,Baghdad,2
101655,Male,Yes,68,Yes,Retired,19,654232,10749766,2,Sulaymaniyah,4
101656,Male,Yes,37,No,Trader,17,3773624,17307804,3,Baghdad,5
101657,Male,Yes,30,Yes,Private_Sector,11,792964,1406254,3,Sulaymaniyah,6
101658,Female,Yes,82,Yes,Retired,23,669006,5972295,4,Baghdad,4
101659,Female,No,50,Yes,Trader,10,2390937,6168854,4,Erbil,5
101660,Female,Yes,32,Yes,Teacher,11,833879,2348162,5,Baghdad,6
101661,Female,No,18,Yes,Student,0,425512,442676,3,Erbil,0
101662,Female,Yes,48,No,Laborer,18,489098,890691,4,Basra,3
101663,Female,No,26,No,Laborer,2,640117,513429,3,Baghdad,3
101664,Male,No,40,Yes,Private_Sector,6,912408,3239139,4,Diyala,6
101665,Female,Yes,42,Yes,Trader,9,2121871,7013931,6,Baghdad,5
101666,Male,Yes,39,Yes,Laborer,9,734314,1207736,6,Basra,3
101667,Female,Yes,41,Yes,Private_Sector,10,1089147,2992571,4,Diyala,6
101668,Female,No,23,No,Student,0,255085,191909,3,Baghdad,0
101669,Female,Yes,71,No,Retired,29,398810,6604112,4,Dhi_Qar,4
101670,Male,Yes,34,No,Homemaker,14,626446,541818,5,Karbala,1
101671,Female,Yes,35,No,Private_Sector,11,840054,3629404,5,Anbar,6
101672,Female,Yes,52,No,Laborer,4,428627,493400,8,Baghdad,3
101673,Female,Yes,32,Yes,Government_Employee,8,1022298,2041710,4,Anbar,2
101674,Female,Yes,42,No,Homemaker,12,247913,606438,5,Karbala,1
101675,Female,No,18,Yes,Private_Sector,1,369556,507488,2,Baghdad,6
101676,Male,No,82,No,Retired,19,770553,7035430,3,Basra,4
101677,Female,Yes,31,No,Laborer,19,408914,672542,7,Erbil,3
101678,Female,Yes,39,Yes,Government_Employee,6,823570,2519115,3,Baghdad,2
101679,Male,Yes,82,Yes,Retired,15,681554,6414302,1,Mosul,4
101680,Male,Yes,47,No,Trader,8,3393845,13585293,6,Baghdad,5
101681,Female,Yes,28,Yes,Government_Employee,5,894264,2425731,5,Baghdad,2
101682,Female,Yes,19,No,Private_Sector,1,344978,409741,3,Erbil,6
101683,Female,No,62,No,Retired,25,675301,4551222,3,Mosul,4
101684,Female,Yes,39,Yes,Teacher,10,573370,1645860,4,Diyala,6
101685,Male,Yes,45,No,Trader,14,2700010,20961711,6,Baghdad,5
101686,Female,No,26,No,Student,2,300645,918360,1,Sulaymaniyah,0
101687,Female,No,21,No,Student,2,196574,393923,3,Baghdad,0
101688,Male,No,20,Yes,Student,2,162493,642829,3,Baghdad,0
101689,Female,Yes,37,No,Doctor,16,3117646,21549785,4,Basra,5
101690,Male,No,22,Yes,Unemployed,0,203325,484854,1,Baghdad,6
101691,Female,Yes,39,Yes,Government_Employee,5,960547,3213965,4,Dhi_Qar,2
101692,Male,No,38,No,Trader,15,2904065,12969995,6,Baghdad,5
101693,Female,Yes,40,No,Private_Sector,7,1022931,1863641,4,Baghdad,6
101694,Male,Yes,36,Yes,Engineer,13,2339707,16090855,4,Baghdad,5
101695,Female,Yes,38,Yes,Government_Employee,4,1021900,3279517,3,Diyala,2
101696,Female,Yes,66,No,Retired,28,495875,2481957,1,Basra,4
101697,Male,Yes,35,No,Government_Employee,7,840982,2129049,4,Sulaymaniyah,2
101698,Female,Yes,38,Yes,Government_Employee,11,1184879,2479398,4,Anbar,2
101699,Male,Yes,51,No,Laborer,7,622115,884583,8,Basra,3
101700,Male,Yes,18,No,Private_Sector,1,416933,618138,3,Erbil,6
101701,Male,No,42,No,Doctor,19,1687153,19516272,5,Baghdad,5
101702,Female,Yes,33,Yes,Trader,18,1864413,15146024,6,Mosul,5
101703,Female,Yes,30,Yes,Government_Employee,6,780625,2114882,5,Najaf,2
101704,Female,Yes,75,Yes,Retired,23,402429,6945715,2,Baghdad,4
101705,Female,Yes,70,No,Retired,15,704909,7419927,1,Baghdad,4
101706,Female,Yes,35,No,Trader,16,2364948,18094390,5,Mosul,5
101707,Female,Yes,32,Yes,Government_Employee,10,722766,2479964,5,Baghdad,2
101708,Female,No,23,No,Unemployed,2,260664,255437,2,Diyala,6
101709,Male,Yes,33,No,Driver,15,273575,914471,8,Mosul,1
101710,Female,Yes,37,Yes,Driver,13,411721,553123,8,Baghdad,1
101711,Male,Yes,37,No,Private_Sector,6,916726,3233410,3,Baghdad,6
101712,Male,Yes,30,Yes,Government_Employee,8,832900,1808001,4,Dhi_Qar,2
101713,Male,Yes,54,No,Trader,15,3581117,16973985,4,Najaf,5
101714,Female,Yes,77,No,Retired,20,599922,8365707,3,Mosul,4
101715,Male,Yes,64,Yes,Retired,23,523982,5832797,4,Karbala,4
101716,Female,Yes,68,No,Retired,26,636136,9329169,3,Baghdad,4
101717,Male,Yes,59,No,Retired,22,635598,6332305,1,Karbala,4
101718,Male,Yes,44,No,Trader,5,2229464,13813707,6,Mosul,5
101719,Male,No,26,Yes,Student,2,440208,576249,2,Basra,0
101720,Female,Yes,31,No,Engineer,14,2053183,24196876,5,Baghdad,5
101721,Male,Yes,64,No,Retired,20,614418,3467023,3,Karbala,4
101722,Male,Yes,41,No,Teacher,3,782798,1292578,3,Sulaymaniyah,6
101723,Female,Yes,34,Yes,Government_Employee,5,1166227,2446047,3,Baghdad,2
101724,Male,No,34,No,Government_Employee,8,542717,2901086,3,Diyala,2
101725,Male,Yes,41,Yes,Trader,7,2929138,10459065,5,Mosul,5
101726,Female,No,23,No,Unemployed,1,397250,132181,2,Baghdad,6
101727,Male,Yes,83,No,Retired,20,536529,4924517,4,Sulaymaniyah,4
101728,Female,Yes,73,No,Retired,23,291754,4436685,4,Baghdad,4
101729,Female,Yes,28,No,Government_Employee,3,1061676,1572881,4,Erbil,2
101730,Female,Yes,38,Yes,Government_Employee,11,974317,2711215,4,Mosul,2
101731,Male,Yes,19,No,Student,1,516135,9961,2,Baghdad,0
101732,Male,Yes,38,Yes,Private_Sector,11,801997,2196380,3,Dhi_Qar,6
101733,Female,Yes,49,No,Driver,4,595613,181449,5,Baghdad,1
101734,Female,Yes,33,No,Teacher,8,795710,1116437,5,Sulaymaniyah,6
101735,Male,Yes,40,No,Driver,10,498465,611574,6,Baghdad,1
101736,Male,No,23,Yes,Laborer,1,270764,355633,3,Erbil,3
101737,Female,Yes,33,No,Teacher,7,1069388,1792487,4,Baghdad,6
101738,Female,Yes,34,Yes,Doctor,14,1305168,5957555,6,Dhi_Qar,5
101739,Male,No,18,No,Private_Sector,0,343221,606769,2,Baghdad,6
101740,Female,No,18,Yes,Private_Sector,0,257864,422183,1,Mosul,6
101741,Female,No,61,Yes,Retired,28,647586,4342221,4,Anbar,4
101742,Male,Yes,30,No,Government_Employee,8,1120520,2569454,3,Baghdad,2
101743,Male,Yes,63,Yes,Retired,25,714110,4503089,3,Baghdad,4
101744,Male,Yes,29,No,Government_Employee,8,736813,4154571,4,Mosul,2
101745,Female,Yes,33,No,Teacher,7,987982,2641714,4,Baghdad,6
101746,Male,Yes,33,Yes,Laborer,17,436343,921017,5,Baghdad,3
101747,Female,Yes,40,Yes,Engineer,5,2071205,17269912,4,Baghdad,5
101748,Female,No,21,Yes,Student,2,396868,163613,1,Diyala,0
101749,Female,Yes,31,Yes,Government_Employee,11,960183,2005520,5,Mosul,2
101750,Male,No,21,No,Laborer,2,592307,320250,3,Sulaymaniyah,3
101751,Male,No,25,Yes,Student,0,382246,295974,3,Baghdad,0
101752,Male,Yes,45,Yes,Trader,6,2215786,11906236,6,Karbala,5
101753,Male,No,23,No,Student,1,264821,246337,2,Baghdad,0
101754,Female,No,26,No,Unemployed,0,162074,410348,3,Baghdad,6
101755,Male,No,18,No,Laborer,0,322632,678750,2,Erbil,3
101756,Female,No,22,No,Unemployed,0,532557,198931,2,Anbar,6
101757,Male,Yes,34,Yes,Government_Employee,3,867320,2310962,4,Mosul,2
101758,Male,No,21,No,Laborer,1,347516,294305,1,Anbar,3
101759,Male,Yes,37,No,Government_Employee,4,745316,2299717,5,Sulaymaniyah,2
101760,Female,Yes,30,No,Government_Employee,5,1073502,2418797,3,Baghdad,2
101761,Male,No,18,No,Student,0,372594,663494,1,Sulaymaniyah,0
101762,Male,No,25,No,Private_Sector,0,558522,714399,3,Mosul,6
101763,Female,No,26,Yes,Student,1,183103,48605,1,Baghdad,0
101764,Female,Yes,46,No,Homemaker,17,537140,1024955,6,Sulaymaniyah,1
101765,Female,No,38,No,Private_Sector,8,892611,2365836,5,Sulaymaniyah,6
101766,Female,Yes,36,No,Government_Employee,9,646943,1517378,5,Baghdad,2
101767,Female,No,70,Yes,Retired,22,150000,5623792,4,Anbar,4
101768,Female,Yes,81,No,Retired,15,746706,5654269,1,Basra,4
101769,Female,Yes,75,Yes,Retired,18,518642,8641174,2,Baghdad,4
101770,Male,Yes,31,No,Driver,11,457753,852696,5,Basra,1
101771,Female,Yes,35,No,Trader,19,1949542,19790920,5,Diyala,5
101772,Male,No,24,Yes,Laborer,1,458794,512763,3,Najaf,3
101773,Male,Yes,40,No,Engineer,16,1329261,15730745,5,Baghdad,5
101774,Male,No,41,Yes,Private_Sector,10,779177,2513300,5,Dhi_Qar,6
101775,Male,No,61,Yes,Retired,29,729443,4452565,2,Baghdad,4
101776,Female,Yes,35,Yes,Teacher,10,507266,3944019,5,Mosul,6
101777,Male,Yes,65,No,Retired,19,445354,4636481,1,Baghdad,4
101778,Female,No,19,No,Student,2,221265,457237,1,Baghdad,0
101779,Female,Yes,28,Yes,Government_Employee,4,1003965,1198100,4,Baghdad,2
101780,Male,Yes,31,No,Private_Sector,6,871828,3012406,3,Mosul,6
101781,Female,No,19,No,Student,0,262987,530265,3,Mosul,0
101782,Female,Yes,69,No,Retired,27,712354,2778073,3,Erbil,4
101783,Male,Yes,62,No,Retired,21,545837,4822258,4,Dhi_Qar,4
101784,Male,Yes,32,Yes,Government_Employee,6,932882,2645589,4,Mosul,2
101785,Female,Yes,58,No,Retired,16,536303,9880914,1,Najaf,4
101786,Female,Yes,52,No,Laborer,15,575236,641617,5,Basra,3
101787,Male,Yes,34,Yes,Engineer,18,2131033,10051245,3,Anbar,5
101788,Male,Yes,41,Yes,Government_Employee,3,1196917,2457530,4,Basra,2
101789,Male,Yes,76,No,Retired,17,375676,6174479,3,Sulaymaniyah,4
101790,Female,Yes,34,Yes,Private_Sector,9,265666,2730522,4,Erbil,6
101791,Male,Yes,30,No,Doctor,14,2408925,20766051,6,Karbala,5
101792,Male,Yes,83,No,Retired,25,630237,2065551,1,Sulaymaniyah,4
101793,Female,Yes,34,No,Private_Sector,4,993227,3315585,4,Karbala,6
101794,Female,Yes,68,Yes,Retired,20,490119,6175666,3,Mosul,4
101795,Male,No,43,Yes,Trader,12,1747418,3998130,5,Mosul,5
101796,Male,Yes,47,Yes,Engineer,12,2565101,9281972,5,Baghdad,5
101797,Female,No,28,Yes,Government_Employee,6,1117046,2671585,4,Baghdad,2
101798,Male,No,67,Yes,Retired,17,891354,5973658,4,Baghdad,4
101799,Male,No,18,No,Student,2,526922,419329,3,Mosul,0
101800,Female,No,46,Yes,Trader,9,1720135,8797685,6,Najaf,5
101801,Male,Yes,52,Yes,Engineer,19,2123756,10874667,4,Baghdad,5
101802,Male,No,26,No,Private_Sector,2,410268,550536,1,Diyala,6
101803,Female,Yes,83,Yes,Retired,27,677967,3964703,1,Anbar,4
101804,Female,Yes,38,Yes,Trader,6,1585272,20606556,4,Erbil,5
101805,Male,No,21,Yes,Student,0,305669,732809,1,Sulaymaniyah,0
101806,Male,No,79,No,Retired,27,664398,6964136,2,Baghdad,4
101807,Male,No,60,No,Retired,23,640509,4809969,3,Najaf,4
101808,Female,Yes,32,No,Driver,19,449547,965985,8,Baghdad,1
101809,Male,Yes,81,No,Retired,27,543193,9162844,3,Anbar,4
101810,Female,Yes,54,Yes,Trader,14,605943,8733442,3,Karbala,5
101811,Male,No,73,Yes,Retired,18,624364,9699338,4,Mosul,4
101812,Male,Yes,40,No,Teacher,7,799994,2816061,4,Sulaymaniyah,6
101813,Male,No,40,Yes,Government_Employee,8,741214,3486700,5,Baghdad,2
101814,Male,No,37,Yes,Government_Employee,9,953202,1955546,5,Baghdad,2
101815,Male,Yes,36,Yes,Government_Employee,10,1011529,2717765,3,Basra,2
101816,Male,Yes,34,No,Driver,18,540663,1431987,4,Baghdad,1
101817,Male,Yes,47,Yes,Doctor,7,2189683,21806775,3,Basra,5
101818,Female,Yes,45,No,Engineer,16,1732375,26547764,3,Karbala,5
101819,Male,Yes,29,No,Government_Employee,5,925499,2959966,4,Baghdad,2
101820,Female,Yes,36,Yes,Private_Sector,8,1016475,3690647,5,Baghdad,6
101821,Male,Yes,28,Yes,Teacher,7,749060,2836557,5,Baghdad,6
101822,Male,Yes,33,No,Laborer,13,308042,958461,5,Basra,3
101823,Male,Yes,70,No,Retired,22,897414,9927662,1,Najaf,4
101824,Female,Yes,48,Yes,Doctor,17,2241484,13632051,4,Dhi_Qar,5
101825,Female,Yes,50,Yes,Trader,13,3178461,17949676,3,Erbil,5
101826,Female,Yes,78,No,Retired,17,987293,5987561,2,Baghdad,4
101827,Male,No,41,Yes,Teacher,4,1042853,2958011,4,Diyala,6
101828,Female,Yes,34,No,Government_Employee,4,1011426,1510265,3,Mosul,2
101829,Female,Yes,30,Yes,Doctor,12,2843905,15839208,4,Mosul,5
101830,Male,Yes,39,Yes,Government_Employee,8,978938,3238066,3,Sulaymaniyah,2
101831,Female,Yes,84,Yes,Retired,16,366040,4988269,4,Najaf,4
101832,Male,Yes,33,No,Driver,17,415325,309186,6,Baghdad,1
101833,Female,Yes,46,No,Driver,16,462357,866355,8,Diyala,1
101834,Female,No,76,No,Retired,24,613923,8370812,1,Baghdad,4
101835,Male,Yes,52,No,Trader,8,2247366,20196618,6,Anbar,5
101836,Male,Yes,24,No,Laborer,1,366752,414494,1,Mosul,3
101837,Female,Yes,34,No,Laborer,18,370112,390139,6,Sulaymaniyah,3
101838,Female,Yes,50,No,Laborer,8,404440,971076,6,Erbil,3
101839,Female,Yes,54,No,Engineer,18,2779498,12406303,4,Baghdad,5
101840,Female,No,79,No,Retired,29,398844,6651540,4,Erbil,4
101841,Male,Yes,34,No,Driver,12,579364,939129,8,Baghdad,1
101842,Female,Yes,34,No,Government_Employee,5,824376,2025904,5,Sulaymaniyah,2
101843,Female,No,40,Yes,Doctor,10,2313013,24654110,4,Erbil,5
101844,Male,Yes,30,No,Laborer,7,555282,477535,7,Karbala,3
101845,Male,Yes,36,Yes,Teacher,8,1053342,2489773,3,Anbar,6
101846,Female,No,26,No,Student,0,389380,350947,2,Karbala,0
101847,Female,Yes,36,No,Driver,11,486178,902600,8,Dhi_Qar,1
101848,Male,Yes,32,Yes,Homemaker,19,498952,560752,7,Erbil,1
101849,Male,No,26,No,Laborer,2,398625,277142,1,Baghdad,3
101850,Female,Yes,47,Yes,Engineer,8,3312612,15846079,6,Erbil,5
101851,Female,Yes,42,Yes,Trader,12,2564478,12078323,3,Baghdad,5
101852,Male,Yes,76,No,Retired,20,569886,8339884,4,Karbala,4
101853,Male,Yes,49,Yes,Trader,13,2520589,13195266,4,Basra,5
101854,Male,Yes,42,Yes,Trader,8,1309981,15642286,5,Baghdad,5
101855,Female,Yes,34,Yes,Engineer,14,1948849,22461098,3,Dhi_Qar,5
101856,Male,Yes,54,Yes,Engineer,13,3575247,18929166,4,Basra,5
101857,Female,No,23,Yes,Unemployed,2,329329,577020,3,Erbil,6
101858,Female,No,19,Yes,Student,0,416904,539828,3,Baghdad,0
101859,Female,Yes,38,Yes,Government_Employee,10,691334,2026382,4,Anbar,2
101860,Female,Yes,33,No,Driver,7,627695,1025294,6,Baghdad,1
101861,Female,Yes,30,No,Government_Employee,6,692607,2357626,4,Dhi_Qar,2
101862,Male,Yes,31,No,Doctor,13,2103169,18465019,4,Erbil,5
101863,Female,Yes,45,No,Laborer,7,474566,863179,8,Najaf,3
101864,Male,No,26,No,Private_Sector,0,346151,258960,3,Basra,6
101865,Female,No,25,Yes,Student,0,252693,374432,3,Baghdad,0
101866,Male,Yes,33,Yes,Private_Sector,6,1099048,2650804,3,Baghdad,6
101867,Female,Yes,40,No,Driver,16,292156,1083078,4,Erbil,1
101868,Male,Yes,60,No,Retired,24,641367,6467574,1,Mosul,4
101869,Male,No,20,Yes,Student,0,497171,235789,1,Anbar,0
101870,Female,No,24,No,Unemployed,1,413444,426416,3,Basra,6
101871,Male,No,19,Yes,Unemployed,2,482976,722065,3,Najaf,6
101872,Female,Yes,52,Yes,Driver,13,430519,886360,4,Basra,1
101873,Female,Yes,31,No,Government_Employee,10,1314015,2985760,3,Mosul,2
101874,Male,Yes,51,No,Laborer,13,284065,1057272,5,Basra,3
101875,Male,Yes,75,Yes,Retired,28,534943,3469452,3,Baghdad,4
101876,Male,Yes,52,No,Driver,5,447683,579442,6,Baghdad,1
101877,Male,No,47,Yes,Trader,16,3913889,12733156,3,Mosul,5
101878,Female,Yes,39,Yes,Government_Employee,6,983968,2037540,5,Najaf,2
101879,Female,Yes,52,Yes,Trader,19,2064543,15087015,4,Diyala,5
101880,Male,Yes,50,No,Driver,3,358596,707224,4,Baghdad,1
101881,Male,Yes,35,No,Laborer,14,360573,639221,5,Baghdad,3
101882,Female,Yes,35,Yes,Private_Sector,5,1065830,2105788,5,Baghdad,6
101883,Female,No,33,Yes,Trader,12,3580801,17843793,6,Mosul,5
101884,Male,Yes,80,Yes,Retired,21,453450,5806745,1,Sulaymaniyah,4
101885,Male,Yes,34,Yes,Teacher,8,993389,2188619,4,Baghdad,6
101886,Female,No,28,Yes,Government_Employee,11,1041813,3055953,5,Erbil,2
101887,Female,Yes,38,No,Government_Employee,8,915849,2438647,4,Mosul,2
101888,Female,No,50,Yes,Trader,17,1580234,18101468,4,Basra,5
101889,Female,Yes,29,Yes,Teacher,7,1136695,1946937,5,Sulaymaniyah,6
101890,Female,Yes,72,No,Retired,26,581888,4670590,4,Baghdad,4
101891,Male,Yes,72,No,Retired,15,520633,6400358,3,Karbala,4
101892,Female,Yes,54,No,Driver,8,536811,498116,6,Sulaymaniyah,1
101893,Female,Yes,81,No,Retired,25,482970,5675573,4,Dhi_Qar,4
101894,Male,Yes,36,No,Private_Sector,5,838926,2254517,4,Najaf,6
101895,Male,No,21,No,Student,0,576216,234430,3,Baghdad,0
101896,Female,No,39,No,Government_Employee,5,834214,2707125,5,Sulaymaniyah,2
101897,Male,Yes,51,Yes,Driver,7,350561,728815,6,Mosul,1
101898,Male,Yes,51,Yes,Engineer,10,2600491,11517122,3,Mosul,5
101899,Male,No,24,No,Private_Sector,2,318886,622592,1,Baghdad,6
101900,Male,Yes,33,Yes,Engineer,15,2588674,21047075,3,Sulaymaniyah,5
101901,Female,Yes,71,No,Retired,27,762964,8011846,2,Erbil,4
101902,Male,Yes,71,No,Retired,26,556153,5169932,2,Baghdad,4
101903,Male,Yes,63,No,Retired,26,651146,3557692,2,Basra,4
101904,Female,No,38,No,Laborer,15,643112,170495,4,Sulaymaniyah,3
101905,Female,Yes,42,No,Trader,18,3366868,1295518,5,Mosul,5
101906,Female,Yes,63,No,Retired,24,679270,7305803,3,Dhi_Qar,4
101907,Female,No,23,No,Laborer,1,478529,533458,3,Anbar,3
101908,Male,No,59,No,Retired,22,711521,4960018,1,Baghdad,4
101909,Male,Yes,39,Yes,Engineer,8,3878921,7593932,6,Karbala,5
101910,Female,No,25,Yes,Student,1,489853,299282,1,Mosul,0
101911,Female,Yes,36,Yes,Government_Employee,3,618211,2538525,4,Mosul,2
101912,Male,Yes,60,No,Retired,20,644341,5303691,2,Karbala,4
101913,Male,No,38,No,Teacher,3,742123,2013599,3,Diyala,6
101914,Female,Yes,34,Yes,Government_Employee,11,1042868,1634870,3,Najaf,2
101915,Female,Yes,28,No,Government_Employee,3,966285,2540441,3,Baghdad,2
101916,Female,Yes,72,No,Retired,29,560092,4214003,4,Basra,4
101917,Female,No,18,No,Unemployed,0,450369,656291,1,Karbala,6
101918,Female,No,19,No,Student,2,506549,704408,2,Sulaymaniyah,0
101919,Female,No,23,No,Private_Sector,0,209981,531938,2,Baghdad,6
101920,Male,Yes,83,No,Retired,19,663966,8794971,4,Basra,4
101921,Male,No,24,No,Laborer,2,337808,874014,2,Basra,3
101922,Female,Yes,33,Yes,Doctor,7,1881728,12002231,4,Mosul,5
101923,Female,Yes,43,Yes,Engineer,6,3056289,8732873,4,Karbala,5
101924,Female,Yes,34,Yes,Private_Sector,4,1195003,1839032,3,Baghdad,6
101925,Female,Yes,28,Yes,Teacher,4,1265304,2392184,4,Baghdad,6
101926,Female,Yes,35,No,Doctor,10,2586537,11664156,5,Baghdad,5
101927,Male,No,25,No,Student,2,343983,347152,3,Baghdad,0
101928,Male,Yes,37,Yes,Private_Sector,9,646632,3876265,4,Baghdad,6
101929,Female,Yes,32,No,Private_Sector,11,777258,2705778,4,Mosul,6
101930,Male,No,25,Yes,Student,0,324960,128627,2,Baghdad,0
101931,Female,Yes,32,Yes,Engineer,18,2643808,12572925,4,Mosul,5
101932,Female,Yes,29,Yes,Private_Sector,4,635104,3131337,5,Basra,6
101933,Male,No,20,No,Student,1,321280,764084,2,Sulaymaniyah,0
101934,Male,No,18,Yes,Student,1,489405,635309,2,Sulaymaniyah,0
101935,Female,Yes,30,Yes,Government_Employee,10,655399,1616360,3,Anbar,2
101936,Female,Yes,79,Yes,Retired,17,403691,6104333,2,Dhi_Qar,4
101937,Male,Yes,67,No,Retired,27,569792,5408150,1,Erbil,4
101938,Male,Yes,36,Yes,Doctor,12,1202188,23422272,6,Erbil,5
101939,Male,No,18,No,Student,1,389739,117596,2,Basra,0
101940,Male,Yes,54,Yes,Trader,13,3149341,12394420,6,Anbar,5
101941,Male,Yes,38,No,Driver,15,514789,636996,8,Baghdad,1
101942,Male,No,20,No,Unemployed,2,410966,305469,1,Baghdad,6
101943,Male,Yes,31,Yes,Government_Employee,10,855580,2693894,5,Baghdad,2
101944,Female,No,22,Yes,Laborer,1,462166,76586,2,Dhi_Qar,3
101945,Female,Yes,31,Yes,Engineer,15,1887629,23698770,5,Baghdad,5
101946,Male,No,19,No,Unemployed,0,259869,687129,3,Erbil,6
101947,Female,Yes,35,No,Homemaker,18,558392,311466,7,Erbil,1
101948,Male,Yes,32,No,Teacher,10,812831,2739091,4,Mosul,6
101949,Male,No,31,No,Engineer,10,1724604,9908471,6,Najaf,5
101950,Female,Yes,31,No,Government_Employee,7,849359,1118633,4,Mosul,2
101951,Male,No,30,Yes,Private_Sector,3,1498556,2011504,5,Baghdad,6
101952,Male,Yes,24,Yes,Student,1,521612,44114,1,Karbala,0
101953,Female,Yes,51,No,Driver,7,353940,386732,6,Baghdad,1
101954,Male,Yes,32,Yes,Private_Sector,8,1490491,2870575,4,Baghdad,6
101955,Male,Yes,29,Yes,Private_Sector,7,635143,1572929,5,Basra,6
101956,Male,No,32,Yes,Private_Sector,6,1155597,2329777,5,Baghdad,6
101957,Female,No,23,No,Student,2,346477,436964,2,Mosul,0
101958,Male,No,31,No,Government_Employee,5,1300071,2737122,3,Najaf,2
101959,Female,Yes,31,Yes,Government_Employee,11,598664,3956521,4,Karbala,2
101960,Female,Yes,43,No,Driver,10,429104,434121,7,Najaf,1
101961,Male,Yes,53,No,Laborer,6,560359,322208,4,Basra,3
101962,Female,Yes,37,No,Government_Employee,4,1288270,3213288,3,Baghdad,2
101963,Female,No,75,Yes,Retired,15,453161,2290460,4,Erbil,4
101964,Male,No,19,Yes,Private_Sector,2,284441,309686,2,Baghdad,6
101965,Female,Yes,51,Yes,Engineer,5,2616325,24624449,6,Baghdad,5
101966,Male,Yes,52,No,Homemaker,6,642881,579786,8,Mosul,1
101967,Female,No,18,Yes,Laborer,0,403013,357304,2,Baghdad,3
101968,Male,No,18,No,Private_Sector,0,323359,273753,1,Basra,6
101969,Male,Yes,79,No,Retired,23,511822,5040369,1,Anbar,4
101970,Female,Yes,71,No,Retired,24,604674,3684624,1,Basra,4
101971,Male,No,34,Yes,Homemaker,13,301962,1012846,6,Baghdad,1
101972,Male,No,24,Yes,Student,1,353475,329092,2,Sulaymaniyah,0
101973,Male,No,26,Yes,Unemployed,2,421543,501567,1,Baghdad,6
101974,Male,No,24,No,Student,1,299339,228615,2,Diyala,0
101975,Male,Yes,40,No,Government_Employee,7,855339,1894282,4,Najaf,2
101976,Female,No,19,No,Student,0,371223,448588,3,Baghdad,0
101977,Male,Yes,48,Yes,Doctor,16,2556980,4514611,6,Sulaymaniyah,5
101978,Female,No,20,No,Student,2,262373,426833,1,Erbil,0
101979,Female,Yes,30,No,Private_Sector,4,711703,2669491,4,Najaf,6
101980,Female,Yes,33,No,Trader,9,2243605,16054934,4,Sulaymaniyah,5
101981,Female,No,19,No,Student,1,345477,1063349,2,Mosul,0
101982,Male,Yes,84,Yes,Retired,24,873605,6745977,2,Baghdad,4
101983,Male,No,31,No,Homemaker,15,445198,1150029,7,Dhi_Qar,1
101984,Male,Yes,39,Yes,Government_Employee,7,1065406,3041363,3,Anbar,2
101985,Female,Yes,32,No,Trader,18,269993,16441026,4,Erbil,5
101986,Female,Yes,40,Yes,Government_Employee,11,928804,2547104,3,Basra,2
101987,Female,Yes,52,No,Driver,19,482728,407779,5,Najaf,1
101988,Female,Yes,42,No,Driver,8,597767,507833,6,Basra,1
101989,Female,Yes,47,Yes,Laborer,10,595956,748954,5,Anbar,3
101990,Female,No,29,No,Government_Employee,5,862318,1999732,5,Karbala,2
101991,Female,Yes,37,Yes,Government_Employee,7,1094258,2535817,4,Erbil,2
101992,Female,No,21,No,Unemployed,1,328890,437527,1,Baghdad,6
101993,Male,No,18,No,Student,0,201502,333355,2,Basra,0
101994,Male,Yes,38,No,Laborer,15,405885,510869,8,Baghdad,3
101995,Female,Yes,41,Yes,Trader,6,2367984,14017139,4,Baghdad,5
101996,Female,Yes,40,No,Teacher,6,858568,1852466,3,Erbil,6
101997,Male,No,19,Yes,Private_Sector,1,266238,0,3,Baghdad,6
101998,Female,Yes,31,No,Laborer,12,584489,469663,8,Baghdad,3
101999,Female,No,24,No,Student,2,357145,45313,1,Sulaymaniyah,0
102000,Male,No,52,Yes,Engineer,5,3832169,23219004,5,Basra,5
102001,Female,No,37,Yes,Trader,11,3791139,26440669,4,Baghdad,5
102002,Male,Yes,71,Yes,Retired,20,564849,5053134,1,Baghdad,4
102003,Female,Yes,72,No,Retired,18,484040,7549621,4,Anbar,4
102004,Male,No,75,Yes,Retired,23,536066,10301823,3,Najaf,4
102005,Female,Yes,43,No,Trader,14,1878719,16365712,3,Basra,5
102006,Male,Yes,39,Yes,Teacher,10,1253518,3331499,3,Dhi_Qar,6
102007,Male,Yes,77,No,Retired,28,573846,6792279,2,Baghdad,4
102008,Female,No,20,No,Private_Sector,1,305001,475208,1,Erbil,6
102009,Female,Yes,32,Yes,Private_Sector,3,1193922,1622511,5,Najaf,6
102010,Male,No,80,No,Retired,17,585550,9012098,2,Baghdad,4
102011,Female,Yes,33,No,Driver,15,387934,491365,8,Baghdad,1
102012,Male,Yes,59,No,Retired,22,305871,5881906,3,Karbala,4
102013,Female,No,23,No,Private_Sector,0,386543,362175,3,Diyala,6
102014,Female,Yes,58,Yes,Retired,17,382924,9401073,2,Baghdad,4
102015,Male,Yes,31,No,Driver,12,570957,1373773,6,Baghdad,1
102016,Male,Yes,40,No,Government_Employee,4,662254,3318434,5,Basra,2
102017,Male,Yes,33,Yes,Teacher,4,869839,2686523,4,Erbil,6
102018,Female,Yes,37,Yes,Government_Employee,10,1323221,1026576,4,Mosul,2
102019,Female,No,42,Yes,Engineer,14,2321563,19144009,3,Basra,5
102020,Female,No,22,Yes,Student,0,297176,559270,3,Erbil,0
102021,Male,No,24,Yes,Student,0,394775,914317,3,Mosul,0
102022,Female,Yes,44,No,Laborer,16,506045,915084,4,Karbala,3
102023,Male,Yes,35,Yes,Trader,15,2392784,3216140,5,Basra,5
102024,Female,No,46,Yes,Trader,15,1092429,14380998,5,Basra,5
102025,Female,Yes,35,No,Teacher,3,1011262,854172,4,Baghdad,6
102026,Male,No,19,No,Student,1,326756,644923,2,Baghdad,0
102027,Female,Yes,19,Yes,Student,1,338517,240578,3,Baghdad,0
102028,Male,No,20,No,Student,1,431125,504920,1,Najaf,0
102029,Male,Yes,83,No,Retired,29,643169,3661080,4,Basra,4
102030,Female,Yes,77,No,Retired,20,479487,6086058,3,Sulaymaniyah,4
102031,Female,Yes,48,No,Driver,11,358830,1066272,6,Najaf,1
102032,Female,Yes,54,No,Laborer,9,183268,626518,6,Mosul,3
102033,Male,No,21,No,Private_Sector,1,392926,676500,2,Baghdad,6
102034,Male,No,19,No,Unemployed,0,234275,211601,1,Sulaymaniyah,6
102035,Female,Yes,74,No,Retired,28,987300,5340706,1,Mosul,4
102036,Female,No,40,No,Private_Sector,4,811415,2437672,4,Mosul,6
102037,Male,Yes,40,No,Driver,7,552371,515359,6,Baghdad,1
102038,Male,Yes,40,No,Trader,5,1513797,22974272,4,Mosul,5
102039,Male,Yes,28,Yes,Private_Sector,5,965442,3187191,4,Mosul,6
102040,Female,Yes,32,Yes,Government_Employee,10,1381450,4152041,5,Baghdad,2
102041,Male,No,41,Yes,Government_Employee,10,1005031,3034321,4,Mosul,2
102042,Male,Yes,41,Yes,Engineer,15,2117106,14248837,5,Anbar,5
102043,Female,No,26,No,Student,2,372163,556788,3,Anbar,0
102044,Female,Yes,46,No,Driver,13,615599,766859,7,Mosul,1
102045,Male,Yes,70,No,Retired,19,362756,4454071,4,Anbar,4
102046,Female,Yes,38,No,Homemaker,7,353473,1037463,8,Basra,1
102047,Female,Yes,38,No,Driver,4,368316,1404423,5,Baghdad,1
102048,Male,Yes,71,No,Retired,19,515583,5803385,1,Najaf,4
102049,Male,Yes,31,No,Driver,15,438514,787834,6,Mosul,1
102050,Female,Yes,69,No,Retired,16,730136,7298844,4,Diyala,4
102051,Male,No,33,Yes,Doctor,10,2951164,22072745,3,Baghdad,5
102052,Female,No,22,Yes,Student,1,399258,242854,2,Baghdad,0
102053,Male,No,54,Yes,Trader,11,3429830,12246214,5,Basra,5
102054,Female,Yes,39,Yes,Engineer,18,2480285,18033803,5,Baghdad,5
102055,Female,No,70,No,Retired,17,429072,6031737,4,Najaf,4
102056,Male,Yes,35,No,Driver,6,507698,1049311,5,Najaf,1
102057,Female,Yes,53,Yes,Trader,13,3833976,3830578,3,Baghdad,5
102058,Female,No,23,No,Unemployed,0,327397,731932,1,Karbala,6
102059,Female,No,18,Yes,Student,0,255447,344952,1,Sulaymaniyah,0
102060,Male,Yes,39,No,Driver,8,777996,594458,4,Dhi_Qar,1
102061,Female,Yes,46,No,Driver,5,351096,639135,7,Baghdad,1
102062,Female,Yes,33,Yes,Private_Sector,7,1097430,3713393,4,Sulaymaniyah,6
102063,Female,No,26,No,Laborer,0,245062,381326,3,Baghdad,3
102064,Female,Yes,21,No,Private_Sector,2,440041,257859,3,Sulaymaniyah,6
102065,Female,No,26,Yes,Laborer,2,347274,320198,3,Baghdad,3
102066,Male,Yes,30,No,Driver,14,549162,127145,4,Baghdad,1
102067,Female,No,40,Yes,Government_Employee,9,1167410,1930581,5,Mosul,2
102068,Male,Yes,33,No,Private_Sector,3,997437,3852313,5,Basra,6
102069,Male,Yes,68,No,Retired,20,801570,4269641,2,Basra,4
102070,Female,Yes,39,No,Teacher,8,860196,2902412,4,Basra,6
102071,Male,No,42,Yes,Trader,17,3570663,12753073,4,Karbala,5
102072,Female,Yes,35,No,Doctor,7,2209456,16737059,4,Anbar,5
102073,Female,No,33,Yes,Teacher,4,851051,2994972,3,Erbil,6
102074,Male,No,20,No,Student,0,265469,698943,1,Dhi_Qar,0
102075,Female,Yes,36,Yes,Teacher,9,914134,2195346,3,Diyala,6
102076,Male,No,24,Yes,Unemployed,0,497619,743735,2,Erbil,6
102077,Female,Yes,34,Yes,Teacher,8,903843,2703388,5,Erbil,6
102078,Male,Yes,36,No,Government_Employee,9,943481,2742409,3,Anbar,2
102079,Female,No,20,Yes,Unemployed,2,306566,141368,2,Erbil,6
102080,Male,Yes,45,No,Homemaker,5,508023,620409,5,Mosul,1
102081,Male,Yes,79,No,Retired,24,544467,7925626,2,Najaf,4
102082,Female,Yes,41,No,Homemaker,4,539622,399114,8,Erbil,1
102083,Female,Yes,30,Yes,Laborer,11,426454,825941,8,Baghdad,3
102084,Female,Yes,38,No,Government_Employee,3,1042046,3246317,5,Erbil,2
102085,Male,No,26,No,Student,1,340529,491704,3,Baghdad,0
102086,Female,Yes,30,No,Laborer,14,532639,390431,4,Anbar,3
102087,Female,Yes,35,Yes,Trader,13,3183339,13637600,4,Sulaymaniyah,5
102088,Female,Yes,63,Yes,Retired,24,501035,3327215,2,Erbil,4
102089,Female,Yes,52,Yes,Driver,9,523883,492524,7,Baghdad,1
102090,Female,Yes,34,Yes,Private_Sector,3,1004770,3353123,3,Najaf,6
102091,Female,Yes,53,Yes,Trader,14,1830662,15227560,6,Basra,5
102092,Male,Yes,39,No,Teacher,7,699033,2633885,5,Baghdad,6
102093,Male,No,25,Yes,Private_Sector,2,282252,397260,2,Baghdad,6
102094,Male,No,24,No,Private_Sector,2,459397,150993,2,Basra,6
102095,Female,Yes,31,Yes,Private_Sector,7,941863,1694155,4,Anbar,6
102096,Female,Yes,38,Yes,Teacher,3,857957,3067909,4,Dhi_Qar,6
102097,Male,Yes,59,No,Retired,28,908907,6125995,4,Mosul,4
102098,Female,Yes,38,Yes,Trader,9,1680261,13691639,3,Baghdad,5
102099,Female,Yes,75,Yes,Retired,22,733272,3979242,1,Mosul,4
102100,Male,No,39,Yes,Private_Sector,7,1208679,418327,3,Mosul,6
102101,Male,No,19,No,Student,0,392580,542705,1,Baghdad,0
102102,Male,Yes,38,No,Engineer,18,1800533,18998068,6,Basra,5
102103,Male,No,29,Yes,Government_Employee,3,951348,4078870,5,Mosul,2
102104,Female,Yes,81,No,Retired,15,633923,5046484,1,Basra,4
102105,Female,Yes,41,Yes,Government_Employee,9,738546,3643507,3,Baghdad,2
102106,Female,Yes,30,Yes,Government_Employee,7,981667,2362476,5,Najaf,2
102107,Male,Yes,76,No,Retired,19,619459,5987066,1,Anbar,4
102108,Female,No,21,Yes,Unemployed,2,186768,551660,3,Diyala,6
102109,Female,Yes,61,No,Retired,26,663933,11224244,1,Anbar,4
102110,Female,Yes,36,Yes,Teacher,6,239596,1542601,5,Baghdad,6
102111,Male,No,25,No,Private_Sector,0,356587,300017,1,Baghdad,6
102112,Female,Yes,31,Yes,Trader,8,3411446,9911401,4,Najaf,5
102113,Female,Yes,33,Yes,Trader,14,2683889,14521058,6,Basra,5
102114,Male,No,21,No,Private_Sector,2,424389,132212,3,Basra,6
102115,Female,No,34,Yes,Teacher,5,839504,3787759,5,Erbil,6
102116,Female,Yes,34,Yes,Government_Employee,5,772166,2769518,3,Mosul,2
102117,Female,Yes,76,No,Retired,16,467970,4304671,1,Basra,4
102118,Female,No,26,No,Private_Sector,0,279166,610122,2,Diyala,6
102119,Male,No,36,Yes,Engineer,13,2512785,16654576,4,Mosul,5
102120,Female,Yes,32,No,Homemaker,5,360146,898134,4,Najaf,1
102121,Male,No,21,No,Unemployed,0,206254,329644,2,Mosul,6
102122,Female,Yes,66,No,Retired,29,577678,10096573,3,Karbala,4
102123,Female,Yes,36,Yes,Private_Sector,4,1031782,2361689,3,Basra,6
102124,Female,No,47,Yes,Trader,17,2507683,13133849,4,Sulaymaniyah,5
102125,Female,Yes,30,Yes,Government_Employee,8,900983,3537070,3,Karbala,2
102126,Female,Yes,41,No,Teacher,4,699754,2752079,5,Sulaymaniyah,6
102127,Male,Yes,35,Yes,Trader,6,1051865,22286153,3,Karbala,5
102128,Female,Yes,45,No,Laborer,14,366564,498034,4,Basra,3
102129,Male,Yes,48,No,Driver,19,388367,649935,6,Basra,1
102130,Female,Yes,41,No,Driver,4,713555,647069,6,Diyala,1
102131,Female,Yes,32,No,Laborer,7,408779,851844,4,Sulaymaniyah,3
102132,Male,Yes,28,Yes,Government_Employee,8,942535,3267858,4,Erbil,2
102133,Female,Yes,62,Yes,Retired,21,672334,10957946,3,Sulaymaniyah,4
102134,Female,Yes,42,No,Homemaker,3,660951,382984,5,Mosul,1
102135,Female,No,26,Yes,Private_Sector,0,379948,664640,1,Karbala,6
102136,Male,Yes,70,No,Retired,21,496139,11584350,3,Basra,4
102137,Female,No,50,No,Engineer,8,2286696,11454653,4,Basra,5
102138,Male,No,22,Yes,Student,0,464465,347272,1,Mosul,0
102139,Male,Yes,49,Yes,Trader,9,2611033,10645045,6,Dhi_Qar,5
102140,Male,Yes,63,No,Retired,20,603294,4757361,3,Erbil,4
102141,Male,No,60,No,Retired,15,434281,5912791,1,Sulaymaniyah,4
102142,Female,Yes,18,No,Laborer,1,314031,232419,1,Najaf,3
102143,Male,Yes,35,Yes,Driver,9,486937,677233,5,Baghdad,1
102144,Female,Yes,41,Yes,Private_Sector,8,893756,2035820,3,Erbil,6
102145,Male,Yes,69,No,Retired,25,519545,4115405,1,Baghdad,4
102146,Male,No,26,No,Student,1,150000,660933,2,Diyala,0
102147,Female,Yes,34,No,Doctor,16,2611929,17012401,3,Karbala,5
102148,Female,No,19,No,Student,0,314931,390079,3,Sulaymaniyah,0
102149,Male,Yes,51,Yes,Trader,16,2743764,17035465,3,Baghdad,5
102150,Female,Yes,34,No,Trader,7,1756321,14268816,5,Erbil,5
102151,Male,Yes,41,No,Government_Employee,10,1078416,2539830,4,Mosul,2
102152,Female,Yes,59,Yes,Retired,19,553140,6615567,3,Sulaymaniyah,4
102153,Female,Yes,43,Yes,Doctor,6,2840627,24050993,5,Najaf,5
102154,Male,No,23,No,Unemployed,1,292435,474685,3,Baghdad,6
102155,Male,No,25,Yes,Student,1,551205,784993,2,Erbil,0
102156,Female,No,23,No,Student,0,578385,195280,2,Basra,0
102157,Female,No,40,Yes,Government_Employee,10,1038521,2913008,3,Karbala,2
102158,Female,No,43,No,Driver,8,463705,887796,5,Diyala,1
102159,Female,Yes,39,Yes,Government_Employee,6,1038985,2399261,4,Najaf,2
102160,Male,No,71,No,Retired,20,485832,6917827,1,Anbar,4
102161,Female,Yes,42,Yes,Doctor,15,2842632,23032841,5,Najaf,5
102162,Male,No,69,No,Retired,24,601639,6943749,4,Erbil,4
102163,Male,Yes,80,No,Retired,15,537416,8680216,3,Baghdad,4
102164,Female,No,19,No,Student,2,300045,255968,3,Anbar,0
102165,Female,Yes,45,No,Driver,6,402785,545908,8,Sulaymaniyah,1
102166,Male,Yes,36,Yes,Government_Employee,7,1006582,2684708,4,Baghdad,2
102167,Female,No,45,No,Driver,5,476629,583477,5,Sulaymaniyah,1
102168,Male,Yes,21,No,Student,0,334651,496243,2,Baghdad,0
102169,Male,No,24,Yes,Laborer,0,369848,779307,3,Basra,3
102170,Female,No,19,No,Laborer,0,362183,289809,2,Karbala,3
102171,Male,Yes,64,Yes,Retired,16,518487,3026315,4,Mosul,4
102172,Male,No,18,No,Unemployed,0,191236,398663,3,Baghdad,6
102173,Male,Yes,39,Yes,Private_Sector,8,735524,2933736,4,Baghdad,6
102174,Male,Yes,52,No,Trader,17,2820017,8872348,4,Baghdad,5
102175,Male,Yes,34,Yes,Engineer,11,1981042,8651433,3,Erbil,5
102176,Male,Yes,32,Yes,Government_Employee,10,1052576,1398164,5,Baghdad,2
102177,Female,Yes,52,Yes,Homemaker,12,416351,774610,4,Baghdad,1
102178,Female,Yes,36,Yes,Private_Sector,4,528271,3418402,5,Najaf,6
102179,Male,No,19,No,Student,1,352029,448687,2,Baghdad,0
102180,Female,Yes,44,No,Trader,15,1746198,20233033,6,Anbar,5
102181,Male,No,25,Yes,Unemployed,2,150000,564839,3,Baghdad,6
102182,Male,Yes,76,No,Retired,21,737734,5434134,4,Mosul,4
102183,Male,No,18,Yes,Unemployed,1,266769,524620,2,Basra,6
102184,Female,Yes,47,No,Laborer,19,382413,220133,7,Basra,3
102185,Female,No,21,No,Private_Sector,0,384625,467464,1,Baghdad,6
102186,Female,No,33,Yes,Government_Employee,8,485909,1702641,3,Basra,2
102187,Male,No,23,No,Student,2,166531,340173,2,Basra,0
102188,Male,Yes,47,Yes,Engineer,14,1619936,17403749,4,Baghdad,5
102189,Female,No,40,No,Government_Employee,6,950435,1533082,5,Sulaymaniyah,2
102190,Male,Yes,31,No,Teacher,6,843703,2624134,4,Mosul,6
102191,Female,Yes,38,Yes,Government_Employee,9,592318,2827463,4,Anbar,2
102192,Male,Yes,39,No,Doctor,7,3366127,13656570,5,Baghdad,5
102193,Female,Yes,34,Yes,Government_Employee,10,558610,2565181,3,Najaf,2
102194,Female,Yes,36,No,Teacher,11,821586,892268,4,Basra,6
102195,Male,Yes,34,No,Government_Employee,7,617278,2802404,3,Mosul,2
102196,Female,No,18,Yes,Student,0,212555,337021,2,Baghdad,0
102197,Female,Yes,34,Yes,Engineer,16,1981357,20196381,5,Najaf,5
102198,Male,Yes,46,No,Laborer,12,502869,705274,7,Karbala,3
102199,Female,Yes,46,No,Driver,8,454474,927609,6,Erbil,1
102200,Male,Yes,43,No,Driver,11,421272,765438,6,Basra,1
102201,Male,No,25,Yes,Student,0,384210,827309,3,Dhi_Qar,0
102202,Female,Yes,60,No,Retired,20,929254,5010711,4,Baghdad,4
102203,Male,No,18,No,Private_Sector,1,184926,256540,1,Najaf,6
102204,Female,No,73,No,Retired,24,490561,4897601,2,Baghdad,4
102205,Male,Yes,80,No,Retired,15,413073,7833898,2,Najaf,4
102206,Male,Yes,40,Yes,Trader,12,2583051,10758915,4,Najaf,5
102207,Female,Yes,47,No,Laborer,3,245056,802371,5,Baghdad,3
102208,Female,Yes,38,Yes,Teacher,10,857091,3577998,3,Mosul,6
102209,Male,Yes,45,Yes,Engineer,13,3338085,14144344,3,Baghdad,5
102210,Female,Yes,41,No,Teacher,7,942756,1672633,4,Najaf,6
102211,Female,Yes,66,No,Retired,25,603129,9869575,2,Basra,4
102212,Male,Yes,46,Yes,Trader,18,1322110,10284245,3,Karbala,5
102213,Male,Yes,33,Yes,Trader,18,3316760,13385967,4,Basra,5
102214,Male,Yes,37,Yes,Private_Sector,11,586499,3058889,4,Basra,6
102215,Male,No,63,No,Retired,16,627384,8699681,2,Dhi_Qar,4
102216,Male,No,25,No,Laborer,2,342317,157031,3,Karbala,3
102217,Male,Yes,45,No,Trader,8,3484086,16777511,6,Mosul,5
102218,Female,No,24,No,Unemployed,1,244193,691862,2,Najaf,6
102219,Female,No,26,No,Student,2,475451,497320,3,Sulaymaniyah,0
102220,Female,No,25,No,Student,0,269384,481531,2,Mosul,0
102221,Female,No,53,Yes,Engineer,17,4020467,6851286,6,Baghdad,5
102222,Female,Yes,37,No,Driver,17,482452,622904,5,Najaf,1
102223,Female,Yes,26,Yes,Unemployed,1,418242,478424,3,Baghdad,6
102224,Male,No,20,No,Student,2,285195,624439,2,Baghdad,0
102225,Female,No,45,Yes,Doctor,12,3479472,18095415,5,Karbala,5
102226,Female,No,24,Yes,Private_Sector,2,348305,779859,3,Baghdad,6
102227,Female,Yes,34,Yes,Government_Employee,7,1113011,2893160,5,Baghdad,2
102228,Female,No,36,Yes,Teacher,4,1146451,1326832,3,Basra,6
102229,Male,No,19,No,Student,2,349140,684771,3,Baghdad,0
102230,Female,Yes,42,No,Driver,19,857617,480163,4,Baghdad,1
102231,Female,No,39,Yes,Teacher,8,852574,878732,4,Baghdad,6
102232,Female,Yes,31,No,Engineer,14,1759387,8304406,3,Basra,5
102233,Female,No,18,No,Unemployed,0,344401,165125,1,Sulaymaniyah,6
102234,Male,Yes,53,No,Driver,10,500296,1114367,7,Diyala,1
102235,Male,No,25,No,Student,0,319372,469558,1,Baghdad,0
102236,Female,Yes,39,Yes,Teacher,3,986219,4071497,5,Sulaymaniyah,6
102237,Female,No,21,Yes,Laborer,2,406871,452528,3,Basra,3
102238,Female,No,21,No,Private_Sector,2,387383,500005,2,Mosul,6
102239,Male,Yes,22,No,Laborer,2,195670,385987,1,Baghdad,3
102240,Female,Yes,34,No,Private_Sector,8,1342006,1685139,4,Mosul,6
102241,Female,No,22,No,Unemployed,1,496830,133087,1,Baghdad,6
102242,Male,Yes,30,No,Private_Sector,8,975070,1924107,3,Sulaymaniyah,6
102243,Female,No,39,Yes,Trader,18,2008624,16566337,3,Baghdad,5
102244,Female,No,21,No,Student,2,197507,465083,2,Erbil,0
102245,Female,No,69,No,Retired,21,655847,6650831,3,Anbar,4
102246,Female,No,19,No,Student,2,455366,551387,3,Karbala,0
102247,Male,Yes,30,Yes,Trader,17,2861569,21979530,4,Baghdad,5
102248,Female,Yes,67,No,Retired,20,684135,9190876,1,Erbil,4
102249,Male,Yes,45,No,Trader,7,979862,12386592,5,Mosul,5
102250,Male,No,24,Yes,Laborer,2,452702,323865,1,Karbala,3
102251,Female,No,21,Yes,Unemployed,2,317557,811259,3,Dhi_Qar,6
102252,Male,No,21,Yes,Laborer,1,435934,170182,1,Anbar,3
102253,Female,No,21,No,Student,2,416136,188698,3,Anbar,0
102254,Male,Yes,42,No,Trader,17,2988413,12276155,6,Karbala,5
102255,Female,Yes,41,No,Driver,11,261888,358448,8,Anbar,1
102256,Male,Yes,29,Yes,Government_Employee,4,835164,1232788,3,Basra,2
102257,Male,Yes,61,Yes,Retired,21,505433,8143034,1,Baghdad,4
102258,Male,No,30,No,Private_Sector,11,656735,3496723,3,Najaf,6
102259,Male,No,44,Yes,Driver,16,525169,567882,6,Najaf,1
102260,Female,No,35,No,Government_Employee,10,567310,3097263,3,Baghdad,2
102261,Female,No,20,Yes,Laborer,0,585716,218940,3,Karbala,3
102262,Female,No,19,Yes,Unemployed,2,300551,344667,1,Baghdad,6
102263,Male,No,18,No,Student,0,511089,443851,3,Dhi_Qar,0
102264,Male,No,18,No,Private_Sector,0,604005,681500,1,Baghdad,6
102265,Male,Yes,48,No,Homemaker,16,479820,592605,6,Najaf,1
102266,Female,Yes,61,No,Retired,19,485815,1797529,4,Najaf,4
102267,Female,No,21,Yes,Private_Sector,1,265157,62064,3,Dhi_Qar,6
102268,Female,Yes,49,Yes,Trader,14,3493378,19815051,4,Baghdad,5
102269,Female,Yes,34,Yes,Government_Employee,5,1116750,1377680,3,Erbil,2
102270,Female,No,20,No,Student,2,409546,241381,3,Baghdad,0
102271,Female,Yes,51,No,Laborer,15,444079,1027224,5,Basra,3
102272,Female,Yes,41,No,Private_Sector,8,1014572,3197183,5,Anbar,6
102273,Male,Yes,53,Yes,Trader,14,3119100,18514851,5,Najaf,5
102274,Female,Yes,35,Yes,Government_Employee,10,757387,2047997,5,Mosul,2
102275,Female,Yes,40,Yes,Engineer,14,2026984,16223334,4,Mosul,5
102276,Male,Yes,30,No,Driver,10,537977,913565,4,Erbil,1
102277,Female,Yes,72,No,Retired,29,586373,5196636,1,Baghdad,4
102278,Female,Yes,38,No,Government_Employee,10,647911,3490123,5,Mosul,2
102279,Female,No,71,No,Retired,25,565784,6870632,3,Baghdad,4
102280,Male,Yes,30,No,Government_Employee,11,775330,3510835,3,Erbil,2
102281,Male,Yes,36,Yes,Private_Sector,11,918898,3965870,4,Mosul,6
102282,Male,No,46,Yes,Trader,19,2822990,13567198,4,Erbil,5
102283,Female,Yes,40,Yes,Government_Employee,4,698415,3841187,5,Dhi_Qar,2
102284,Male,Yes,74,No,Retired,27,625940,8475350,2,Baghdad,4
102285,Male,Yes,30,Yes,Government_Employee,5,1368648,2198782,4,Diyala,2
102286,Female,No,20,No,Private_Sector,0,327828,286633,2,Baghdad,6
102287,Female,Yes,32,No,Driver,18,588256,55126,6,Basra,1
102288,Male,No,24,No,Student,0,463750,267021,3,Sulaymaniyah,0
102289,Male,Yes,61,No,Retired,23,595749,3974940,4,Basra,4
102290,Female,Yes,30,No,Homemaker,12,426883,389934,7,Baghdad,1
102291,Female,No,74,No,Retired,16,672382,2051948,4,Baghdad,4
102292,Male,Yes,54,No,Homemaker,15,539103,837792,4,Basra,1
102293,Male,No,41,Yes,Government_Employee,8,670235,754264,3,Erbil,2
102294,Female,Yes,29,Yes,Private_Sector,10,1265062,3369770,5,Basra,6
102295,Female,Yes,43,Yes,Trader,9,2610250,20324732,5,Erbil,5
102296,Female,No,26,No,Student,1,337931,206766,2,Erbil,0
102297,Female,Yes,34,No,Laborer,18,463227,514722,5,Mosul,3
102298,Female,Yes,81,Yes,Retired,28,886404,8463704,1,Erbil,4
102299,Male,Yes,69,Yes,Retired,23,623751,5092024,2,Baghdad,4
102300,Male,Yes,35,Yes,Engineer,6,1720949,9243880,6,Diyala,5
102301,Male,Yes,50,Yes,Trader,5,1847749,19286458,4,Baghdad,5
102302,Female,No,19,No,Laborer,1,150080,920250,2,Erbil,3
102303,Female,No,21,No,Unemployed,0,472970,567529,1,Dhi_Qar,6
102304,Female,Yes,40,Yes,Government_Employee,10,539120,2634236,5,Erbil,2
102305,Male,No,19,No,Student,1,458776,848441,1,Baghdad,0
102306,Female,Yes,42,No,Trader,14,1385537,20530970,6,Anbar,5
102307,Male,No,26,No,Laborer,0,432419,156734,2,Dhi_Qar,3
102308,Female,Yes,41,No,Driver,9,459056,687182,7,Baghdad,1
102309,Male,No,24,No,Unemployed,1,487922,521768,3,Erbil,6
102310,Male,Yes,38,No,Government_Employee,10,1091426,3002526,3,Baghdad,2
102311,Male,Yes,34,No,Laborer,10,435921,834047,4,Baghdad,3
102312,Female,Yes,54,Yes,Trader,10,2500003,12859408,4,Erbil,5
102313,Female,No,31,No,Private_Sector,11,910145,1793082,4,Sulaymaniyah,6
102314,Female,Yes,60,Yes,Retired,25,667722,5148284,1,Baghdad,4
102315,Female,Yes,29,Yes,Teacher,8,559334,2489953,3,Mosul,6
102316,Male,No,19,Yes,Laborer,1,424185,419442,1,Dhi_Qar,3
102317,Female,Yes,54,No,Laborer,12,509177,798892,5,Basra,3
102318,Female,Yes,44,No,Driver,19,286162,771936,4,Basra,1
102319,Male,Yes,83,Yes,Retired,28,746810,6972045,2,Baghdad,4
102320,Male,Yes,31,No,Government_Employee,10,903674,2027620,3,Baghdad,2
102321,Male,Yes,37,Yes,Engineer,10,2381276,14902774,3,Karbala,5
102322,Female,No,22,Yes,Student,2,458924,709089,2,Anbar,0
102323,Male,No,25,Yes,Private_Sector,0,450660,666122,2,Baghdad,6
102324,Female,Yes,31,No,Homemaker,15,441343,942538,7,Karbala,1
102325,Female,Yes,32,No,Government_Employee,9,1147561,4023396,4,Sulaymaniyah,2
102326,Male,No,23,No,Student,1,268636,627455,2,Baghdad,0
102327,Male,No,70,Yes,Retired,19,755071,6394068,2,Anbar,4
102328,Male,No,40,No,Engineer,6,3623050,15053613,4,Erbil,5
102329,Female,Yes,79,Yes,Retired,26,613915,7664062,4,Baghdad,4
102330,Male,No,19,No,Student,1,228989,395626,2,Baghdad,0
102331,Male,Yes,31,No,Private_Sector,8,971802,2825930,4,Baghdad,6
102332,Male,Yes,32,Yes,Private_Sector,6,1120021,1002785,3,Basra,6
102333,Male,Yes,29,Yes,Private_Sector,9,477413,1553927,5,Mosul,6
102334,Male,No,22,Yes,Unemployed,1,266058,164407,3,Najaf,6
102335,Female,Yes,30,No,Laborer,16,606719,796774,7,Mosul,3
102336,Female,Yes,71,No,Retired,18,583414,6816110,2,Karbala,4
102337,Male,Yes,43,No,Trader,17,2969821,23500216,5,Basra,5
102338,Female,Yes,40,Yes,Private_Sector,5,1003697,3532536,3,Basra,6
102339,Male,Yes,35,Yes,Trader,15,1920267,11849168,6,Mosul,5
102340,Male,Yes,28,Yes,Government_Employee,8,985498,2704535,5,Anbar,2
102341,Male,No,26,Yes,Private_Sector,0,524056,540348,1,Diyala,6
102342,Female,No,34,Yes,Trader,12,1713589,11445921,5,Diyala,5
102343,Male,Yes,67,No,Retired,25,821853,6139050,3,Anbar,4
102344,Female,Yes,37,Yes,Homemaker,15,357205,416857,4,Mosul,1
102345,Male,No,68,No,Retired,15,459521,6875667,3,Sulaymaniyah,4
102346,Female,No,22,Yes,Student,1,274002,695398,2,Mosul,0
102347,Male,Yes,29,Yes,Private_Sector,6,753948,3505789,3,Erbil,6
102348,Female,No,26,No,Laborer,2,296270,378306,1,Karbala,3
102349,Male,No,18,No,Student,0,546440,0,1,Basra,0
102350,Male,No,32,Yes,Private_Sector,5,1395144,1992628,3,Mosul,6
102351,Female,No,18,No,Student,0,458138,317124,1,Anbar,0
102352,Female,No,20,Yes,Unemployed,1,305013,422519,2,Baghdad,6
102353,Female,Yes,53,Yes,Trader,9,1686857,14546851,3,Anbar,5
102354,Male,Yes,31,No,Driver,12,408415,569111,4,Baghdad,1
102355,Female,Yes,62,Yes,Retired,24,533155,3661417,4,Sulaymaniyah,4
102356,Female,No,23,Yes,Student,0,332813,393111,2,Mosul,0
102357,Female,Yes,37,Yes,Government_Employee,11,867041,3546237,4,Basra,2
102358,Male,No,18,No,Laborer,0,377022,283084,3,Baghdad,3
102359,Male,No,40,Yes,Government_Employee,11,775669,3554306,3,Anbar,2
102360,Female,Yes,35,No,Driver,5,642864,361407,8,Mosul,1
102361,Female,No,20,No,Laborer,0,395156,166426,2,Mosul,3
102362,Male,Yes,74,No,Retired,27,497695,4175806,1,Anbar,4
102363,Female,Yes,50,No,Doctor,13,2938288,18754927,3,Basra,5
102364,Male,Yes,36,No,Trader,14,3408745,19369924,4,Anbar,5
102365,Male,Yes,63,No,Retired,17,555662,8698874,4,Basra,4
102366,Female,Yes,40,Yes,Private_Sector,9,891408,1839794,4,Baghdad,6
102367,Male,Yes,38,No,Government_Employee,8,931513,3437651,5,Erbil,2
102368,Male,No,76,No,Retired,27,702813,8487405,4,Sulaymaniyah,4
102369,Female,No,19,No,Student,0,379053,173428,3,Diyala,0
102370,Male,No,22,Yes,Student,1,325736,245006,1,Karbala,0
102371,Male,Yes,28,Yes,Private_Sector,5,658866,2543946,5,Karbala,6
102372,Female,No,29,Yes,Government_Employee,9,1098702,2716850,3,Erbil,2
102373,Male,No,35,Yes,Government_Employee,11,1021354,3416618,4,Sulaymaniyah,2
102374,Male,Yes,31,No,Private_Sector,5,901928,3389870,4,Erbil,6
102375,Male,Yes,38,No,Homemaker,9,548563,787345,4,Erbil,1
102376,Male,No,29,No,Government_Employee,11,944288,2113249,4,Anbar,2
102377,Female,Yes,30,No,Teacher,7,988542,3331347,5,Basra,6
102378,Male,Yes,73,No,Retired,20,476180,4635207,3,Baghdad,4
102379,Female,Yes,59,Yes,Retired,25,748015,5531636,4,Erbil,4
102380,Male,Yes,76,Yes,Retired,22,594490,6479706,3,Basra,4
102381,Male,Yes,46,No,Homemaker,11,674471,637939,7,Erbil,1
102382,Male,No,19,No,Private_Sector,1,400630,495174,3,Najaf,6
102383,Female,Yes,28,Yes,Private_Sector,3,1088046,2894469,3,Dhi_Qar,6
102384,Female,Yes,80,No,Retired,16,468950,4606100,4,Basra,4
102385,Female,Yes,50,No,Driver,4,468756,459953,7,Mosul,1
102386,Female,No,26,No,Private_Sector,0,352266,573385,3,Mosul,6
102387,Male,Yes,60,No,Retired,19,671263,2815007,4,Anbar,4
102388,Male,No,19,Yes,Student,1,211896,864556,3,Baghdad,0
102389,Female,Yes,33,Yes,Teacher,4,763563,2093310,3,Baghdad,6
102390,Female,No,69,No,Retired,16,761275,8122368,3,Baghdad,4
102391,Male,Yes,80,Yes,Retired,16,505609,4312874,2,Basra,4
102392,Female,No,24,No,Student,2,319648,98273,2,Erbil,0
102393,Male,Yes,35,No,Government_Employee,7,894722,3981155,5,Baghdad,2
102394,Female,Yes,31,No,Laborer,5,555233,487195,7,Baghdad,3
102395,Male,Yes,41,Yes,Trader,8,3025268,13627520,5,Baghdad,5
102396,Male,Yes,53,Yes,Trader,9,2106930,20672368,5,Erbil,5
102397,Male,Yes,28,Yes,Government_Employee,10,708930,3768789,5,Sulaymaniyah,2
102398,Male,Yes,36,Yes,Teacher,5,687500,3426848,3,Erbil,6
102399,Female,Yes,36,Yes,Teacher,6,616736,1649120,3,Mosul,6
102400,Female,No,20,No,Student,0,488840,400066,1,Najaf,0
102401,Female,Yes,31,Yes,Private_Sector,8,1042107,3473348,4,Erbil,6
102402,Female,Yes,49,Yes,Trader,14,2819101,6900886,5,Najaf,5
102403,Male,Yes,43,No,Doctor,10,3009339,9125724,3,Anbar,5
102404,Male,Yes,35,Yes,Trader,8,1705342,16985546,4,Karbala,5
102405,Female,No,32,Yes,Government_Employee,9,742083,1559095,3,Anbar,2
102406,Male,Yes,29,No,Private_Sector,5,661075,3643834,5,Erbil,6
102407,Female,Yes,49,No,Laborer,6,611153,970009,7,Erbil,3
102408,Female,Yes,35,No,Homemaker,13,564551,860834,5,Najaf,1
102409,Female,Yes,44,No,Driver,12,369524,1143981,4,Karbala,1
102410,Female,Yes,29,No,Private_Sector,10,813689,2717299,4,Baghdad,6
102411,Male,Yes,36,Yes,Doctor,10,3639227,20609753,5,Baghdad,5
102412,Male,Yes,83,Yes,Retired,23,481645,7559920,1,Diyala,4
102413,Male,Yes,36,No,Teacher,10,679972,3026909,3,Basra,6
102414,Female,Yes,30,Yes,Engineer,19,3108057,12844974,4,Sulaymaniyah,5
102415,Male,Yes,44,No,Laborer,17,401497,571644,7,Dhi_Qar,3
102416,Male,No,62,Yes,Retired,16,580241,5316748,1,Dhi_Qar,4
102417,Male,Yes,68,No,Retired,27,578949,5176096,2,Dhi_Qar,4
102418,Female,No,22,No,Private_Sector,2,150000,231493,1,Baghdad,6
102419,Male,Yes,19,No,Private_Sector,1,332240,145471,3,Mosul,6
102420,Male,Yes,75,No,Retired,29,522740,6265327,1,Mosul,4
102421,Male,Yes,52,Yes,Doctor,8,1866467,19385343,4,Karbala,5
102422,Female,No,26,No,Unemployed,0,273341,253661,2,Basra,6
102423,Female,No,18,No,Unemployed,2,410529,598081,1,Anbar,6
102424,Female,Yes,40,Yes,Government_Employee,7,616500,2854216,4,Erbil,2
102425,Female,No,54,Yes,Trader,16,2846287,13631686,3,Diyala,5
102426,Male,Yes,34,No,Government_Employee,10,910640,277103,5,Baghdad,2
102427,Male,Yes,61,Yes,Retired,22,412190,2736064,1,Diyala,4
102428,Male,No,19,No,Private_Sector,2,495925,269446,1,Dhi_Qar,6
102429,Female,Yes,34,Yes,Trader,17,3006070,12615802,5,Dhi_Qar,5
102430,Female,No,24,No,Laborer,2,287457,453001,3,Mosul,3
102431,Female,Yes,49,No,Laborer,12,482580,1176558,8,Basra,3
102432,Male,Yes,33,No,Private_Sector,4,819069,2143214,5,Najaf,6
102433,Male,No,19,Yes,Student,2,424768,564371,2,Dhi_Qar,0
102434,Male,Yes,68,No,Retired,25,416582,6620504,3,Basra,4
102435,Female,Yes,32,Yes,Private_Sector,3,947637,3130440,4,Baghdad,6
102436,Female,Yes,39,Yes,Government_Employee,7,918043,3052270,5,Baghdad,2
102437,Male,Yes,18,No,Student,1,404578,521660,2,Dhi_Qar,0
102438,Male,No,25,No,Student,0,363675,392846,3,Basra,0
102439,Female,No,38,No,Private_Sector,6,854072,2530942,5,Baghdad,6
102440,Female,Yes,33,Yes,Government_Employee,9,888056,3041731,4,Anbar,2
102441,Male,Yes,31,Yes,Trader,19,2909428,24923603,5,Baghdad,5
102442,Female,Yes,36,No,Teacher,5,1120968,2615990,5,Baghdad,6
102443,Male,No,29,No,Teacher,5,662792,3075210,3,Sulaymaniyah,6
102444,Female,No,24,No,Student,0,166921,0,3,Najaf,0
102445,Female,Yes,43,Yes,Trader,12,2150459,12392260,3,Baghdad,5
102446,Male,Yes,38,Yes,Trader,11,3228213,22002328,6,Dhi_Qar,5
102447,Female,Yes,40,No,Driver,7,228963,855536,6,Baghdad,1
102448,Female,Yes,70,Yes,Retired,20,619249,4917789,2,Anbar,4
102449,Female,No,19,No,Private_Sector,0,407943,733729,1,Sulaymaniyah,6
102450,Female,Yes,36,Yes,Government_Employee,11,1117996,2663619,3,Mosul,2
102451,Female,No,82,Yes,Retired,29,697753,2211261,1,Basra,4
102452,Male,Yes,79,No,Retired,17,626367,6160602,4,Dhi_Qar,4
102453,Male,No,21,No,Student,2,180940,383515,1,Baghdad,0
102454,Female,No,23,No,Student,0,353451,860037,3,Sulaymaniyah,0
102455,Male,Yes,53,No,Doctor,9,3681045,19580371,4,Baghdad,5
102456,Male,No,30,No,Government_Employee,7,824804,3174299,4,Baghdad,2
102457,Male,No,18,Yes,Laborer,1,390034,447177,3,Erbil,3
102458,Male,Yes,33,Yes,Government_Employee,3,996430,2420881,4,Najaf,2
102459,Male,Yes,30,Yes,Government_Employee,5,696148,3246192,4,Basra,2
102460,Male,Yes,75,No,Retired,27,508877,5080279,4,Basra,4
102461,Female,Yes,29,Yes,Private_Sector,3,831730,3694890,4,Baghdad,6
102462,Male,Yes,79,No,Retired,26,741885,4386874,1,Sulaymaniyah,4
102463,Male,Yes,76,No,Retired,15,771903,6948604,3,Mosul,4
102464,Male,Yes,32,Yes,Government_Employee,3,1003645,3675277,5,Najaf,2
102465,Male,Yes,39,Yes,Driver,10,381384,587694,5,Sulaymaniyah,1
102466,Male,No,22,Yes,Student,1,393012,409129,3,Dhi_Qar,0
102467,Male,Yes,39,Yes,Teacher,9,507544,2269350,4,Diyala,6
102468,Male,Yes,25,No,Laborer,0,150000,678907,2,Sulaymaniyah,3
102469,Female,Yes,36,No,Private_Sector,9,900483,3390507,3,Baghdad,6
102470,Male,No,39,No,Teacher,5,874652,2025469,3,Najaf,6
102471,Male,Yes,77,No,Retired,29,537809,7493157,2,Basra,4
102472,Male,Yes,58,No,Retired,19,296639,6326931,2,Mosul,4
102473,Male,Yes,32,Yes,Government_Employee,7,712458,2088000,5,Baghdad,2
102474,Male,No,28,No,Government_Employee,6,665499,2748256,5,Basra,2
102475,Female,Yes,41,No,Homemaker,11,560188,575484,6,Najaf,1
102476,Female,No,22,Yes,Private_Sector,1,328512,112351,1,Basra,6
102477,Female,Yes,34,Yes,Engineer,10,1701762,12257503,5,Baghdad,5
102478,Female,No,46,Yes,Doctor,11,3245767,11776588,3,Baghdad,5
102479,Female,Yes,73,No,Retired,28,447707,6282836,3,Anbar,4
102480,Female,No,19,No,Student,0,463889,278948,1,Mosul,0
102481,Female,Yes,39,Yes,Private_Sector,10,1179344,2774098,5,Mosul,6
102482,Male,No,19,Yes,Student,1,560341,227003,2,Baghdad,0
102483,Male,Yes,58,No,Retired,16,568298,6870413,2,Diyala,4
102484,Male,Yes,77,Yes,Retired,25,760825,7727747,2,Dhi_Qar,4
102485,Male,No,62,Yes,Retired,19,609745,3450654,3,Baghdad,4
102486,Male,Yes,29,Yes,Government_Employee,7,938503,1626666,4,Anbar,2
102487,Female,No,25,No,Student,0,318396,24832,2,Baghdad,0
102488,Female,No,36,No,Laborer,4,447753,451032,4,Erbil,3
102489,Female,No,24,Yes,Laborer,2,325195,187711,2,Sulaymaniyah,3
102490,Male,Yes,41,No,Government_Employee,10,668025,3158508,3,Diyala,2
102491,Female,Yes,18,No,Laborer,2,313621,275920,3,Basra,3
102492,Male,Yes,41,No,Private_Sector,6,1190901,3279945,5,Mosul,6
102493,Female,Yes,65,No,Retired,19,383565,4829344,2,Basra,4
102494,Male,Yes,35,No,Laborer,19,360362,659094,6,Erbil,3
102495,Male,Yes,47,Yes,Doctor,7,2713631,12586606,6,Baghdad,5
102496,Male,No,20,Yes,Laborer,2,416299,380708,1,Basra,3
102497,Female,Yes,33,Yes,Laborer,8,455915,1521069,6,Mosul,3
102498,Male,No,22,No,Unemployed,1,411741,708774,2,Baghdad,6
102499,Female,Yes,23,No,Student,2,277193,448646,1,Mosul,0
102500,Male,Yes,31,Yes,Government_Employee,9,780313,1070693,3,Mosul,2
102501,Female,Yes,47,No,Homemaker,13,760681,547530,8,Sulaymaniyah,1
102502,Male,Yes,34,No,Government_Employee,11,709164,1470796,4,Erbil,2
102503,Female,Yes,74,Yes,Retired,20,472896,5617020,1,Sulaymaniyah,4
102504,Male,Yes,47,No,Trader,14,2580723,14038563,4,Karbala,5
102505,Male,Yes,43,Yes,Doctor,13,2840769,11586248,6,Najaf,5
102506,Female,Yes,77,No,Retired,19,659066,2889522,4,Baghdad,4
102507,Male,No,18,Yes,Student,2,652750,333744,3,Mosul,0
102508,Female,Yes,38,No,Teacher,3,902044,2875733,5,Baghdad,6
102509,Male,No,53,No,Laborer,16,517196,934691,8,Baghdad,3
102510,Male,Yes,41,Yes,Engineer,10,2545191,23336825,6,Mosul,5
102511,Female,Yes,33,Yes,Private_Sector,10,827052,2882585,3,Mosul,6
102512,Male,No,35,Yes,Engineer,15,2537136,13912167,6,Baghdad,5
102513,Female,No,84,No,Retired,26,383836,6004150,2,Najaf,4
102514,Male,Yes,59,No,Retired,20,365345,5200234,1,Erbil,4
102515,Male,Yes,49,Yes,Trader,9,3747173,20394252,5,Baghdad,5
102516,Female,Yes,31,Yes,Trader,9,2628694,12656771,6,Basra,5
102517,Female,Yes,37,No,Private_Sector,10,1047938,2602680,3,Basra,6
102518,Male,No,39,Yes,Trader,19,3149759,18546264,6,Anbar,5
102519,Male,Yes,47,Yes,Laborer,16,421623,448739,4,Baghdad,3
102520,Male,Yes,48,No,Homemaker,7,459802,795096,7,Najaf,1
102521,Male,No,21,Yes,Private_Sector,1,286592,403412,1,Sulaymaniyah,6
102522,Male,Yes,38,Yes,Government_Employee,7,871358,2649351,3,Basra,2
102523,Female,No,29,No,Government_Employee,8,1207008,1804949,3,Baghdad,2
102524,Female,Yes,31,Yes,Government_Employee,8,862589,2795738,4,Erbil,2
102525,Female,Yes,38,Yes,Government_Employee,10,1042735,2535552,3,Erbil,2
102526,Female,Yes,32,Yes,Government_Employee,11,797417,3130547,4,Baghdad,2
102527,Female,Yes,37,Yes,Doctor,12,1904740,15414920,5,Mosul,5
102528,Male,Yes,33,No,Government_Employee,4,1059566,2263181,4,Anbar,2
102529,Female,No,69,Yes,Retired,17,389544,7134752,3,Dhi_Qar,4
102530,Female,No,21,No,Student,2,405611,182989,3,Anbar,0
102531,Male,Yes,32,No,Homemaker,17,375898,770293,6,Anbar,1
102532,Female,No,19,Yes,Student,1,343283,390562,2,Erbil,0
102533,Female,Yes,49,No,Driver,8,550722,730536,8,Anbar,1
102534,Female,Yes,58,No,Retired,28,611718,2935509,1,Mosul,4
102535,Male,Yes,47,No,Laborer,5,491301,397007,8,Erbil,3
102536,Male,Yes,35,No,Private_Sector,6,865675,2295206,3,Dhi_Qar,6
102537,Male,Yes,40,No,Private_Sector,3,929996,2130309,5,Mosul,6
102538,Male,No,43,Yes,Trader,10,1223067,15166679,6,Karbala,5
102539,Female,No,20,No,Student,2,422379,234969,1,Baghdad,0
102540,Female,Yes,36,No,Government_Employee,3,949604,2598026,4,Erbil,2
102541,Female,Yes,35,No,Engineer,15,3309200,18707977,4,Baghdad,5
102542,Male,No,19,No,Private_Sector,2,332738,215648,2,Erbil,6
102543,Male,No,73,Yes,Retired,16,598217,5720514,4,Anbar,4
102544,Male,Yes,30,No,Government_Employee,10,1033951,2906938,5,Anbar,2
102545,Male,Yes,52,Yes,Trader,11,2194710,18745007,5,Diyala,5
102546,Male,Yes,64,Yes,Retired,19,851540,5780959,4,Baghdad,4
102547,Male,Yes,40,No,Laborer,9,587951,0,8,Karbala,3
102548,Female,No,23,Yes,Private_Sector,1,332266,563074,2,Basra,6
102549,Male,No,24,No,Student,2,249216,381640,2,Erbil,0
102550,Female,No,22,No,Student,0,375926,416401,3,Najaf,0
102551,Male,Yes,47,No,Driver,4,352980,1068314,7,Najaf,1
102552,Male,No,36,No,Government_Employee,4,854961,2842394,4,Sulaymaniyah,2
102553,Female,Yes,73,No,Retired,22,701252,2908221,4,Sulaymaniyah,4
102554,Female,No,23,No,Student,0,353215,444212,2,Najaf,0
102555,Male,Yes,46,No,Homemaker,16,428968,341575,8,Basra,1
102556,Male,No,23,No,Unemployed,1,358039,392199,3,Baghdad,6
102557,Male,Yes,59,No,Retired,19,380980,6019419,1,Basra,4
102558,Female,No,18,No,Student,0,435656,303393,3,Najaf,0
102559,Female,Yes,30,No,Driver,8,392551,399696,8,Mosul,1
102560,Male,Yes,37,Yes,Private_Sector,3,639103,1649427,4,Anbar,6
102561,Female,Yes,54,No,Trader,7,1514434,24231121,5,Erbil,5
102562,Male,Yes,54,Yes,Engineer,12,2390412,19237601,4,Baghdad,5
102563,Male,No,25,Yes,Student,1,303649,90568,3,Diyala,0
102564,Male,Yes,30,Yes,Teacher,5,1360993,2169125,5,Baghdad,6
102565,Female,No,18,Yes,Student,2,363295,0,1,Najaf,0
102566,Female,No,79,No,Retired,27,555471,4127421,1,Mosul,4
102567,Female,Yes,36,Yes,Private_Sector,4,1042173,3439955,4,Basra,6
102568,Female,Yes,32,No,Teacher,6,1119515,2030901,3,Najaf,6
102569,Male,Yes,38,Yes,Government_Employee,10,1037457,3062293,5,Baghdad,2
102570,Male,No,36,Yes,Private_Sector,7,791933,1978157,4,Mosul,6
102571,Male,Yes,21,Yes,Student,1,291736,364456,3,Karbala,0
102572,Female,Yes,35,Yes,Private_Sector,11,659350,2535589,3,Basra,6
102573,Male,Yes,73,No,Retired,29,446030,3806401,3,Sulaymaniyah,4
102574,Male,Yes,43,Yes,Trader,8,2509801,14062990,3,Erbil,5
102575,Female,Yes,46,Yes,Driver,8,426027,560704,4,Erbil,1
102576,Male,Yes,73,Yes,Retired,22,718631,5347639,1,Dhi_Qar,4
102577,Male,No,76,Yes,Retired,24,727232,5674810,2,Basra,4
102578,Male,No,19,Yes,Unemployed,2,380336,703981,3,Baghdad,6
102579,Female,No,35,Yes,Engineer,6,2979843,15965939,6,Baghdad,5
102580,Female,Yes,30,Yes,Private_Sector,10,847079,1896663,4,Baghdad,6
102581,Male,Yes,30,No,Private_Sector,7,660626,3191662,4,Baghdad,6
102582,Female,Yes,31,No,Private_Sector,8,748104,4350322,5,Najaf,6
102583,Female,Yes,48,Yes,Trader,17,2754831,12930351,3,Basra,5
102584,Male,No,32,No,Government_Employee,8,634550,3133172,5,Mosul,2
102585,Male,Yes,33,Yes,Private_Sector,3,719187,3431892,5,Karbala,6
102586,Female,Yes,35,Yes,Government_Employee,4,794374,2815955,5,Diyala,2
102587,Female,No,54,Yes,Laborer,7,501997,109922,7,Sulaymaniyah,3
102588,Female,No,31,Yes,Government_Employee,6,1139572,2960404,4,Mosul,2
102589,Male,Yes,45,No,Laborer,15,514355,589887,5,Mosul,3
102590,Female,Yes,42,No,Driver,8,434204,1312472,8,Mosul,1
102591,Female,Yes,51,No,Engineer,19,3325050,20072993,5,Najaf,5
102592,Male,Yes,51,No,Laborer,6,517455,472709,7,Mosul,3
102593,Male,Yes,36,No,Driver,4,646406,1153037,5,Sulaymaniyah,1
102594,Male,No,71,No,Retired,23,714837,6623764,1,Sulaymaniyah,4
102595,Male,Yes,66,No,Retired,16,634564,8923986,1,Anbar,4
102596,Male,Yes,35,No,Teacher,10,327237,1174684,3,Mosul,6
102597,Female,No,22,No,Unemployed,1,336431,480006,2,Sulaymaniyah,6
102598,Female,No,25,No,Laborer,0,342692,614009,1,Najaf,3
102599,Male,No,24,No,Unemployed,1,152419,463383,3,Baghdad,6
102600,Female,Yes,34,Yes,Trader,12,3128378,13889095,4,Basra,5
102601,Female,No,28,No,Teacher,6,994146,2722808,5,Baghdad,6
102602,Female,Yes,78,No,Retired,25,752470,6966005,4,Anbar,4
102603,Female,Yes,37,Yes,Government_Employee,5,964391,2275347,3,Erbil,2
102604,Male,Yes,37,Yes,Trader,10,3034244,12379746,5,Mosul,5
102605,Male,Yes,34,No,Private_Sector,10,828763,1873070,5,Mosul,6
102606,Female,Yes,35,No,Government_Employee,11,886841,2316887,5,Basra,2
102607,Male,Yes,62,No,Retired,23,557795,4965789,1,Basra,4
102608,Female,Yes,40,Yes,Government_Employee,8,735008,2041212,5,Dhi_Qar,2
102609,Female,Yes,39,Yes,Engineer,19,2640173,10039798,6,Sulaymaniyah,5
102610,Female,Yes,40,No,Teacher,6,1002269,1614581,4,Baghdad,6
102611,Female,Yes,44,Yes,Doctor,17,3492883,11731905,5,Najaf,5
102612,Male,No,18,Yes,Student,2,167011,151858,2,Baghdad,0
102613,Female,No,23,Yes,Unemployed,2,412084,437553,3,Erbil,6
102614,Male,Yes,50,Yes,Trader,13,3672669,13531997,6,Karbala,5
102615,Male,Yes,44,Yes,Doctor,14,1848663,13641335,4,Diyala,5
102616,Male,Yes,59,Yes,Retired,26,481546,6566568,1,Basra,4
102617,Male,No,18,Yes,Unemployed,1,316576,250898,2,Sulaymaniyah,6
102618,Female,Yes,61,Yes,Retired,23,484693,8510694,3,Baghdad,4
102619,Male,No,26,No,Student,1,417828,9235,3,Basra,0
102620,Male,Yes,46,No,Laborer,11,435503,570635,7,Baghdad,3
102621,Male,Yes,32,No,Driver,8,332317,621277,6,Mosul,1
102622,Female,Yes,83,No,Retired,27,593060,5152784,4,Dhi_Qar,4
102623,Male,Yes,39,No,Government_Employee,9,916199,1950473,4,Erbil,2
102624,Male,Yes,44,Yes,Trader,11,2362129,24672502,3,Baghdad,5
102625,Female,Yes,47,No,Laborer,19,189345,893270,8,Baghdad,3
102626,Male,No,84,No,Retired,27,606626,6859333,2,Erbil,4
102627,Male,Yes,67,No,Retired,20,620468,7833287,2,Baghdad,4
102628,Male,No,23,No,Private_Sector,0,265403,474704,3,Mosul,6
102629,Female,No,25,No,Student,1,334786,499436,3,Basra,0
102630,Male,No,50,Yes,Trader,11,2002268,17957618,5,Baghdad,5
102631,Male,Yes,39,Yes,Teacher,9,673102,499021,5,Diyala,6
102632,Female,Yes,41,No,Engineer,16,2168349,19161906,4,Erbil,5
102633,Male,Yes,25,Yes,Private_Sector,1,429611,318061,3,Najaf,6
102634,Female,Yes,41,No,Private_Sector,11,883682,1092649,5,Erbil,6
102635,Male,Yes,48,Yes,Homemaker,8,426876,344752,5,Karbala,1
102636,Male,Yes,32,Yes,Private_Sector,4,990633,2180191,3,Mosul,6
102637,Male,Yes,40,No,Driver,6,510837,822361,4,Erbil,1
102638,Male,No,20,No,Private_Sector,0,259939,408277,1,Basra,6
102639,Male,No,53,Yes,Doctor,16,1717395,4452729,6,Sulaymaniyah,5
102640,Female,Yes,45,Yes,Doctor,17,2688376,12024510,5,Baghdad,5
102641,Female,Yes,73,No,Retired,20,611304,4573512,2,Dhi_Qar,4
102642,Male,Yes,83,No,Retired,22,670758,6785230,1,Basra,4
102643,Male,Yes,60,Yes,Retired,24,711583,12053594,4,Karbala,4
102644,Female,Yes,72,No,Retired,28,410194,7966575,2,Baghdad,4
102645,Female,Yes,25,No,Student,1,353907,531545,2,Mosul,0
102646,Male,No,24,Yes,Student,2,189117,551136,2,Sulaymaniyah,0
102647,Female,Yes,26,No,Student,2,271090,611918,2,Mosul,0
102648,Female,No,24,No,Student,1,266983,306368,3,Diyala,0
102649,Female,Yes,66,No,Retired,29,499963,5084914,3,Erbil,4
102650,Female,Yes,45,No,Engineer,9,2466943,17226734,4,Baghdad,5
102651,Male,Yes,62,No,Retired,26,797098,5645094,1,Najaf,4
102652,Female,Yes,51,Yes,Engineer,13,1394313,14747720,5,Basra,5
102653,Female,Yes,43,No,Engineer,6,2672398,13067629,5,Basra,5
102654,Female,No,21,No,Student,1,438716,636797,3,Diyala,0
102655,Female,Yes,30,Yes,Driver,12,564287,774352,5,Baghdad,1
102656,Female,Yes,58,Yes,Retired,16,691381,8810874,2,Sulaymaniyah,4
102657,Male,No,81,Yes,Retired,21,790457,5498965,3,Basra,4
102658,Male,Yes,45,No,Homemaker,10,453978,1137945,5,Baghdad,1
102659,Male,Yes,33,No,Government_Employee,5,597893,1426518,4,Karbala,2
102660,Female,No,36,Yes,Government_Employee,9,1153359,2771419,4,Basra,2
102661,Male,Yes,41,No,Trader,15,1489381,13213080,4,Basra,5
102662,Female,No,33,Yes,Private_Sector,4,879346,2196796,5,Mosul,6
102663,Female,Yes,51,Yes,Engineer,11,2253625,10604952,5,Baghdad,5
102664,Female,Yes,33,Yes,Engineer,15,2772727,12671058,3,Baghdad,5
102665,Female,Yes,36,Yes,Engineer,10,3227292,6372140,4,Dhi_Qar,5
102666,Female,No,19,No,Student,1,300268,230831,3,Basra,0
102667,Female,Yes,62,No,Retired,29,370015,7779979,4,Erbil,4
102668,Female,No,22,No,Student,1,295399,443454,3,Baghdad,0
102669,Female,Yes,23,No,Student,0,359971,118749,1,Baghdad,0
102670,Female,Yes,28,No,Private_Sector,4,1078611,2757615,4,Mosul,6
102671,Female,Yes,63,No,Retired,26,720258,6241735,4,Baghdad,4
102672,Male,Yes,35,Yes,Government_Employee,9,951641,2340240,4,Diyala,2
102673,Female,Yes,65,No,Retired,23,730215,11525964,4,Najaf,4
102674,Female,Yes,37,Yes,Engineer,11,1954568,13722360,5,Basra,5
102675,Female,No,72,No,Retired,28,328821,3658918,1,Baghdad,4
102676,Female,Yes,34,No,Government_Employee,4,636169,1836955,5,Erbil,2
102677,Female,Yes,53,No,Driver,3,722739,613328,8,Sulaymaniyah,1
102678,Male,Yes,72,Yes,Retired,29,399754,8290086,1,Baghdad,4
102679,Male,Yes,19,No,Laborer,0,273013,229750,3,Erbil,3
102680,Male,No,64,Yes,Retired,22,625579,9548095,1,Karbala,4
102681,Male,Yes,29,Yes,Private_Sector,3,943878,3530469,4,Baghdad,6
102682,Female,Yes,67,Yes,Retired,21,491489,8147304,3,Basra,4
102683,Female,Yes,83,No,Retired,21,732277,6474162,1,Erbil,4
102684,Male,Yes,39,No,Laborer,3,521434,523167,6,Sulaymaniyah,3
102685,Female,Yes,36,No,Driver,5,397302,1305971,4,Sulaymaniyah,1
102686,Male,No,84,No,Retired,28,570124,3939192,4,Baghdad,4
102687,Female,Yes,62,Yes,Retired,17,592924,7218043,1,Dhi_Qar,4
102688,Female,No,24,No,Unemployed,0,219887,136453,3,Dhi_Qar,6
102689,Male,Yes,83,No,Retired,15,695393,7221527,2,Baghdad,4
102690,Male,Yes,66,No,Retired,21,866227,2678981,4,Anbar,4
102691,Male,Yes,42,No,Laborer,16,440801,1181241,4,Baghdad,3
102692,Female,Yes,68,No,Retired,26,476171,6156913,2,Basra,4
102693,Female,Yes,43,Yes,Trader,11,3077870,20614612,4,Baghdad,5
102694,Female,Yes,69,Yes,Retired,23,430882,4940871,1,Baghdad,4
102695,Male,No,41,Yes,Engineer,18,2108553,8787688,5,Anbar,5
102696,Female,Yes,49,Yes,Doctor,18,2568861,13446483,3,Mosul,5
102697,Female,Yes,50,No,Laborer,4,395977,1017864,5,Najaf,3
102698,Female,Yes,52,Yes,Engineer,12,2258489,10859194,3,Basra,5
102699,Male,Yes,22,Yes,Student,0,434131,143822,1,Erbil,0
102700,Male,Yes,20,No,Unemployed,0,304171,408072,1,Diyala,6
102701,Male,Yes,36,Yes,Private_Sector,7,789218,2830120,5,Basra,6
102702,Female,Yes,35,No,Teacher,8,1009522,2316384,4,Najaf,6
102703,Male,Yes,43,Yes,Trader,15,2824946,19967829,6,Anbar,5
102704,Male,No,19,No,Student,0,587764,275632,2,Erbil,0
102705,Male,Yes,45,Yes,Trader,12,1841773,20179546,5,Baghdad,5
102706,Female,Yes,38,No,Laborer,11,598674,583854,4,Karbala,3
102707,Female,No,82,No,Retired,24,564267,4147443,1,Sulaymaniyah,4
102708,Male,Yes,71,Yes,Retired,22,299962,5739530,1,Anbar,4
102709,Male,Yes,35,Yes,Trader,5,4157617,18717003,6,Baghdad,5
102710,Male,Yes,40,Yes,Driver,19,444356,797430,7,Najaf,1
102711,Male,No,24,No,Unemployed,0,394641,653495,3,Erbil,6
102712,Male,Yes,76,No,Retired,17,456397,7243432,2,Baghdad,4
102713,Male,Yes,63,No,Retired,22,920870,3185255,3,Dhi_Qar,4
102714,Male,Yes,35,Yes,Government_Employee,3,801848,2484398,4,Baghdad,2
102715,Female,Yes,41,Yes,Trader,9,3940030,7626973,4,Erbil,5
102716,Male,No,23,Yes,Laborer,1,269782,0,1,Najaf,3
102717,Female,No,22,No,Student,0,237465,199958,2,Baghdad,0
102718,Female,Yes,33,No,Government_Employee,9,886134,2365793,3,Sulaymaniyah,2
102719,Female,Yes,29,Yes,Private_Sector,4,990388,2393255,4,Baghdad,6
102720,Female,Yes,52,Yes,Engineer,16,2408948,11623800,6,Baghdad,5
102721,Female,Yes,40,No,Private_Sector,5,1062386,2693718,5,Baghdad,6
102722,Female,Yes,43,Yes,Homemaker,4,383292,303517,7,Najaf,1
102723,Male,No,18,Yes,Private_Sector,1,337163,122027,3,Baghdad,6
102724,Female,Yes,72,Yes,Retired,21,694770,2665131,4,Mosul,4
102725,Female,Yes,42,No,Trader,13,1632796,9613110,5,Sulaymaniyah,5
102726,Male,Yes,36,Yes,Teacher,10,846233,1956807,5,Sulaymaniyah,6
102727,Female,Yes,54,No,Driver,12,361242,963873,7,Anbar,1
102728,Female,Yes,38,Yes,Doctor,12,2897579,7894844,5,Mosul,5
102729,Female,No,23,No,Student,1,373642,615867,3,Anbar,0
102730,Female,Yes,35,No,Driver,18,435617,814332,4,Anbar,1
102731,Female,Yes,37,Yes,Teacher,11,891958,842101,4,Erbil,6
102732,Female,Yes,35,Yes,Trader,6,1830882,14794685,5,Anbar,5
102733,Female,Yes,63,No,Retired,15,629374,1477870,4,Erbil,4
102734,Male,No,68,No,Retired,16,502147,5006366,2,Anbar,4
102735,Female,Yes,68,Yes,Retired,20,552003,5575610,2,Mosul,4
102736,Female,Yes,60,No,Retired,28,518738,6581887,4,Basra,4
102737,Male,Yes,71,No,Retired,16,407762,7439265,1,Karbala,4
102738,Female,No,24,No,Unemployed,2,397624,273044,2,Anbar,6
102739,Female,Yes,53,No,Trader,16,3881553,17805013,4,Baghdad,5
102740,Female,Yes,39,Yes,Engineer,6,1924273,12623984,3,Baghdad,5
102741,Male,No,20,No,Student,1,353808,168575,2,Erbil,0
102742,Male,Yes,36,Yes,Private_Sector,5,860904,1457741,5,Baghdad,6
102743,Male,Yes,64,Yes,Retired,18,681734,7423812,4,Basra,4
102744,Female,Yes,37,Yes,Teacher,8,671502,2278627,3,Baghdad,6
102745,Female,Yes,33,Yes,Government_Employee,8,670136,3099828,5,Basra,2
102746,Male,Yes,43,Yes,Engineer,12,3290315,24439785,6,Najaf,5
102747,Female,Yes,45,Yes,Trader,14,1682132,19507157,4,Basra,5
102748,Male,Yes,84,Yes,Retired,17,764684,7903860,4,Dhi_Qar,4
102749,Female,Yes,43,No,Homemaker,3,275065,286367,6,Erbil,1
102750,Male,Yes,35,Yes,Government_Employee,8,905549,2796313,3,Basra,2
102751,Female,No,35,Yes,Government_Employee,3,837256,2579848,4,Dhi_Qar,2
102752,Female,Yes,28,No,Private_Sector,7,1076811,3264265,5,Erbil,6
102753,Female,No,51,Yes,Laborer,13,522929,1201290,8,Baghdad,3
102754,Female,Yes,30,No,Laborer,7,467136,1121282,6,Mosul,3
102755,Male,No,28,Yes,Government_Employee,10,640915,1894320,4,Mosul,2
102756,Male,Yes,64,No,Retired,21,643467,4701970,2,Basra,4
102757,Female,Yes,32,Yes,Trader,13,1483048,24680709,3,Baghdad,5
102758,Male,Yes,41,No,Driver,18,324977,785436,6,Baghdad,1
102759,Male,Yes,36,Yes,Trader,5,2330240,19372394,5,Erbil,5
102760,Male,No,45,No,Laborer,12,398947,483628,6,Basra,3
102761,Male,No,39,Yes,Doctor,5,837744,23517406,4,Karbala,5
102762,Female,Yes,35,Yes,Private_Sector,9,682428,4483932,3,Baghdad,6
102763,Male,Yes,66,No,Retired,24,729823,7017882,4,Basra,4
102764,Female,Yes,36,Yes,Teacher,11,1126973,3176441,3,Baghdad,6
102765,Female,Yes,68,Yes,Retired,28,419791,7126185,1,Karbala,4
102766,Female,Yes,32,No,Trader,10,2797003,10144714,6,Basra,5
102767,Female,Yes,35,No,Private_Sector,6,937764,3026337,3,Basra,6
102768,Male,Yes,42,No,Engineer,9,2750695,12559726,6,Erbil,5
102769,Female,Yes,50,No,Laborer,10,274777,998191,6,Najaf,3
102770,Female,Yes,40,Yes,Teacher,9,984907,1983357,4,Sulaymaniyah,6
102771,Female,No,20,No,Private_Sector,1,375217,378993,3,Baghdad,6
102772,Female,Yes,38,No,Driver,9,627257,375844,4,Sulaymaniyah,1
102773,Female,Yes,19,No,Student,2,436198,478610,1,Anbar,0
102774,Male,Yes,39,No,Government_Employee,3,681523,2716023,3,Baghdad,2
102775,Male,Yes,36,Yes,Doctor,6,2517443,8519433,6,Mosul,5
102776,Male,No,72,No,Retired,21,485284,4905136,3,Baghdad,4
102777,Female,Yes,42,No,Laborer,16,419413,956788,6,Anbar,3
102778,Male,No,21,Yes,Student,2,504962,270865,1,Basra,0
102779,Female,Yes,31,No,Teacher,8,835625,2158592,3,Baghdad,6
102780,Female,Yes,50,No,Laborer,10,312712,869474,5,Erbil,3
102781,Female,Yes,45,Yes,Trader,7,2143843,13118930,3,Baghdad,5
102782,Female,Yes,35,No,Homemaker,13,285094,933423,8,Baghdad,1
102783,Female,Yes,41,Yes,Teacher,9,1236041,2885232,3,Mosul,6
102784,Female,Yes,41,No,Government_Employee,3,969076,2369549,5,Najaf,2
102785,Male,No,41,Yes,Homemaker,18,451296,656545,4,Baghdad,1
102786,Male,No,26,No,Student,0,404669,354578,3,Diyala,0
102787,Male,Yes,36,No,Teacher,10,804448,1067637,5,Najaf,6
102788,Female,Yes,41,Yes,Government_Employee,10,751495,3132736,5,Najaf,2
102789,Female,Yes,34,Yes,Government_Employee,5,854929,1888854,5,Najaf,2
102790,Female,Yes,22,No,Student,2,326595,392355,1,Basra,0
102791,Female,No,33,No,Government_Employee,7,1200062,2837269,3,Baghdad,2
102792,Female,No,25,No,Laborer,1,437955,370324,3,Mosul,3
102793,Female,No,36,Yes,Trader,9,3117561,19298511,4,Erbil,5
102794,Male,Yes,59,Yes,Retired,29,767049,2713658,2,Basra,4
102795,Male,No,49,Yes,Engineer,11,1027115,13842218,4,Mosul,5
102796,Male,No,21,No,Student,1,318866,376018,3,Sulaymaniyah,0
102797,Male,Yes,49,Yes,Engineer,10,2387651,13841332,3,Baghdad,5
102798,Female,No,81,No,Retired,25,475839,8236087,3,Anbar,4
102799,Male,No,26,Yes,Unemployed,0,324941,128416,1,Sulaymaniyah,6
102800,Male,Yes,32,Yes,Trader,13,2640281,11042865,6,Baghdad,5
102801,Female,Yes,51,No,Laborer,12,471822,771113,4,Karbala,3
102802,Female,No,71,Yes,Retired,23,297798,3346502,3,Erbil,4
102803,Male,Yes,29,Yes,Government_Employee,7,920387,2555895,4,Karbala,2
102804,Female,No,38,Yes,Teacher,9,898681,2748598,5,Basra,6
102805,Female,No,26,Yes,Laborer,1,277705,443636,3,Diyala,3
102806,Female,No,18,No,Laborer,1,321375,548220,2,Baghdad,3
102807,Female,Yes,29,No,Government_Employee,4,1041457,1871413,5,Karbala,2
102808,Female,Yes,48,No,Doctor,19,1640780,12642717,4,Anbar,5
102809,Female,No,46,No,Doctor,7,2330604,16600114,5,Baghdad,5
102810,Male,No,19,No,Private_Sector,2,369829,501501,3,Mosul,6
102811,Male,Yes,33,No,Private_Sector,3,699525,3184845,3,Karbala,6
102812,Male,Yes,41,No,Private_Sector,9,825726,2090206,5,Mosul,6
102813,Female,No,76,Yes,Retired,16,712078,7845664,2,Erbil,4
102814,Female,Yes,32,No,Homemaker,3,416976,564495,5,Najaf,1
102815,Female,Yes,34,No,Driver,8,561002,608479,8,Erbil,1
102816,Female,Yes,46,Yes,Doctor,13,2652107,9937463,5,Mosul,5
102817,Male,Yes,49,No,Driver,11,372392,809695,6,Basra,1
102818,Male,Yes,41,Yes,Engineer,7,2605411,15782005,6,Baghdad,5
102819,Female,No,25,No,Private_Sector,0,357563,436638,1,Mosul,6
102820,Male,No,25,Yes,Laborer,2,366855,410983,3,Sulaymaniyah,3
102821,Male,Yes,45,No,Trader,12,3543789,15614059,5,Baghdad,5
102822,Female,Yes,62,Yes,Retired,21,472940,7154798,2,Basra,4
102823,Female,Yes,69,No,Retired,26,538679,5938451,4,Baghdad,4
102824,Male,Yes,45,No,Doctor,6,3710486,7475441,4,Baghdad,5
102825,Male,Yes,30,No,Trader,6,3404647,15040177,4,Erbil,5
102826,Male,Yes,58,No,Retired,20,557321,6758890,2,Sulaymaniyah,4
102827,Female,Yes,76,No,Retired,24,584996,6209389,4,Basra,4
102828,Male,No,18,No,Unemployed,1,318450,370745,2,Sulaymaniyah,6
102829,Female,Yes,37,Yes,Doctor,13,2114681,11523141,6,Karbala,5
102830,Male,Yes,34,Yes,Government_Employee,4,896636,3159529,5,Mosul,2
102831,Male,Yes,44,Yes,Engineer,17,2647818,13800753,4,Baghdad,5
102832,Female,No,31,Yes,Teacher,6,614368,2289554,4,Basra,6
102833,Female,No,19,No,Student,0,336369,145958,1,Karbala,0
102834,Female,Yes,81,Yes,Retired,22,481107,3940138,2,Basra,4
102835,Male,Yes,42,No,Engineer,8,1070445,18434685,5,Baghdad,5
102836,Male,Yes,42,No,Driver,13,468114,1243149,7,Baghdad,1
102837,Female,No,19,No,Student,0,189415,162150,2,Basra,0
102838,Male,Yes,21,No,Private_Sector,1,542363,499473,2,Baghdad,6
102839,Female,No,20,No,Private_Sector,2,452861,697738,2,Mosul,6
102840,Male,Yes,52,No,Laborer,16,435047,552419,4,Baghdad,3
102841,Male,Yes,37,No,Doctor,9,1979375,16602464,5,Baghdad,5
102842,Female,Yes,65,No,Retired,29,624997,7966146,3,Karbala,4
102843,Male,No,18,Yes,Student,1,387107,304389,3,Basra,0
102844,Female,Yes,65,No,Retired,20,759788,7510612,2,Dhi_Qar,4
102845,Male,Yes,18,No,Student,0,337890,409584,1,Baghdad,0
102846,Male,Yes,36,Yes,Laborer,5,585719,581428,8,Najaf,3
102847,Male,Yes,32,No,Engineer,10,2515222,13379211,5,Diyala,5
102848,Female,Yes,52,No,Laborer,5,448187,981696,8,Baghdad,3
102849,Female,Yes,35,No,Trader,16,1053588,18879044,5,Mosul,5
102850,Female,Yes,38,No,Trader,14,3362471,18058002,5,Diyala,5
102851,Male,Yes,22,Yes,Student,1,534983,542372,3,Erbil,0
102852,Female,Yes,52,Yes,Trader,19,174802,19148331,3,Anbar,5
102853,Female,No,59,Yes,Retired,26,445928,3978507,1,Erbil,4
102854,Female,No,31,Yes,Trader,17,3775460,15423511,6,Baghdad,5
102855,Male,No,68,Yes,Retired,27,371788,8613333,2,Mosul,4
102856,Female,Yes,35,No,Laborer,3,569246,1088439,7,Najaf,3
102857,Male,Yes,64,No,Retired,18,816929,7246347,2,Diyala,4
102858,Female,Yes,39,Yes,Engineer,5,2782362,18986911,5,Baghdad,5
102859,Female,Yes,50,No,Trader,11,2671567,12599342,6,Basra,5
102860,Male,Yes,31,Yes,Government_Employee,10,1110904,0,4,Baghdad,2
102861,Female,Yes,79,No,Retired,24,521752,4007869,4,Diyala,4
102862,Male,Yes,71,No,Retired,20,848925,4290356,1,Dhi_Qar,4
102863,Male,Yes,62,Yes,Retired,16,563975,7822850,1,Basra,4
102864,Male,No,19,No,Student,0,292762,533512,2,Baghdad,0
102865,Male,Yes,38,Yes,Teacher,5,722670,2432105,5,Dhi_Qar,6
102866,Female,Yes,44,Yes,Trader,14,1571919,14023151,6,Basra,5
102867,Female,No,48,Yes,Doctor,6,2709343,8017654,6,Baghdad,5
102868,Male,Yes,46,Yes,Homemaker,7,421910,643448,5,Basra,1
102869,Female,Yes,52,No,Driver,18,381108,674850,6,Baghdad,1
102870,Male,Yes,30,No,Homemaker,17,657123,188685,5,Karbala,1
102871,Female,No,51,Yes,Trader,7,2755726,6368878,4,Diyala,5
102872,Male,Yes,59,No,Retired,20,445954,5327767,1,Mosul,4
102873,Female,No,83,Yes,Retired,26,658376,7880566,4,Najaf,4
102874,Male,No,19,No,Student,1,203721,326276,3,Sulaymaniyah,0
102875,Female,Yes,35,Yes,Private_Sector,3,931684,2327544,3,Dhi_Qar,6
102876,Female,No,20,No,Student,2,339382,351100,1,Baghdad,0
102877,Female,Yes,51,Yes,Doctor,13,2934091,18753515,4,Sulaymaniyah,5
102878,Male,Yes,54,No,Laborer,19,350923,792349,4,Sulaymaniyah,3
102879,Female,No,20,No,Laborer,1,271034,448072,1,Baghdad,3
102880,Male,No,24,No,Unemployed,0,404238,670617,1,Baghdad,6
102881,Female,No,24,No,Laborer,0,409377,274585,2,Mosul,3
102882,Female,Yes,77,Yes,Retired,23,697403,7342763,1,Erbil,4
102883,Male,Yes,28,No,Government_Employee,6,790313,2626757,5,Basra,2
102884,Female,No,24,No,Student,0,150000,218867,3,Baghdad,0
102885,Female,Yes,40,No,Private_Sector,9,861276,2967957,4,Baghdad,6
102886,Female,No,34,Yes,Teacher,7,784672,2197424,3,Karbala,6
102887,Female,Yes,34,No,Teacher,8,934933,2934942,5,Basra,6
102888,Female,Yes,47,Yes,Engineer,6,2850816,5302464,3,Sulaymaniyah,5
102889,Female,Yes,79,Yes,Retired,17,593319,7827665,4,Basra,4
102890,Female,Yes,33,No,Private_Sector,4,1071739,1792718,5,Baghdad,6
102891,Female,Yes,31,No,Doctor,19,2569511,25272091,6,Sulaymaniyah,5
102892,Female,No,25,No,Unemployed,2,495150,325635,2,Baghdad,6
102893,Female,Yes,47,No,Laborer,17,387792,663447,8,Karbala,3
102894,Female,No,21,No,Student,2,399526,361336,3,Basra,0
102895,Female,No,33,Yes,Doctor,10,3210301,25246401,3,Erbil,5
102896,Male,Yes,32,No,Driver,3,573310,1274806,7,Najaf,1
102897,Male,Yes,34,Yes,Government_Employee,3,536677,3735194,5,Diyala,2
102898,Female,Yes,34,Yes,Teacher,11,610155,3834504,3,Baghdad,6
102899,Male,No,64,No,Retired,24,720576,4699398,2,Baghdad,4
102900,Female,Yes,31,No,Teacher,7,967763,2175848,4,Baghdad,6
102901,Female,Yes,29,No,Government_Employee,11,1061299,3865904,3,Mosul,2
102902,Male,No,54,Yes,Doctor,16,2458931,15931461,3,Erbil,5
102903,Female,Yes,74,No,Retired,15,679072,5481898,3,Mosul,4
102904,Female,Yes,71,No,Retired,18,712147,2502563,2,Mosul,4
102905,Female,No,29,No,Teacher,4,1213055,3410326,4,Baghdad,6
102906,Female,Yes,60,No,Retired,22,510325,2104823,1,Basra,4
102907,Female,Yes,49,Yes,Driver,18,551818,673109,5,Mosul,1
102908,Female,No,23,Yes,Student,0,384497,523492,2,Erbil,0
102909,Male,Yes,58,Yes,Retired,17,604443,9271627,2,Baghdad,4
102910,Female,Yes,49,Yes,Doctor,18,2321962,23588292,5,Dhi_Qar,5
102911,Male,No,82,No,Retired,16,549007,6254695,2,Karbala,4
102912,Male,No,23,No,Private_Sector,1,268526,499579,1,Najaf,6
102913,Female,Yes,29,Yes,Private_Sector,4,1021946,4097105,3,Najaf,6
102914,Female,Yes,31,No,Private_Sector,4,922828,3059787,4,Erbil,6
102915,Male,No,62,No,Retired,28,645531,6229348,1,Baghdad,4
102916,Female,Yes,40,Yes,Teacher,4,720679,2747684,3,Basra,6
102917,Female,Yes,30,No,Teacher,9,950205,1382320,5,Basra,6
102918,Female,No,73,No,Retired,28,550876,6074978,1,Anbar,4
102919,Female,No,18,No,Student,1,356666,115887,1,Baghdad,0
102920,Male,Yes,29,Yes,Government_Employee,7,759576,2221091,5,Najaf,2
102921,Female,Yes,50,No,Doctor,17,2366443,22541857,6,Diyala,5
102922,Female,Yes,34,Yes,Private_Sector,7,654533,2819146,3,Erbil,6
102923,Male,Yes,53,No,Trader,12,2024362,22212513,6,Baghdad,5
102924,Female,Yes,32,No,Trader,8,2274354,8867667,5,Mosul,5
102925,Male,No,24,No,Laborer,2,287220,380781,2,Anbar,3
102926,Male,No,19,No,Laborer,0,413471,186947,1,Erbil,3
102927,Female,No,78,No,Retired,27,697999,5871406,1,Diyala,4
102928,Male,Yes,32,No,Government_Employee,8,839550,3723534,3,Baghdad,2
102929,Female,No,20,No,Laborer,0,350443,410441,3,Erbil,3
102930,Male,No,19,Yes,Unemployed,1,457093,369707,1,Karbala,6
102931,Male,Yes,31,Yes,Private_Sector,4,1008656,2074026,5,Erbil,6
102932,Male,Yes,68,Yes,Retired,23,503717,3010112,1,Mosul,4
102933,Male,Yes,22,No,Student,1,326018,519945,1,Baghdad,0
102934,Female,Yes,40,No,Laborer,14,798311,519010,7,Basra,3
102935,Male,No,19,Yes,Private_Sector,2,495227,350244,1,Erbil,6
102936,Male,Yes,46,Yes,Trader,15,2576411,15981542,5,Diyala,5
102937,Male,Yes,78,No,Retired,24,443244,7193483,4,Anbar,4
102938,Male,Yes,49,Yes,Engineer,8,1840363,12189113,3,Baghdad,5
102939,Female,Yes,30,Yes,Teacher,5,995103,1417168,4,Najaf,6
102940,Female,Yes,38,No,Private_Sector,10,734069,1457021,3,Najaf,6
102941,Male,Yes,42,Yes,Trader,6,2163442,11218259,5,Mosul,5
102942,Female,Yes,53,Yes,Homemaker,3,427845,511705,8,Baghdad,1
102943,Female,Yes,40,Yes,Government_Employee,9,373357,3138289,5,Erbil,2
102944,Female,No,40,No,Teacher,10,722084,1590589,3,Sulaymaniyah,6
102945,Female,Yes,37,Yes,Private_Sector,11,902749,2303283,5,Baghdad,6
102946,Male,Yes,54,No,Laborer,6,370493,713528,6,Mosul,3
102947,Male,Yes,28,No,Government_Employee,6,1042728,1707255,3,Diyala,2
102948,Male,No,18,No,Unemployed,1,487207,273473,2,Sulaymaniyah,6
102949,Female,Yes,36,Yes,Homemaker,9,521334,723311,7,Baghdad,1
102950,Male,No,25,No,Student,1,428505,148086,1,Sulaymaniyah,0
102951,Male,No,82,Yes,Retired,16,830279,3051913,3,Diyala,4
102952,Female,Yes,43,No,Trader,9,1411234,16994204,3,Dhi_Qar,5
102953,Male,Yes,52,Yes,Laborer,18,437851,853682,5,Baghdad,3
102954,Male,Yes,40,No,Teacher,4,772922,1436025,5,Sulaymaniyah,6
102955,Male,Yes,30,No,Driver,4,410290,108890,8,Dhi_Qar,1
102956,Male,No,18,No,Unemployed,2,367268,277970,3,Dhi_Qar,6
102957,Female,No,79,Yes,Retired,18,411035,7563638,4,Dhi_Qar,4
102958,Female,Yes,37,No,Government_Employee,6,1377045,1995350,3,Baghdad,2
102959,Male,No,29,No,Government_Employee,8,904277,1712741,5,Mosul,2
102960,Female,Yes,77,Yes,Retired,15,450039,9634933,3,Karbala,4
102961,Male,Yes,37,Yes,Engineer,17,1567197,22823924,4,Baghdad,5
102962,Female,No,38,Yes,Teacher,8,917046,3745959,5,Baghdad,6
102963,Female,Yes,33,Yes,Government_Employee,11,831066,2207288,4,Karbala,2
102964,Male,Yes,76,Yes,Retired,16,1060191,4758573,1,Dhi_Qar,4
102965,Male,Yes,41,No,Government_Employee,11,805058,3049444,3,Basra,2
102966,Male,Yes,28,No,Government_Employee,5,1066728,2416888,5,Erbil,2
102967,Male,Yes,33,Yes,Government_Employee,3,1044469,2540749,3,Dhi_Qar,2
102968,Female,No,72,Yes,Retired,28,680435,9245546,2,Sulaymaniyah,4
102969,Male,Yes,26,Yes,Student,0,286171,410491,2,Mosul,0
102970,Female,Yes,41,No,Private_Sector,5,613759,2922371,4,Dhi_Qar,6
102971,Female,Yes,60,No,Retired,15,617878,5617463,4,Sulaymaniyah,4
102972,Female,Yes,42,Yes,Trader,19,1951846,14962963,6,Mosul,5
102973,Male,Yes,37,Yes,Private_Sector,6,756021,2706960,5,Najaf,6
102974,Male,No,25,No,Student,1,400248,568469,2,Mosul,0
102975,Female,No,19,Yes,Student,0,356650,484392,1,Sulaymaniyah,0
102976,Female,No,37,No,Teacher,11,937441,1424810,3,Sulaymaniyah,6
102977,Female,Yes,70,No,Retired,23,595974,9065157,2,Anbar,4
102978,Male,Yes,38,No,Private_Sector,11,663937,1499008,5,Basra,6
102979,Female,Yes,35,No,Laborer,8,693274,583807,6,Najaf,3
102980,Female,Yes,51,Yes,Trader,15,3273812,16642894,5,Baghdad,5
102981,Male,No,33,No,Government_Employee,5,1037186,1631693,4,Baghdad,2
102982,Female,Yes,84,Yes,Retired,29,724007,6036963,4,Basra,4
102983,Male,Yes,39,Yes,Private_Sector,7,829620,3100713,3,Baghdad,6
102984,Male,Yes,52,No,Homemaker,3,465838,197082,4,Baghdad,1
102985,Female,Yes,31,Yes,Government_Employee,8,909031,3235668,5,Baghdad,2
102986,Male,No,23,Yes,Private_Sector,1,310242,300147,2,Baghdad,6
102987,Male,Yes,50,No,Driver,14,351174,460681,6,Baghdad,1
102988,Female,Yes,48,Yes,Trader,12,2388232,15507531,6,Najaf,5
102989,Male,Yes,49,Yes,Driver,5,375581,337654,7,Baghdad,1
102990,Female,No,21,Yes,Student,2,228990,473657,3,Diyala,0
102991,Male,No,24,No,Unemployed,0,397664,596307,1,Erbil,6
102992,Female,Yes,47,Yes,Engineer,17,2716878,13420377,6,Anbar,5
102993,Female,Yes,39,No,Laborer,7,324536,1408851,4,Anbar,3
102994,Male,No,18,Yes,Laborer,2,187537,0,3,Diyala,3
102995,Male,No,40,Yes,Trader,16,2812356,12414073,5,Baghdad,5
102996,Female,Yes,76,No,Retired,23,752752,4943496,1,Basra,4
102997,Female,Yes,28,Yes,Private_Sector,3,779898,2999902,3,Erbil,6
102998,Female,Yes,38,No,Teacher,7,807156,1535414,5,Baghdad,6
102999,Male,Yes,37,Yes,Driver,12,654552,648082,8,Najaf,1
103000,Male,No,54,No,Engineer,7,2561648,16525125,4,Dhi_Qar,5
103001,Male,Yes,58,No,Retired,16,547255,6304135,3,Karbala,4
103002,Male,Yes,78,No,Retired,22,344023,5099188,2,Anbar,4
103003,Male,Yes,37,No,Homemaker,18,352042,827699,6,Basra,1
103004,Male,Yes,40,No,Private_Sector,10,825651,2172939,3,Najaf,6
103005,Female,Yes,47,Yes,Doctor,15,3074553,14198792,6,Basra,5
103006,Male,Yes,20,No,Laborer,0,271521,248949,1,Baghdad,3
103007,Female,Yes,39,Yes,Teacher,11,824163,2178658,5,Baghdad,6
103008,Female,Yes,71,No,Retired,16,668315,8898799,4,Baghdad,4
103009,Female,Yes,32,No,Laborer,17,410188,910510,7,Basra,3
103010,Female,Yes,28,Yes,Private_Sector,4,813855,3588911,5,Baghdad,6
103011,Male,Yes,60,No,Retired,16,313709,4123531,4,Basra,4
103012,Female,Yes,54,No,Trader,17,2916094,0,4,Najaf,5
103013,Male,No,63,Yes,Retired,22,360235,4895211,3,Basra,4
103014,Male,Yes,29,Yes,Government_Employee,11,442428,2818161,4,Najaf,2
103015,Male,Yes,37,No,Government_Employee,7,1093765,2528006,3,Sulaymaniyah,2
103016,Male,No,24,Yes,Student,2,373118,235378,1,Baghdad,0
103017,Female,Yes,32,Yes,Trader,8,2760048,13648292,5,Erbil,5
103018,Female,No,20,Yes,Student,0,625829,554107,2,Najaf,0
103019,Female,Yes,36,No,Homemaker,11,213745,759065,7,Sulaymaniyah,1
103020,Female,No,35,Yes,Government_Employee,7,771493,2156031,4,Sulaymaniyah,2
103021,Female,No,44,Yes,Trader,12,3319932,22081776,4,Dhi_Qar,5
103022,Female,Yes,35,Yes,Trader,13,1966047,569891,4,Baghdad,5
103023,Female,No,34,Yes,Private_Sector,3,1019353,3163739,4,Baghdad,6
103024,Female,Yes,35,No,Laborer,11,268125,831349,8,Najaf,3
103025,Male,Yes,73,Yes,Retired,27,719306,7240315,3,Najaf,4
103026,Male,Yes,62,Yes,Retired,23,568254,6362049,4,Erbil,4
103027,Female,No,19,No,Laborer,2,480877,189621,2,Baghdad,3
103028,Male,No,33,Yes,Private_Sector,9,1033570,4852648,3,Karbala,6
103029,Female,No,72,No,Retired,29,662197,7087159,2,Baghdad,4
103030,Female,No,21,No,Student,0,199479,470491,1,Najaf,0
103031,Male,Yes,58,Yes,Retired,23,721834,8169225,3,Anbar,4
103032,Male,Yes,66,No,Retired,22,462447,3097003,4,Baghdad,4
103033,Male,Yes,41,No,Laborer,14,599924,601834,8,Basra,3
103034,Female,Yes,47,Yes,Trader,15,1824395,14684726,4,Sulaymaniyah,5
103035,Female,No,20,Yes,Private_Sector,1,387104,417429,3,Karbala,6
103036,Male,No,21,No,Unemployed,1,323297,241626,2,Basra,6
103037,Female,Yes,60,No,Retired,18,606640,5773368,2,Baghdad,4
103038,Female,No,23,Yes,Student,2,332719,248942,3,Basra,0
103039,Female,Yes,30,No,Trader,15,2635038,16530173,5,Najaf,5
103040,Female,Yes,70,No,Retired,25,468306,9006401,1,Baghdad,4
103041,Male,Yes,38,Yes,Private_Sector,3,934392,2360352,5,Sulaymaniyah,6
103042,Female,Yes,77,No,Retired,21,598227,5304012,1,Erbil,4
103043,Female,No,19,No,Private_Sector,2,270893,217008,2,Baghdad,6
103044,Male,Yes,33,No,Engineer,8,2207007,17814643,5,Sulaymaniyah,5
103045,Male,Yes,35,Yes,Government_Employee,6,952519,2519338,5,Mosul,2
103046,Male,Yes,49,No,Homemaker,15,434092,458943,7,Erbil,1
103047,Male,No,32,No,Government_Employee,6,923476,2062231,5,Basra,2
103048,Male,No,26,No,Unemployed,0,325056,630523,3,Anbar,6
103049,Female,Yes,28,No,Government_Employee,3,1113509,1753175,4,Mosul,2
103050,Female,Yes,44,Yes,Trader,14,1753049,11528019,5,Baghdad,5
103051,Female,No,25,No,Student,0,291927,699219,2,Dhi_Qar,0
103052,Male,Yes,40,No,Laborer,3,497742,499217,8,Basra,3
103053,Female,Yes,68,No,Retired,18,466285,3446614,2,Diyala,4
103054,Female,Yes,34,Yes,Private_Sector,4,1218416,113751,3,Baghdad,6
103055,Male,Yes,30,Yes,Trader,14,2963503,11000063,3,Basra,5
103056,Male,Yes,40,No,Laborer,3,391135,432352,7,Mosul,3
103057,Male,Yes,54,Yes,Engineer,18,1868503,11710732,5,Anbar,5
103058,Female,Yes,30,Yes,Teacher,8,687180,2214552,3,Basra,6
103059,Male,No,75,No,Retired,22,424222,3789133,2,Najaf,4
103060,Female,Yes,64,No,Retired,27,454252,6762607,4,Anbar,4
103061,Male,Yes,77,No,Retired,21,685987,6896642,3,Dhi_Qar,4
103062,Male,No,19,Yes,Private_Sector,1,384348,329281,2,Sulaymaniyah,6
103063,Male,No,20,No,Laborer,0,150000,204645,3,Baghdad,3
103064,Male,Yes,33,Yes,Government_Employee,11,833549,2509947,3,Basra,2
103065,Male,Yes,31,Yes,Private_Sector,4,642803,2869183,3,Najaf,6
103066,Male,No,64,No,Retired,21,750052,7112031,3,Baghdad,4
103067,Male,No,25,No,Student,2,332051,292543,3,Dhi_Qar,0
103068,Male,Yes,70,No,Retired,22,442927,4967662,1,Erbil,4
103069,Male,No,21,No,Student,1,243431,588995,1,Diyala,0
103070,Male,No,29,Yes,Private_Sector,5,753537,1855722,5,Baghdad,6
103071,Female,Yes,33,No,Government_Employee,6,676937,1652330,3,Basra,2
103072,Male,Yes,50,No,Driver,9,520796,573622,4,Baghdad,1
103073,Male,Yes,49,No,Driver,10,240080,1279742,6,Baghdad,1
103074,Female,Yes,23,Yes,Laborer,0,475793,122640,3,Basra,3
103075,Female,No,24,No,Student,0,357004,128379,1,Sulaymaniyah,0
103076,Female,No,28,Yes,Government_Employee,10,872238,3711399,4,Baghdad,2
103077,Male,No,36,No,Government_Employee,3,1003444,1907102,4,Najaf,2
103078,Female,Yes,53,No,Homemaker,7,500954,393027,6,Basra,1
103079,Male,Yes,43,Yes,Doctor,10,3124225,20655136,5,Basra,5
103080,Male,No,32,No,Government_Employee,4,1194537,1318372,5,Baghdad,2
103081,Male,Yes,50,No,Trader,5,2780732,21494876,4,Mosul,5
103082,Male,Yes,61,Yes,Retired,17,542200,5056036,2,Basra,4
103083,Male,Yes,48,Yes,Driver,6,480159,1205361,4,Baghdad,1
103084,Male,Yes,40,No,Driver,6,375679,559691,5,Erbil,1
103085,Male,Yes,33,Yes,Teacher,10,821580,2738723,3,Baghdad,6
103086,Female,No,62,Yes,Retired,16,547079,3202377,2,Baghdad,4
103087,Female,Yes,42,Yes,Driver,17,150000,304889,8,Mosul,1
103088,Female,No,46,Yes,Engineer,13,3233112,17693529,5,Anbar,5
103089,Female,Yes,78,No,Retired,16,376789,4653915,2,Basra,4
103090,Male,Yes,50,Yes,Trader,7,2872300,16782489,3,Baghdad,5
103091,Male,No,35,No,Teacher,3,1008992,1721065,3,Sulaymaniyah,6
103092,Male,No,22,No,Student,1,379376,524880,3,Baghdad,0
103093,Male,No,19,Yes,Student,2,401837,267185,3,Mosul,0
103094,Male,Yes,38,No,Government_Employee,4,1106904,2179189,4,Baghdad,2
103095,Female,Yes,31,No,Government_Employee,7,1362722,2830650,4,Mosul,2
103096,Female,Yes,30,Yes,Trader,7,2075382,12118025,3,Baghdad,5
103097,Male,No,71,Yes,Retired,29,310818,7632165,2,Dhi_Qar,4
103098,Female,Yes,60,No,Retired,24,761639,2659468,4,Erbil,4
103099,Female,Yes,81,No,Retired,23,858220,7972814,4,Baghdad,4
103100,Female,Yes,33,No,Engineer,19,4284338,9072318,5,Basra,5
103101,Female,Yes,46,No,Trader,7,2554924,24373487,4,Basra,5
103102,Male,Yes,32,Yes,Trader,19,2899496,10361499,3,Dhi_Qar,5
103103,Female,No,77,No,Retired,26,982528,4782207,1,Basra,4
103104,Female,Yes,62,Yes,Retired,26,622729,3195566,1,Najaf,4
103105,Female,Yes,33,No,Government_Employee,4,920117,1769378,5,Mosul,2
103106,Male,Yes,32,No,Homemaker,6,498074,826633,4,Baghdad,1
103107,Male,No,24,No,Student,2,518109,462363,3,Anbar,0
103108,Female,No,26,No,Student,0,224214,47249,1,Sulaymaniyah,0
103109,Female,Yes,79,No,Retired,26,1000553,5980361,3,Baghdad,4
103110,Male,Yes,37,No,Private_Sector,4,878935,1986326,3,Baghdad,6
103111,Male,Yes,70,No,Retired,20,488663,12539859,2,Baghdad,4
103112,Female,Yes,40,Yes,Teacher,4,1050986,1745444,5,Erbil,6
103113,Male,Yes,40,Yes,Teacher,11,1055724,2480330,3,Najaf,6
103114,Male,Yes,51,No,Laborer,6,415011,780869,6,Anbar,3
103115,Female,Yes,61,Yes,Retired,16,688746,4248182,3,Mosul,4
103116,Male,No,21,No,Student,1,378106,258101,2,Mosul,0
103117,Female,Yes,31,No,Laborer,14,381857,805175,5,Basra,3
103118,Male,No,23,No,Student,0,255351,197860,3,Karbala,0
103119,Male,Yes,68,No,Retired,27,606409,5288778,2,Karbala,4
103120,Male,Yes,51,No,Homemaker,4,395064,1167675,8,Anbar,1
103121,Male,No,60,Yes,Retired,29,482236,5210065,1,Anbar,4
103122,Male,No,33,No,Trader,6,3182571,10894592,3,Anbar,5
103123,Female,Yes,38,Yes,Driver,8,590599,322350,5,Baghdad,1
103124,Male,Yes,84,No,Retired,22,482583,8766561,3,Karbala,4
103125,Male,Yes,40,Yes,Government_Employee,10,935085,2659901,4,Baghdad,2
103126,Female,Yes,42,No,Laborer,3,567133,1019550,7,Anbar,3
103127,Female,Yes,44,Yes,Trader,10,2609182,10029929,6,Anbar,5
103128,Female,Yes,34,Yes,Private_Sector,8,809509,3776622,3,Sulaymaniyah,6
103129,Male,Yes,28,Yes,Teacher,7,879127,1566097,4,Karbala,6
103130,Male,No,22,Yes,Unemployed,1,249008,591995,2,Baghdad,6
103131,Male,Yes,30,Yes,Trader,10,2312487,7249312,4,Mosul,5
103132,Male,Yes,33,No,Doctor,14,2577257,12953090,3,Karbala,5
103133,Male,No,18,Yes,Student,0,372687,203825,2,Mosul,0
103134,Male,Yes,40,No,Private_Sector,10,1182475,2764292,5,Basra,6
103135,Male,Yes,37,No,Government_Employee,6,974472,3535163,4,Diyala,2
103136,Male,Yes,48,No,Laborer,12,422628,607083,5,Karbala,3
103137,Female,No,21,Yes,Unemployed,2,254027,493576,1,Basra,6
103138,Female,No,33,No,Doctor,16,2178564,15425553,5,Mosul,5
103139,Female,No,34,Yes,Engineer,6,2254205,11740922,4,Baghdad,5
103140,Male,Yes,52,Yes,Engineer,6,2891374,15026074,4,Dhi_Qar,5
103141,Female,No,29,No,Government_Employee,3,1014106,2913474,5,Karbala,2
103142,Male,Yes,31,Yes,Private_Sector,3,1407818,3940701,4,Erbil,6
103143,Male,Yes,20,No,Student,0,416573,412413,2,Karbala,0
103144,Female,No,19,No,Laborer,1,232721,748476,2,Mosul,3
103145,Male,Yes,65,Yes,Retired,15,649994,2478667,3,Dhi_Qar,4
103146,Male,Yes,38,Yes,Government_Employee,7,828916,1472998,5,Baghdad,2
103147,Male,Yes,54,Yes,Trader,10,2611369,8630412,6,Baghdad,5
103148,Male,No,36,No,Government_Employee,11,746984,2872254,3,Anbar,2
103149,Male,No,20,No,Student,0,417980,435200,2,Mosul,0
103150,Female,Yes,38,Yes,Government_Employee,11,965823,2759588,4,Najaf,2
103151,Female,Yes,50,No,Laborer,18,487066,502797,8,Karbala,3
103152,Female,No,30,Yes,Government_Employee,7,710367,1961025,3,Erbil,2
103153,Male,Yes,38,Yes,Government_Employee,5,1261855,1237701,5,Mosul,2
103154,Male,Yes,38,No,Trader,11,2021391,10875472,4,Anbar,5
103155,Female,No,39,Yes,Government_Employee,7,743397,1805898,4,Baghdad,2
103156,Male,No,37,Yes,Teacher,6,958681,2712465,3,Baghdad,6
103157,Male,Yes,38,No,Private_Sector,7,866413,2924838,3,Basra,6
103158,Male,Yes,44,No,Driver,10,175924,851933,5,Diyala,1
103159,Female,No,26,No,Student,1,419333,271676,3,Diyala,0
103160,Female,No,25,Yes,Student,2,259643,307930,3,Najaf,0
103161,Female,No,75,Yes,Retired,25,668596,6000433,1,Basra,4
103162,Female,Yes,23,No,Student,0,208048,277318,3,Karbala,0
103163,Male,No,26,No,Unemployed,2,288290,578238,2,Basra,6
103164,Male,Yes,41,Yes,Government_Employee,9,1598956,3439257,5,Erbil,2
103165,Male,Yes,49,No,Driver,3,621970,193348,5,Basra,1
103166,Male,Yes,46,No,Homemaker,12,451881,573344,8,Erbil,1
103167,Female,Yes,41,No,Driver,17,486371,1109166,8,Basra,1
103168,Female,Yes,35,Yes,Government_Employee,3,1285037,3550037,4,Erbil,2
103169,Male,No,43,No,Driver,5,465213,0,4,Erbil,1
103170,Male,No,25,Yes,Private_Sector,1,477107,399675,2,Basra,6
103171,Female,Yes,44,No,Trader,10,2014461,19047937,3,Karbala,5
103172,Female,Yes,32,Yes,Trader,19,2513027,16305707,6,Basra,5
103173,Male,No,33,No,Government_Employee,11,966610,2505402,5,Dhi_Qar,2
103174,Male,Yes,53,No,Laborer,13,551749,746218,6,Erbil,3
103175,Male,Yes,64,No,Retired,24,435082,5304766,2,Mosul,4
103176,Female,Yes,41,Yes,Trader,17,2912054,14908610,4,Basra,5
103177,Male,Yes,67,Yes,Retired,21,615286,5081644,2,Erbil,4
103178,Male,No,60,Yes,Retired,28,405633,4317292,2,Mosul,4
103179,Male,No,26,Yes,Private_Sector,1,339931,357202,1,Diyala,6
103180,Male,Yes,29,No,Private_Sector,9,777639,1508439,5,Karbala,6
103181,Male,Yes,38,Yes,Teacher,6,1283944,1839117,5,Basra,6
103182,Female,Yes,39,No,Homemaker,12,484973,510249,5,Baghdad,1
103183,Male,No,41,No,Laborer,9,517599,358439,7,Anbar,3
103184,Male,Yes,33,Yes,Government_Employee,5,911915,2397537,3,Najaf,2
103185,Female,Yes,40,No,Laborer,14,499015,450908,8,Anbar,3
103186,Male,No,23,Yes,Laborer,2,418193,534924,1,Sulaymaniyah,3
103187,Male,Yes,30,No,Private_Sector,5,983525,2091144,4,Mosul,6
103188,Female,No,22,Yes,Student,0,307342,508160,3,Dhi_Qar,0
103189,Male,Yes,33,No,Trader,9,2491505,9671849,5,Erbil,5
103190,Male,Yes,33,No,Driver,18,454887,873103,6,Sulaymaniyah,1
103191,Female,Yes,76,No,Retired,24,515128,3002920,4,Baghdad,4
103192,Male,No,22,No,Student,2,350497,160488,2,Baghdad,0
103193,Female,Yes,38,Yes,Government_Employee,6,847545,3327983,4,Baghdad,2
103194,Male,No,70,Yes,Retired,24,708973,7987557,3,Erbil,4
103195,Male,Yes,33,Yes,Private_Sector,5,853763,981036,5,Dhi_Qar,6
103196,Male,Yes,60,Yes,Retired,28,591258,7887811,3,Sulaymaniyah,4
103197,Female,Yes,37,Yes,Doctor,5,4455914,15512028,3,Baghdad,5
103198,Female,Yes,63,No,Retired,23,486219,6363188,4,Najaf,4
103199,Female,Yes,63,Yes,Retired,28,733786,3348393,1,Baghdad,4
103200,Female,Yes,53,Yes,Trader,16,2470362,19543544,6,Basra,5
103201,Female,No,25,No,Student,1,427327,200451,3,Baghdad,0
103202,Male,No,81,Yes,Retired,15,269682,6263121,2,Baghdad,4
103203,Female,No,39,No,Engineer,6,1966181,15606891,6,Baghdad,5
103204,Female,No,68,No,Retired,27,580068,5839464,1,Mosul,4
103205,Male,No,25,Yes,Student,0,283121,411682,2,Basra,0
103206,Female,No,23,No,Laborer,1,388458,429804,1,Anbar,3
103207,Female,Yes,40,No,Trader,5,3128773,9582803,5,Baghdad,5
103208,Female,No,79,No,Retired,16,438632,6134236,3,Baghdad,4
103209,Female,Yes,32,No,Private_Sector,11,1072681,1501326,5,Baghdad,6
103210,Male,Yes,79,Yes,Retired,29,442261,9341997,3,Dhi_Qar,4
103211,Female,No,20,Yes,Laborer,1,441972,856017,3,Sulaymaniyah,3
103212,Male,No,22,No,Student,0,512399,558657,3,Baghdad,0
103213,Male,Yes,84,Yes,Retired,25,633672,7871424,4,Karbala,4
103214,Female,Yes,37,No,Laborer,12,480574,568441,8,Basra,3
103215,Male,Yes,33,Yes,Government_Employee,4,607378,2555474,3,Basra,2
103216,Male,Yes,38,Yes,Teacher,8,720019,2879442,5,Baghdad,6
103217,Male,Yes,38,No,Government_Employee,10,1104426,1940253,5,Erbil,2
103218,Female,Yes,46,No,Engineer,12,2246687,13741966,3,Anbar,5
103219,Female,Yes,40,Yes,Government_Employee,11,766438,2261845,5,Sulaymaniyah,2
103220,Male,No,32,No,Government_Employee,5,1044141,2428415,3,Baghdad,2
103221,Female,Yes,82,No,Retired,27,623968,11395915,3,Najaf,4
103222,Male,No,25,Yes,Laborer,1,159397,485414,3,Basra,3
103223,Male,Yes,53,No,Laborer,7,340778,1119770,4,Sulaymaniyah,3
103224,Male,Yes,84,Yes,Retired,25,621155,6097831,3,Baghdad,4
103225,Male,Yes,48,Yes,Driver,7,457149,388368,8,Dhi_Qar,1
103226,Male,Yes,84,No,Retired,16,899653,4899522,1,Diyala,4
103227,Male,Yes,66,No,Retired,23,671905,10351911,2,Basra,4
103228,Male,Yes,41,No,Government_Employee,7,981454,1223519,3,Baghdad,2
103229,Male,Yes,70,No,Retired,29,444660,5322411,3,Baghdad,4
103230,Female,Yes,36,Yes,Doctor,18,4309096,19949222,6,Sulaymaniyah,5
103231,Female,Yes,30,Yes,Private_Sector,10,892275,1649125,4,Mosul,6
103232,Female,Yes,72,No,Retired,24,764915,5166318,1,Baghdad,4
103233,Male,Yes,41,Yes,Trader,10,1502991,13895099,4,Diyala,5
103234,Male,Yes,51,No,Laborer,5,362551,121652,8,Najaf,3
103235,Female,Yes,60,No,Retired,18,502873,5006117,2,Erbil,4
103236,Female,Yes,34,No,Homemaker,11,509872,434074,6,Baghdad,1
103237,Female,Yes,38,Yes,Laborer,11,508053,245917,7,Baghdad,3
103238,Male,Yes,49,No,Engineer,10,2484950,13415674,6,Baghdad,5
103239,Male,Yes,45,No,Laborer,4,330715,776909,8,Baghdad,3
103240,Male,Yes,39,Yes,Trader,19,2953653,23309022,5,Karbala,5
103241,Male,Yes,38,Yes,Doctor,9,2138633,7506709,5,Sulaymaniyah,5
103242,Female,Yes,41,No,Laborer,11,573523,743874,7,Baghdad,3
103243,Male,Yes,71,Yes,Retired,16,623058,8840497,2,Baghdad,4
103244,Female,Yes,79,No,Retired,20,648236,3569070,3,Diyala,4
103245,Male,Yes,45,No,Driver,16,500026,1032957,6,Najaf,1
103246,Female,Yes,46,Yes,Engineer,7,2458583,13384442,6,Baghdad,5
103247,Female,Yes,21,No,Private_Sector,1,258639,338959,1,Baghdad,6
103248,Female,No,79,No,Retired,26,640256,7193840,1,Sulaymaniyah,4
103249,Female,Yes,52,Yes,Trader,16,1670313,17637109,5,Mosul,5
103250,Male,Yes,75,Yes,Retired,26,569231,5187952,4,Baghdad,4
103251,Female,Yes,50,No,Laborer,12,656877,126066,5,Basra,3
103252,Male,Yes,79,No,Retired,23,517533,8084161,4,Anbar,4
103253,Male,Yes,45,No,Laborer,14,208205,921876,6,Erbil,3
103254,Male,No,58,Yes,Retired,18,737212,5507790,4,Dhi_Qar,4
103255,Male,Yes,44,Yes,Driver,15,538435,272329,6,Sulaymaniyah,1
103256,Female,No,33,Yes,Government_Employee,4,789250,2381517,3,Dhi_Qar,2
103257,Female,Yes,38,No,Private_Sector,11,1351327,3103342,4,Anbar,6
103258,Female,No,33,Yes,Trader,13,2234220,12281797,4,Mosul,5
103259,Female,Yes,53,No,Laborer,9,506870,617111,5,Najaf,3
103260,Female,Yes,43,No,Driver,14,178385,477041,8,Najaf,1
103261,Male,Yes,69,No,Retired,26,588981,8647906,2,Erbil,4
103262,Female,Yes,41,No,Government_Employee,10,813367,2874287,3,Baghdad,2
103263,Female,Yes,38,Yes,Government_Employee,10,810771,1133156,3,Diyala,2
103264,Male,No,25,Yes,Unemployed,2,289904,473090,1,Basra,6
103265,Male,Yes,41,No,Government_Employee,11,875966,2177456,5,Baghdad,2
103266,Male,Yes,42,Yes,Engineer,15,2031202,13569249,3,Basra,5
103267,Male,Yes,38,Yes,Laborer,11,409804,697698,5,Erbil,3
103268,Male,No,32,Yes,Doctor,17,2293451,17010480,5,Anbar,5
103269,Male,Yes,30,Yes,Doctor,8,3055783,18773447,6,Erbil,5
103270,Female,Yes,32,Yes,Teacher,5,609805,1596895,4,Baghdad,6
103271,Female,No,23,No,Laborer,1,460072,60411,3,Najaf,3
103272,Male,Yes,36,No,Teacher,9,787112,2411993,5,Mosul,6
103273,Female,No,71,Yes,Retired,26,341977,8123460,3,Sulaymaniyah,4
103274,Female,No,68,No,Retired,17,628932,4937692,1,Mosul,4
103275,Male,Yes,41,No,Driver,5,455862,627915,8,Basra,1
103276,Female,No,46,No,Engineer,15,2051538,10032612,4,Mosul,5
103277,Female,Yes,64,Yes,Retired,25,625478,9378509,4,Sulaymaniyah,4
103278,Male,Yes,72,No,Retired,17,753293,5473917,2,Baghdad,4
103279,Male,Yes,70,Yes,Retired,29,605721,3452677,3,Baghdad,4
103280,Male,No,21,Yes,Laborer,1,308135,311860,2,Baghdad,3
103281,Female,Yes,39,No,Homemaker,19,638849,696647,4,Anbar,1
103282,Female,Yes,79,Yes,Retired,22,548902,6851629,3,Mosul,4
103283,Male,Yes,78,Yes,Retired,28,759937,7605623,1,Baghdad,4
103284,Female,Yes,19,Yes,Laborer,2,402360,284065,1,Sulaymaniyah,3
103285,Female,Yes,43,No,Homemaker,7,518434,882043,5,Baghdad,1
103286,Male,Yes,59,No,Retired,25,740988,7204232,3,Karbala,4
103287,Male,No,25,No,Student,0,349043,440095,3,Mosul,0
103288,Male,Yes,42,Yes,Engineer,13,2466140,18465260,5,Basra,5
103289,Female,No,20,Yes,Unemployed,0,433809,539731,1,Mosul,6
103290,Female,No,25,Yes,Student,0,263146,503925,1,Basra,0
103291,Female,Yes,77,No,Retired,29,507557,6565525,3,Najaf,4
103292,Male,Yes,75,No,Retired,27,497929,8053191,3,Anbar,4
103293,Female,Yes,46,Yes,Doctor,11,2778007,16491445,4,Najaf,5
103294,Female,No,22,No,Unemployed,2,254764,405544,2,Dhi_Qar,6
103295,Female,Yes,34,Yes,Private_Sector,11,936544,1779107,5,Baghdad,6
103296,Female,No,24,No,Unemployed,0,269762,933880,2,Baghdad,6
103297,Female,Yes,37,Yes,Private_Sector,11,709735,2415921,4,Najaf,6
103298,Female,No,19,Yes,Laborer,2,313514,546498,3,Dhi_Qar,3
103299,Female,Yes,76,Yes,Retired,17,559410,2884254,1,Najaf,4
103300,Male,Yes,81,Yes,Retired,26,541715,3501060,2,Baghdad,4
103301,Male,Yes,30,No,Trader,13,2488747,13404394,6,Basra,5
103302,Female,Yes,71,Yes,Retired,19,523308,7440802,2,Baghdad,4
103303,Female,Yes,18,Yes,Unemployed,0,448848,0,3,Baghdad,6
103304,Male,Yes,47,Yes,Homemaker,19,320928,941720,5,Diyala,1
103305,Female,Yes,39,Yes,Doctor,6,2955452,26239383,6,Baghdad,5
103306,Female,No,22,Yes,Laborer,2,299488,438185,3,Anbar,3
103307,Male,Yes,53,No,Engineer,15,1179569,7558038,3,Basra,5
103308,Male,No,40,No,Government_Employee,10,1034032,2996071,4,Erbil,2
103309,Female,Yes,44,Yes,Driver,9,511059,761403,6,Baghdad,1
103310,Male,Yes,77,No,Retired,22,668662,2844162,2,Baghdad,4
103311,Male,No,22,Yes,Student,2,285473,447704,3,Baghdad,0
103312,Male,Yes,43,No,Engineer,10,1727054,10347241,4,Mosul,5
103313,Female,No,19,No,Student,0,168325,64677,3,Sulaymaniyah,0
103314,Male,Yes,51,No,Engineer,14,2135524,24887566,3,Basra,5
103315,Male,Yes,63,Yes,Retired,15,320278,6853831,2,Basra,4
103316,Male,No,19,Yes,Unemployed,1,466652,375521,1,Baghdad,6
103317,Male,No,30,Yes,Trader,19,3205879,9649155,5,Mosul,5
103318,Female,No,29,Yes,Private_Sector,5,829805,3447837,5,Sulaymaniyah,6
103319,Male,No,19,No,Student,0,309116,368450,1,Mosul,0
103320,Female,Yes,42,No,Laborer,9,349186,217299,7,Najaf,3
103321,Female,Yes,72,No,Retired,26,770089,7414228,2,Baghdad,4
103322,Female,No,28,No,Government_Employee,5,1002029,1557684,5,Basra,2
103323,Male,No,23,Yes,Student,2,289270,554238,1,Sulaymaniyah,0
103324,Female,Yes,33,No,Government_Employee,4,867551,2868317,4,Diyala,2
103325,Female,Yes,84,No,Retired,18,429840,2403657,3,Sulaymaniyah,4
103326,Male,Yes,46,No,Homemaker,14,363977,575576,7,Dhi_Qar,1
103327,Female,Yes,44,No,Engineer,8,3158545,21812011,4,Erbil,5
103328,Male,No,22,No,Unemployed,1,366837,435756,3,Erbil,6
103329,Male,No,20,No,Laborer,2,322306,211164,2,Baghdad,3
103330,Male,Yes,29,Yes,Government_Employee,7,1022264,2166148,3,Baghdad,2
103331,Female,Yes,60,No,Retired,18,704115,2236612,4,Anbar,4
103332,Male,No,19,No,Private_Sector,0,329754,302573,1,Mosul,6
103333,Male,Yes,49,No,Doctor,15,2088166,18196818,6,Baghdad,5
103334,Female,No,21,Yes,Student,0,332583,116543,3,Basra,0
103335,Female,Yes,35,Yes,Private_Sector,10,1232663,3049475,3,Basra,6
103336,Male,Yes,60,Yes,Retired,29,496937,6250650,1,Najaf,4
103337,Male,Yes,71,No,Retired,15,273640,5388839,2,Mosul,4
103338,Male,No,23,Yes,Unemployed,0,454358,570179,2,Anbar,6
103339,Female,Yes,24,No,Laborer,0,494297,498248,3,Basra,3
103340,Female,No,41,Yes,Government_Employee,6,1180485,3120550,4,Baghdad,2
103341,Male,No,28,Yes,Teacher,7,575624,1969225,5,Karbala,6
103342,Female,Yes,37,No,Teacher,3,1115529,1707477,4,Mosul,6
103343,Female,Yes,61,Yes,Retired,15,582039,8584573,3,Erbil,4
103344,Female,Yes,20,No,Student,2,371271,311490,3,Erbil,0
103345,Male,Yes,36,Yes,Government_Employee,8,563193,2856348,3,Basra,2
103346,Female,Yes,34,No,Doctor,15,2318550,16037140,6,Baghdad,5
103347,Male,Yes,76,No,Retired,27,597643,6202715,3,Baghdad,4
103348,Male,Yes,84,No,Retired,27,536255,9212286,1,Mosul,4
103349,Male,No,18,No,Unemployed,1,368223,738315,3,Erbil,6
103350,Male,Yes,54,No,Engineer,10,1309783,22044340,3,Najaf,5
103351,Male,Yes,40,Yes,Trader,12,1706888,13204214,5,Sulaymaniyah,5
103352,Male,Yes,30,Yes,Private_Sector,8,951874,1988137,4,Najaf,6
103353,Male,Yes,46,No,Laborer,4,616154,1010558,4,Baghdad,3
103354,Male,No,19,No,Unemployed,2,410324,325497,2,Najaf,6
103355,Female,Yes,52,No,Engineer,15,2400656,13504542,4,Karbala,5
103356,Female,Yes,80,No,Retired,27,772901,6312947,1,Najaf,4
103357,Male,Yes,36,No,Laborer,14,339518,874097,7,Erbil,3
103358,Male,Yes,24,Yes,Laborer,1,367472,518981,1,Anbar,3
103359,Female,Yes,79,Yes,Retired,25,631866,5611816,2,Najaf,4
103360,Female,Yes,29,No,Teacher,9,598988,2794974,4,Dhi_Qar,6
103361,Male,Yes,76,Yes,Retired,27,562307,5840776,4,Baghdad,4
103362,Male,Yes,39,No,Trader,9,3709336,22923907,6,Sulaymaniyah,5
103363,Female,Yes,75,No,Retired,15,370414,6817801,3,Baghdad,4
103364,Female,No,26,Yes,Student,1,156649,503061,1,Anbar,0
103365,Male,Yes,40,No,Driver,4,419469,636401,4,Karbala,1
103366,Female,Yes,35,No,Government_Employee,9,883712,4007877,3,Baghdad,2
103367,Female,Yes,83,Yes,Retired,17,464256,7254856,3,Baghdad,4
103368,Male,Yes,30,Yes,Teacher,8,887776,1887178,3,Dhi_Qar,6
103369,Male,No,19,Yes,Student,0,441448,806523,1,Erbil,0
103370,Female,No,40,Yes,Private_Sector,11,1213207,2279084,5,Baghdad,6
103371,Male,Yes,65,No,Retired,16,579818,5654653,2,Mosul,4
103372,Female,Yes,39,No,Homemaker,9,266528,775886,5,Basra,1
103373,Male,Yes,30,Yes,Engineer,16,2579179,12583821,5,Basra,5
103374,Male,Yes,38,No,Government_Employee,11,1392291,3314525,4,Erbil,2
103375,Male,Yes,36,No,Driver,12,421947,773997,5,Baghdad,1
103376,Female,No,59,Yes,Retired,16,589206,7122684,4,Dhi_Qar,4
103377,Male,Yes,39,Yes,Private_Sector,5,653841,1935377,4,Baghdad,6
103378,Female,No,82,No,Retired,23,586428,8574113,3,Erbil,4
103379,Female,Yes,31,No,Teacher,5,918899,2504255,5,Basra,6
103380,Male,Yes,50,No,Doctor,8,3929663,12497233,5,Diyala,5
103381,Male,No,31,No,Government_Employee,3,903548,2636715,5,Baghdad,2
103382,Male,No,37,No,Government_Employee,8,1019561,705511,4,Sulaymaniyah,2
103383,Female,Yes,20,No,Student,1,243362,92131,1,Diyala,0
103384,Male,Yes,35,Yes,Government_Employee,3,549692,1997307,3,Sulaymaniyah,2
103385,Female,Yes,72,Yes,Retired,25,575808,6552663,1,Basra,4
103386,Female,No,67,No,Retired,21,486801,7382008,3,Baghdad,4
103387,Male,Yes,37,Yes,Government_Employee,8,1017521,2319418,4,Anbar,2
103388,Female,Yes,51,No,Driver,6,573492,1381415,5,Anbar,1
103389,Male,Yes,20,No,Laborer,1,456376,417304,1,Baghdad,3
103390,Male,No,80,No,Retired,26,702473,6705756,4,Baghdad,4
103391,Female,No,78,Yes,Retired,26,672694,6254498,1,Baghdad,4
103392,Male,No,18,Yes,Private_Sector,1,221386,464652,2,Erbil,6
103393,Male,Yes,37,No,Homemaker,11,466061,708742,4,Basra,1
103394,Female,Yes,64,No,Retired,17,780687,7446775,3,Sulaymaniyah,4
103395,Male,Yes,29,Yes,Government_Employee,9,558260,2294545,4,Baghdad,2
103396,Male,Yes,39,No,Trader,17,3185381,12869428,5,Baghdad,5
103397,Male,Yes,50,Yes,Trader,9,2528266,12606015,4,Mosul,5
103398,Male,Yes,37,Yes,Engineer,14,962006,10259675,3,Baghdad,5
103399,Male,No,19,No,Unemployed,2,267682,403404,3,Karbala,6
103400,Male,Yes,41,Yes,Private_Sector,3,866881,3729996,5,Mosul,6
103401,Male,Yes,37,No,Driver,14,531656,632167,7,Baghdad,1
103402,Male,No,52,Yes,Trader,16,3405125,23164898,6,Basra,5
103403,Female,Yes,41,No,Private_Sector,9,883910,2816430,4,Baghdad,6
103404,Male,Yes,32,No,Homemaker,11,305440,998280,7,Baghdad,1
103405,Female,Yes,35,Yes,Government_Employee,4,724393,3434891,4,Mosul,2
103406,Male,Yes,19,No,Laborer,2,316357,395769,1,Baghdad,3
103407,Male,Yes,32,Yes,Trader,6,2173387,16499079,3,Baghdad,5
103408,Male,Yes,18,Yes,Student,1,275760,90123,1,Erbil,0
103409,Female,Yes,35,Yes,Trader,8,3530500,18685707,6,Baghdad,5
103410,Male,No,79,Yes,Retired,17,649466,9453321,4,Diyala,4
103411,Male,No,23,No,Student,2,343257,98173,3,Sulaymaniyah,0
103412,Female,Yes,35,Yes,Government_Employee,8,816473,1930282,4,Erbil,2
103413,Male,Yes,36,Yes,Engineer,18,2269225,15811684,4,Baghdad,5
103414,Male,No,22,No,Laborer,0,349187,333049,1,Baghdad,3
103415,Male,Yes,58,Yes,Retired,20,805414,6731446,2,Karbala,4
103416,Female,Yes,69,No,Retired,28,857231,8933188,4,Baghdad,4
103417,Female,No,22,Yes,Student,0,507944,270683,1,Diyala,0
103418,Female,Yes,49,Yes,Doctor,12,1799138,18615983,4,Baghdad,5
103419,Female,No,51,Yes,Trader,7,2361067,4791623,4,Baghdad,5
103420,Male,No,39,Yes,Private_Sector,4,1027747,2073057,5,Erbil,6
103421,Female,Yes,62,No,Retired,16,588102,6062859,2,Erbil,4
103422,Female,Yes,37,Yes,Teacher,9,846860,2382435,5,Najaf,6
103423,Female,Yes,41,No,Government_Employee,5,744021,1669827,5,Baghdad,2
103424,Male,Yes,41,Yes,Government_Employee,11,704676,3420960,4,Baghdad,2
103425,Female,Yes,31,Yes,Engineer,18,2851905,12077347,3,Anbar,5
103426,Male,Yes,19,No,Unemployed,0,314847,609101,1,Baghdad,6
103427,Male,Yes,31,Yes,Doctor,9,2360850,24252769,5,Basra,5
103428,Male,No,23,No,Student,1,304425,691641,1,Baghdad,0
103429,Female,Yes,34,No,Teacher,11,764842,2091145,3,Erbil,6
103430,Male,Yes,58,No,Retired,27,608679,2785525,2,Anbar,4
103431,Female,Yes,28,Yes,Government_Employee,6,934229,3303152,4,Diyala,2
103432,Female,Yes,34,Yes,Trader,15,2831199,17398656,5,Mosul,5
103433,Female,Yes,34,Yes,Government_Employee,10,1138806,1712330,5,Mosul,2
103434,Female,Yes,40,No,Homemaker,10,355486,0,4,Erbil,1
103435,Female,Yes,38,No,Laborer,12,665280,561686,8,Mosul,3
103436,Male,Yes,34,Yes,Government_Employee,6,948001,3507846,4,Anbar,2
103437,Male,Yes,46,No,Driver,11,531338,386176,6,Diyala,1
103438,Male,Yes,32,No,Homemaker,4,526235,654780,5,Baghdad,1
103439,Male,No,26,Yes,Student,0,235518,289837,1,Basra,0
103440,Male,No,38,Yes,Private_Sector,9,1055695,3782360,4,Karbala,6
103441,Male,Yes,19,Yes,Student,0,187920,502055,2,Baghdad,0
103442,Male,No,28,No,Private_Sector,8,623309,1807246,4,Baghdad,6
103443,Male,Yes,30,Yes,Trader,15,2328357,10851094,6,Baghdad,5
103444,Female,Yes,54,Yes,Trader,6,3743706,15308219,6,Karbala,5
103445,Male,No,30,Yes,Private_Sector,7,775511,2040195,4,Basra,6
103446,Male,No,21,No,Student,1,246655,488410,1,Mosul,0
103447,Female,Yes,32,Yes,Engineer,15,3188797,4708035,4,Anbar,5
103448,Female,Yes,32,No,Homemaker,17,494060,387712,7,Baghdad,1
103449,Male,No,41,No,Government_Employee,7,925774,819228,3,Dhi_Qar,2
103450,Male,Yes,65,No,Retired,22,369603,5247963,3,Anbar,4
103451,Female,Yes,37,Yes,Government_Employee,3,909025,3597318,5,Diyala,2
103452,Female,Yes,75,No,Retired,19,608452,6489158,4,Anbar,4
103453,Male,Yes,32,No,Doctor,13,3592410,11282426,4,Basra,5
103454,Female,Yes,39,No,Driver,16,505873,990653,8,Baghdad,1
103455,Female,No,20,Yes,Student,0,350281,614155,1,Sulaymaniyah,0
103456,Female,Yes,83,No,Retired,22,736553,5247734,1,Karbala,4
103457,Female,No,28,Yes,Government_Employee,6,943073,2078357,5,Dhi_Qar,2
103458,Female,Yes,30,Yes,Government_Employee,9,911646,2113337,4,Diyala,2
103459,Female,No,33,No,Government_Employee,7,866576,2211841,4,Anbar,2
103460,Female,Yes,37,No,Laborer,9,609060,774245,5,Karbala,3
103461,Male,No,38,No,Government_Employee,4,863753,2938475,5,Basra,2
103462,Female,Yes,50,No,Trader,19,2750964,4399755,5,Diyala,5
103463,Female,No,21,Yes,Student,1,241205,401631,1,Basra,0
103464,Female,Yes,40,No,Homemaker,17,441789,410391,5,Baghdad,1
103465,Male,Yes,79,Yes,Retired,24,628441,8131855,1,Basra,4
103466,Female,Yes,65,Yes,Retired,19,656477,2701019,4,Sulaymaniyah,4
103467,Male,Yes,48,Yes,Trader,13,2794367,16815627,4,Karbala,5
103468,Female,Yes,31,No,Private_Sector,5,789857,3667221,5,Mosul,6
103469,Female,Yes,39,No,Government_Employee,6,1363125,2922236,5,Dhi_Qar,2
103470,Female,Yes,81,Yes,Retired,19,642778,4802601,2,Mosul,4
103471,Male,Yes,35,No,Trader,6,3268412,8861689,3,Najaf,5
103472,Male,Yes,51,No,Homemaker,18,382700,181553,4,Dhi_Qar,1
103473,Male,No,29,No,Government_Employee,7,691539,2441873,3,Mosul,2
103474,Female,Yes,34,No,Homemaker,10,579944,412087,5,Baghdad,1
103475,Male,Yes,32,No,Private_Sector,10,481145,2094485,3,Baghdad,6
103476,Female,No,20,No,Unemployed,2,152856,316285,3,Baghdad,6
103477,Male,No,20,No,Student,1,283328,523036,2,Mosul,0
103478,Female,Yes,32,No,Government_Employee,8,781305,3142730,5,Anbar,2
103479,Male,No,33,Yes,Laborer,19,361922,374668,6,Diyala,3
103480,Female,No,62,No,Retired,23,523846,7572686,1,Baghdad,4
103481,Female,Yes,73,Yes,Retired,27,824740,5466570,4,Baghdad,4
103482,Female,No,39,Yes,Teacher,9,381762,2833527,5,Baghdad,6
103483,Male,No,20,No,Unemployed,1,577564,429764,2,Basra,6
103484,Female,Yes,36,Yes,Government_Employee,8,1025175,2508680,4,Erbil,2
103485,Male,Yes,68,Yes,Retired,21,589152,6479518,2,Baghdad,4
103486,Female,No,24,Yes,Private_Sector,1,374566,621140,1,Mosul,6
103487,Male,Yes,30,No,Trader,13,1911449,12569420,4,Najaf,5
103488,Female,Yes,38,No,Government_Employee,7,1110794,2154324,3,Basra,2
103489,Male,Yes,73,No,Retired,26,631616,3148518,1,Dhi_Qar,4
103490,Male,No,36,Yes,Trader,9,2507633,11251332,3,Karbala,5
103491,Male,Yes,23,No,Student,2,178486,163741,1,Baghdad,0
103492,Female,Yes,37,Yes,Government_Employee,7,479923,3266381,4,Baghdad,2
103493,Male,No,64,No,Retired,22,704464,9974031,3,Basra,4
103494,Male,Yes,37,No,Laborer,6,630201,686307,6,Diyala,3
103495,Female,Yes,39,No,Doctor,14,2967447,21982981,3,Erbil,5
103496,Female,Yes,59,Yes,Retired,28,328704,4803089,3,Anbar,4
103497,Female,No,18,Yes,Student,0,361385,153870,2,Baghdad,0
103498,Male,Yes,40,No,Private_Sector,8,1091288,2539989,4,Baghdad,6
103499,Male,Yes,32,Yes,Doctor,18,1582821,19446849,6,Basra,5
103500,Male,No,24,Yes,Student,0,367885,320774,1,Mosul,0
103501,Female,Yes,54,Yes,Trader,15,2373743,7157075,3,Basra,5
103502,Female,Yes,52,No,Driver,15,515801,811984,8,Sulaymaniyah,1
103503,Female,No,22,No,Private_Sector,2,496991,450731,1,Basra,6
103504,Male,Yes,24,No,Unemployed,1,244635,608119,1,Karbala,6
103505,Female,Yes,52,No,Engineer,15,2075982,9611024,3,Baghdad,5
103506,Male,Yes,73,Yes,Retired,25,358916,9594805,2,Najaf,4
103507,Female,Yes,38,No,Private_Sector,10,1151861,2363678,4,Erbil,6
103508,Female,Yes,31,No,Government_Employee,5,1088995,2098403,4,Baghdad,2
103509,Female,No,28,Yes,Private_Sector,6,1205456,1294562,3,Erbil,6
103510,Male,Yes,26,No,Unemployed,0,543597,274968,2,Basra,6
103511,Female,Yes,69,Yes,Retired,29,684651,3949381,2,Basra,4
103512,Male,No,20,Yes,Student,0,150000,377486,3,Erbil,0
103513,Female,No,60,No,Retired,27,679217,5327032,3,Basra,4
103514,Female,No,79,No,Retired,19,687926,4231121,2,Baghdad,4
103515,Female,No,21,No,Student,1,311876,327386,2,Diyala,0
103516,Female,Yes,60,Yes,Retired,23,453081,6056537,4,Basra,4
103517,Female,No,23,No,Laborer,1,276528,336711,3,Anbar,3
103518,Male,Yes,77,No,Retired,20,478045,5661112,1,Basra,4
103519,Male,Yes,26,No,Student,0,463516,857621,1,Baghdad,0
103520,Male,Yes,39,Yes,Trader,14,1900268,12452655,5,Mosul,5
103521,Male,Yes,30,No,Government_Employee,4,763009,2204881,5,Baghdad,2
103522,Male,Yes,47,No,Trader,15,3287018,17480016,4,Mosul,5
103523,Male,Yes,76,No,Retired,20,548341,3959676,3,Baghdad,4
103524,Female,Yes,81,No,Retired,25,674487,8372669,2,Basra,4
103525,Male,Yes,19,Yes,Student,1,394084,0,1,Mosul,0
103526,Male,No,19,Yes,Unemployed,2,344530,553198,3,Baghdad,6
103527,Female,Yes,52,No,Laborer,6,383719,0,7,Sulaymaniyah,3
103528,Female,Yes,38,Yes,Private_Sector,10,919144,2356965,4,Baghdad,6
103529,Male,Yes,58,No,Retired,28,716038,5609532,1,Erbil,4
103530,Male,Yes,30,No,Doctor,16,2057248,12599214,3,Diyala,5
103531,Female,Yes,84,Yes,Retired,22,681499,6753277,2,Basra,4
103532,Female,No,23,Yes,Private_Sector,1,159070,863852,3,Baghdad,6
103533,Male,Yes,46,Yes,Trader,11,2056822,11572572,3,Mosul,5
103534,Female,Yes,67,Yes,Retired,20,582979,2765570,1,Baghdad,4
103535,Male,Yes,38,Yes,Government_Employee,8,969652,3354650,4,Najaf,2
103536,Male,Yes,62,No,Retired,25,782148,7384725,3,Basra,4
103537,Female,Yes,75,No,Retired,29,815417,6012559,2,Karbala,4
103538,Male,Yes,60,No,Retired,26,552924,6756773,4,Najaf,4
103539,Male,Yes,18,No,Student,0,403989,155752,3,Dhi_Qar,0
103540,Female,Yes,50,No,Laborer,15,566210,789303,4,Karbala,3
103541,Female,Yes,50,Yes,Trader,11,2448564,17409909,5,Baghdad,5
103542,Male,No,19,Yes,Private_Sector,1,323163,423962,3,Basra,6
103543,Female,Yes,68,No,Retired,22,707555,7970109,4,Karbala,4
103544,Female,No,29,Yes,Teacher,9,998105,1982560,4,Basra,6
103545,Female,Yes,31,Yes,Private_Sector,9,836904,2617304,4,Diyala,6
103546,Male,Yes,37,Yes,Teacher,5,875366,2660114,5,Baghdad,6
103547,Female,Yes,43,Yes,Trader,11,2168105,7195319,3,Baghdad,5
103548,Male,No,23,No,Student,0,284782,258636,2,Baghdad,0
103549,Female,Yes,53,No,Driver,6,326220,602747,4,Diyala,1
103550,Male,Yes,59,Yes,Retired,27,590768,6193696,4,Baghdad,4
103551,Male,Yes,40,Yes,Teacher,7,640932,628491,4,Baghdad,6
103552,Female,Yes,46,No,Driver,15,391833,1230505,8,Diyala,1
103553,Female,No,25,No,Student,2,328774,224267,2,Erbil,0
103554,Male,No,25,Yes,Private_Sector,1,234002,689750,2,Anbar,6
103555,Male,No,66,Yes,Retired,22,535486,9732447,1,Baghdad,4
103556,Female,Yes,36,Yes,Government_Employee,11,978003,846604,4,Sulaymaniyah,2
103557,Female,No,23,No,Student,0,338679,326220,2,Baghdad,0
103558,Male,No,21,Yes,Student,2,374978,119515,1,Basra,0
103559,Male,Yes,35,No,Government_Employee,6,1092215,1937928,4,Basra,2
103560,Male,Yes,22,No,Student,1,587255,458783,2,Dhi_Qar,0
103561,Female,Yes,34,Yes,Trader,13,2712628,13866711,5,Dhi_Qar,5
103562,Female,No,19,Yes,Student,1,279372,396961,2,Mosul,0
103563,Male,Yes,40,Yes,Private_Sector,4,803813,3797120,4,Mosul,6
103564,Female,Yes,51,No,Driver,6,408756,1150738,6,Najaf,1
103565,Female,Yes,30,Yes,Trader,8,3368441,20653919,5,Mosul,5
103566,Male,Yes,31,No,Government_Employee,7,990484,2289663,5,Najaf,2
103567,Female,No,21,No,Student,2,373144,280143,1,Anbar,0
103568,Female,Yes,42,Yes,Homemaker,16,427940,328924,6,Sulaymaniyah,1
103569,Male,No,24,Yes,Student,0,303172,388001,2,Sulaymaniyah,0
103570,Female,Yes,30,Yes,Trader,8,3080321,17506161,3,Basra,5
103571,Male,Yes,40,No,Teacher,5,929476,2447467,4,Baghdad,6
103572,Female,Yes,74,No,Retired,29,599381,1939093,3,Erbil,4
103573,Male,Yes,44,Yes,Trader,14,3648292,19483526,6,Sulaymaniyah,5
103574,Male,Yes,36,No,Laborer,8,423180,219941,5,Baghdad,3
103575,Male,No,32,No,Driver,15,484045,891184,8,Sulaymaniyah,1
103576,Female,Yes,63,Yes,Retired,18,355218,6763190,4,Baghdad,4
103577,Female,Yes,39,Yes,Doctor,13,2624329,16074182,4,Dhi_Qar,5
103578,Male,Yes,38,No,Trader,19,3168445,10882814,6,Mosul,5
103579,Male,Yes,37,No,Laborer,17,643375,421624,6,Erbil,3
103580,Male,Yes,75,No,Retired,20,615623,3650613,1,Mosul,4
103581,Female,No,81,No,Retired,16,697448,5974298,3,Dhi_Qar,4
103582,Male,Yes,52,No,Driver,16,656588,407201,5,Diyala,1
103583,Male,Yes,30,Yes,Private_Sector,9,882320,2102673,3,Baghdad,6
103584,Female,Yes,61,Yes,Retired,19,631732,4543190,4,Mosul,4
103585,Female,Yes,60,No,Retired,23,405396,2624432,1,Erbil,4
103586,Female,Yes,36,No,Private_Sector,6,1048451,2806840,4,Mosul,6
103587,Male,Yes,82,No,Retired,15,514246,4581986,4,Anbar,4
103588,Female,Yes,22,Yes,Unemployed,2,237235,255055,1,Baghdad,6
103589,Female,No,24,No,Student,1,417522,487508,3,Basra,0
103590,Female,Yes,53,No,Driver,6,510806,553027,4,Anbar,1
103591,Female,Yes,53,No,Driver,16,429427,560075,7,Baghdad,1
103592,Female,Yes,37,Yes,Teacher,4,847082,2384458,5,Karbala,6
103593,Male,Yes,28,Yes,Private_Sector,11,1052980,3193897,4,Najaf,6
103594,Female,Yes,30,No,Private_Sector,7,791448,3266074,4,Erbil,6
103595,Female,No,42,No,Driver,13,510454,379942,6,Sulaymaniyah,1
103596,Female,Yes,36,No,Private_Sector,3,946696,2847002,3,Diyala,6
103597,Female,Yes,34,Yes,Engineer,17,2380674,7457450,6,Anbar,5
103598,Female,No,78,No,Retired,17,779155,5846563,4,Diyala,4
103599,Male,No,37,Yes,Government_Employee,7,560524,3901546,5,Erbil,2
103600,Female,Yes,53,No,Driver,16,372990,878210,7,Diyala,1
103601,Male,Yes,31,No,Private_Sector,7,858297,1854716,5,Baghdad,6
103602,Male,Yes,77,No,Retired,21,609695,5500611,1,Baghdad,4
103603,Male,No,26,Yes,Unemployed,0,349389,383787,1,Baghdad,6
103604,Female,Yes,43,No,Trader,18,2703997,14454266,4,Mosul,5
103605,Female,Yes,79,No,Retired,15,681519,3563268,4,Dhi_Qar,4
103606,Female,No,38,Yes,Government_Employee,9,663594,1265707,3,Erbil,2
103607,Female,Yes,76,No,Retired,24,919347,2725791,2,Baghdad,4
103608,Female,Yes,54,No,Homemaker,12,525631,0,6,Basra,1
103609,Female,No,29,Yes,Government_Employee,8,1066955,1086956,4,Baghdad,2
103610,Female,Yes,41,Yes,Engineer,17,3275992,13630374,3,Erbil,5
103611,Male,No,19,No,Private_Sector,0,459716,298834,3,Baghdad,6
103612,Female,No,30,No,Teacher,9,1041614,3089613,4,Erbil,6
103613,Female,Yes,37,Yes,Trader,6,690909,18901775,6,Erbil,5
103614,Male,No,24,Yes,Student,0,216684,598812,1,Diyala,0
103615,Female,Yes,49,No,Laborer,4,543953,231289,8,Karbala,3
103616,Female,No,18,Yes,Student,1,384525,374661,1,Basra,0
103617,Female,Yes,54,Yes,Trader,17,2753568,18941009,3,Basra,5
103618,Female,No,24,No,Private_Sector,0,325362,333774,3,Baghdad,6
103619,Male,No,30,Yes,Government_Employee,6,1033649,3252817,5,Mosul,2
103620,Female,No,73,No,Retired,19,932201,8009837,2,Mosul,4
103621,Female,Yes,38,No,Government_Employee,5,935731,2321450,5,Basra,2
103622,Male,Yes,54,No,Laborer,8,344185,439673,7,Dhi_Qar,3
103623,Male,Yes,65,No,Retired,29,480270,4865149,2,Sulaymaniyah,4
103624,Female,Yes,35,Yes,Government_Employee,10,1057038,2992355,4,Najaf,2
103625,Female,No,19,No,Student,1,270883,524791,3,Baghdad,0
103626,Female,Yes,61,No,Retired,17,462207,6320410,3,Basra,4
103627,Male,Yes,30,No,Driver,18,234848,437591,7,Anbar,1
103628,Male,No,34,Yes,Teacher,9,1108543,1871898,3,Baghdad,6
103629,Male,No,20,No,Student,1,368700,684282,3,Mosul,0
103630,Male,Yes,64,Yes,Retired,25,452994,5365544,3,Dhi_Qar,4
103631,Female,Yes,43,Yes,Engineer,18,2592387,20430482,4,Karbala,5
103632,Female,Yes,30,No,Teacher,9,1197488,1499900,4,Baghdad,6
103633,Female,Yes,23,Yes,Student,2,270353,244398,2,Basra,0
103634,Male,Yes,45,No,Engineer,8,2342709,11356260,5,Mosul,5
103635,Male,Yes,34,No,Driver,7,434138,440092,6,Karbala,1
103636,Male,No,18,No,Unemployed,0,323073,314763,3,Basra,6
103637,Male,No,73,Yes,Retired,17,622335,8556782,4,Baghdad,4
103638,Female,No,39,No,Private_Sector,8,1119046,3051987,5,Erbil,6
103639,Female,Yes,35,Yes,Trader,10,1808666,15130943,4,Mosul,5
103640,Male,Yes,31,Yes,Government_Employee,9,860334,3430010,4,Basra,2
103641,Female,Yes,46,Yes,Trader,11,3035718,18892608,3,Diyala,5
103642,Male,No,18,No,Unemployed,1,435692,419986,3,Anbar,6
103643,Male,Yes,41,No,Laborer,17,416207,865386,8,Erbil,3
103644,Female,Yes,32,No,Homemaker,19,214952,1050528,8,Erbil,1
103645,Male,Yes,35,No,Doctor,17,3366011,29801754,6,Baghdad,5
103646,Female,Yes,35,Yes,Teacher,3,702684,2643878,4,Basra,6
103647,Female,Yes,73,No,Retired,25,539937,8328531,4,Najaf,4
103648,Male,No,20,No,Student,0,242955,853325,1,Erbil,0
103649,Female,No,25,No,Student,1,296648,424548,1,Basra,0
103650,Male,Yes,67,Yes,Retired,19,681074,10415834,2,Baghdad,4
103651,Female,Yes,39,No,Trader,9,2625281,26357904,3,Erbil,5
103652,Male,No,46,Yes,Engineer,11,2506448,6177285,4,Mosul,5
103653,Male,No,24,No,Student,2,364445,402678,1,Basra,0
103654,Male,Yes,53,No,Laborer,14,410732,987889,4,Anbar,3
103655,Female,Yes,60,No,Retired,28,367964,9480467,1,Mosul,4
103656,Male,No,18,Yes,Unemployed,2,254829,163379,1,Baghdad,6
103657,Male,Yes,74,No,Retired,17,530093,6084136,4,Najaf,4
103658,Male,No,31,No,Laborer,7,432972,555402,5,Basra,3
103659,Female,No,37,Yes,Government_Employee,5,912746,1693287,4,Basra,2
103660,Female,Yes,34,No,Laborer,17,344445,672683,8,Basra,3
103661,Female,No,52,No,Driver,17,491573,905592,7,Karbala,1
103662,Male,No,68,No,Retired,18,777909,8638498,3,Baghdad,4
103663,Female,Yes,40,No,Trader,10,1696141,16202588,6,Karbala,5
103664,Female,Yes,30,Yes,Government_Employee,10,608914,1540771,3,Najaf,2
103665,Female,Yes,33,No,Government_Employee,3,889400,2815573,4,Najaf,2
103666,Female,No,81,No,Retired,20,823672,8406556,1,Baghdad,4
103667,Male,No,19,No,Private_Sector,2,416429,186990,2,Baghdad,6
103668,Male,Yes,40,No,Trader,19,3261143,13072138,5,Sulaymaniyah,5
103669,Male,Yes,49,Yes,Engineer,16,1430198,14643147,6,Baghdad,5
103670,Male,Yes,49,No,Driver,19,479114,0,6,Mosul,1
103671,Male,No,43,Yes,Homemaker,18,401427,821851,4,Baghdad,1
103672,Female,Yes,53,Yes,Engineer,18,1710687,15814437,3,Baghdad,5
103673,Male,No,50,No,Engineer,19,2412325,15089924,3,Mosul,5
103674,Female,No,62,Yes,Retired,25,839323,4703537,4,Baghdad,4
103675,Male,Yes,42,No,Trader,14,2710467,15709389,4,Mosul,5
103676,Male,Yes,29,Yes,Government_Employee,8,947921,1285994,5,Erbil,2
103677,Female,Yes,19,Yes,Unemployed,0,466677,174373,3,Baghdad,6
103678,Male,Yes,46,Yes,Trader,8,2435824,12517312,6,Baghdad,5
103679,Female,Yes,40,Yes,Private_Sector,9,811710,1783224,4,Baghdad,6
103680,Female,Yes,30,Yes,Government_Employee,6,811150,3070111,4,Baghdad,2
103681,Male,Yes,31,Yes,Government_Employee,3,817764,2179906,3,Baghdad,2
103682,Male,No,25,No,Student,0,430633,559733,1,Basra,0
103683,Female,Yes,34,Yes,Engineer,9,2243762,13132110,6,Baghdad,5
103684,Male,No,18,No,Student,1,298313,570741,1,Baghdad,0
103685,Female,No,21,No,Private_Sector,0,375365,617242,1,Anbar,6
103686,Female,Yes,73,No,Retired,23,328099,8467087,1,Mosul,4
103687,Female,No,22,Yes,Private_Sector,0,480315,701227,1,Baghdad,6
103688,Male,Yes,64,Yes,Retired,20,892525,7776859,4,Basra,4
103689,Male,Yes,43,Yes,Trader,16,2613298,11600512,5,Baghdad,5
103690,Female,Yes,31,Yes,Government_Employee,8,977139,230678,5,Anbar,2
103691,Female,No,41,Yes,Trader,13,3041877,20267812,4,Karbala,5
103692,Female,Yes,40,Yes,Doctor,11,2637619,16624780,5,Dhi_Qar,5
103693,Male,Yes,38,No,Laborer,5,447063,357408,5,Anbar,3
103694,Female,No,53,No,Driver,3,607012,134074,8,Basra,1
103695,Female,Yes,36,No,Teacher,4,1177101,1495796,5,Basra,6
103696,Male,Yes,33,Yes,Government_Employee,9,798454,2294736,5,Karbala,2
103697,Male,Yes,41,Yes,Trader,9,1889269,22281153,6,Baghdad,5
103698,Male,No,20,Yes,Laborer,1,274844,187542,2,Baghdad,3
103699,Male,No,36,Yes,Trader,6,2515449,10414290,3,Baghdad,5
103700,Male,No,20,No,Laborer,0,461153,16530,1,Erbil,3
103701,Female,Yes,29,No,Private_Sector,4,1088906,1465248,4,Baghdad,6
103702,Female,Yes,59,No,Retired,25,862783,9917557,4,Diyala,4
103703,Male,Yes,69,No,Retired,15,621048,3485992,2,Basra,4
103704,Male,Yes,31,Yes,Trader,14,2056383,15957094,5,Anbar,5
103705,Female,No,44,No,Driver,7,392728,861876,6,Najaf,1
103706,Male,No,20,No,Unemployed,1,363846,489654,3,Karbala,6
103707,Male,Yes,35,No,Government_Employee,8,849348,4150390,4,Mosul,2
103708,Male,Yes,47,Yes,Trader,16,2589899,7665253,6,Dhi_Qar,5
103709,Male,Yes,38,Yes,Government_Employee,4,998612,2992398,5,Baghdad,2
103710,Male,Yes,32,Yes,Trader,13,2490087,21204106,5,Sulaymaniyah,5
103711,Female,No,22,No,Student,0,479449,689608,2,Mosul,0
103712,Male,No,73,No,Retired,19,534919,5994011,3,Anbar,4
103713,Male,No,26,No,Unemployed,0,366128,223178,2,Diyala,6
103714,Male,Yes,30,No,Teacher,11,805349,1112495,5,Baghdad,6
103715,Female,No,20,No,Student,2,241699,411438,1,Erbil,0
103716,Male,Yes,59,Yes,Retired,20,314271,3090856,2,Sulaymaniyah,4
103717,Female,No,22,Yes,Private_Sector,1,352822,518496,3,Basra,6
103718,Female,Yes,40,No,Laborer,9,237438,1164129,7,Baghdad,3
103719,Female,Yes,39,No,Private_Sector,10,1023299,3041059,5,Sulaymaniyah,6
103720,Male,Yes,36,Yes,Government_Employee,6,885745,1308136,5,Baghdad,2
103721,Female,Yes,33,No,Government_Employee,6,998937,2816097,3,Erbil,2
103722,Female,Yes,50,No,Trader,8,3417597,14940003,4,Najaf,5
103723,Female,Yes,31,Yes,Government_Employee,7,859327,523600,5,Najaf,2
103724,Male,Yes,60,No,Retired,27,686151,5330833,2,Baghdad,4
103725,Male,Yes,74,No,Retired,18,530474,5684585,1,Karbala,4
103726,Female,No,40,No,Engineer,7,1649055,17416146,3,Baghdad,5
103727,Female,Yes,36,No,Laborer,5,219814,329914,4,Baghdad,3
103728,Female,Yes,76,No,Retired,27,773276,4941663,1,Dhi_Qar,4
103729,Female,No,19,No,Laborer,2,340143,356380,3,Basra,3
103730,Male,Yes,40,Yes,Private_Sector,5,503942,1475936,3,Baghdad,6
103731,Female,Yes,42,Yes,Trader,10,2702793,15265793,5,Erbil,5
103732,Female,Yes,35,Yes,Teacher,7,752097,2288003,3,Baghdad,6
103733,Female,Yes,31,Yes,Private_Sector,6,1104322,3072701,5,Baghdad,6
103734,Female,Yes,42,No,Trader,16,2388969,12340598,6,Basra,5
103735,Male,No,76,Yes,Retired,23,359558,7128515,1,Karbala,4
103736,Male,Yes,46,Yes,Engineer,12,1906074,16772975,5,Basra,5
103737,Female,Yes,83,No,Retired,26,614203,5013685,2,Dhi_Qar,4
103738,Male,Yes,39,Yes,Trader,19,2939644,12267984,6,Sulaymaniyah,5
103739,Male,Yes,21,Yes,Student,0,373336,521938,2,Najaf,0
103740,Female,Yes,30,No,Homemaker,4,306996,908364,4,Basra,1
103741,Female,No,22,Yes,Student,0,159378,321633,1,Erbil,0
103742,Male,Yes,36,Yes,Private_Sector,6,973734,1783722,4,Dhi_Qar,6
103743,Male,No,26,Yes,Private_Sector,0,313659,491828,2,Erbil,6
103744,Male,Yes,33,Yes,Engineer,6,2754509,22640259,4,Baghdad,5
103745,Female,Yes,70,Yes,Retired,24,555412,5890065,3,Anbar,4
103746,Male,Yes,35,Yes,Government_Employee,5,973421,1456461,5,Karbala,2
103747,Male,Yes,39,No,Driver,6,650372,885154,4,Najaf,1
103748,Female,No,18,Yes,Student,0,281925,359544,1,Erbil,0
103749,Male,Yes,33,Yes,Driver,6,594620,403949,8,Baghdad,1
103750,Female,Yes,67,Yes,Retired,25,698085,6595234,1,Basra,4
103751,Female,No,24,No,Student,0,422856,0,3,Karbala,0
103752,Male,No,21,No,Student,2,310600,379563,1,Anbar,0
103753,Female,No,25,No,Student,0,356920,103882,3,Basra,0
103754,Female,Yes,45,Yes,Trader,17,2268156,12291813,4,Anbar,5
103755,Male,Yes,39,Yes,Government_Employee,5,972827,2235986,5,Erbil,2
103756,Female,Yes,50,No,Homemaker,12,334480,732388,8,Basra,1
103757,Male,No,26,No,Private_Sector,1,418713,223442,2,Baghdad,6
103758,Female,Yes,82,No,Retired,18,380320,6497238,2,Erbil,4
103759,Male,Yes,34,No,Government_Employee,10,773068,2323176,4,Basra,2
103760,Male,No,23,Yes,Student,2,172733,566665,1,Karbala,0
103761,Male,Yes,61,Yes,Retired,25,386437,3623332,2,Karbala,4
103762,Male,Yes,30,No,Engineer,14,2572233,26528583,3,Dhi_Qar,5
103763,Male,Yes,32,No,Government_Employee,10,1046872,2315431,4,Sulaymaniyah,2
103764,Female,Yes,34,No,Government_Employee,5,861905,2435274,3,Mosul,2
103765,Male,No,22,Yes,Unemployed,1,333299,293051,2,Basra,6
103766,Male,No,26,No,Private_Sector,2,406650,370959,2,Sulaymaniyah,6
103767,Female,Yes,42,No,Trader,19,2290261,13502721,5,Baghdad,5
103768,Female,Yes,43,Yes,Engineer,14,1430705,18997635,3,Baghdad,5
103769,Female,No,19,Yes,Laborer,0,466171,475970,1,Karbala,3
103770,Female,Yes,28,Yes,Government_Employee,10,654726,1838411,5,Baghdad,2
103771,Female,Yes,34,No,Driver,19,426430,1285622,4,Baghdad,1
103772,Male,Yes,40,No,Private_Sector,10,925916,4470128,4,Baghdad,6
103773,Male,Yes,52,Yes,Engineer,19,2837667,15386051,4,Basra,5
103774,Male,No,26,No,Laborer,2,195034,267276,1,Anbar,3
103775,Female,No,24,No,Laborer,2,204143,437133,2,Baghdad,3
103776,Female,Yes,41,No,Trader,19,2039361,9989910,4,Sulaymaniyah,5
103777,Female,Yes,32,Yes,Teacher,11,978777,2512856,5,Erbil,6
103778,Female,No,58,No,Retired,20,636407,7366343,2,Anbar,4
103779,Female,Yes,35,Yes,Government_Employee,11,940337,3239708,5,Basra,2
103780,Male,Yes,34,Yes,Teacher,8,783520,2482202,3,Sulaymaniyah,6
103781,Male,Yes,37,No,Engineer,8,1659071,5905013,4,Baghdad,5
103782,Male,Yes,63,No,Retired,17,662826,10423449,4,Anbar,4
103783,Male,Yes,35,Yes,Teacher,8,535166,2588180,3,Baghdad,6
103784,Male,Yes,63,No,Retired,22,671404,4361571,3,Baghdad,4
103785,Female,No,37,Yes,Trader,9,2822040,25263771,6,Anbar,5
103786,Male,No,74,No,Retired,22,757456,6794036,3,Anbar,4
103787,Male,Yes,58,No,Retired,27,743929,5449575,2,Mosul,4
103788,Female,No,71,No,Retired,27,305565,2856853,2,Anbar,4
103789,Female,Yes,35,Yes,Government_Employee,4,801087,2225282,4,Erbil,2
103790,Female,No,20,Yes,Student,2,470659,336836,1,Baghdad,0
103791,Female,No,21,No,Laborer,0,239468,277020,2,Najaf,3
103792,Female,Yes,38,No,Government_Employee,6,1094315,2808383,3,Basra,2
103793,Female,No,30,Yes,Private_Sector,6,1007846,2298863,5,Anbar,6
103794,Female,Yes,30,Yes,Government_Employee,3,739845,549659,3,Erbil,2
103795,Female,Yes,18,No,Student,2,352272,401466,3,Sulaymaniyah,0
103796,Female,Yes,40,No,Government_Employee,5,597395,3266317,4,Dhi_Qar,2
103797,Male,Yes,30,Yes,Government_Employee,10,1242182,2122632,3,Sulaymaniyah,2
103798,Female,No,20,Yes,Student,1,451173,372388,1,Baghdad,0
103799,Male,No,60,No,Retired,29,890811,6719459,3,Najaf,4
103800,Male,Yes,52,No,Doctor,6,3097563,18294705,4,Dhi_Qar,5
103801,Female,No,20,Yes,Private_Sector,0,303697,357039,2,Anbar,6
103802,Female,Yes,40,No,Government_Employee,4,950452,1647342,5,Baghdad,2
103803,Female,Yes,32,Yes,Trader,19,2245608,14480921,6,Erbil,5
103804,Female,No,23,No,Private_Sector,2,180618,463636,3,Basra,6
103805,Female,No,46,Yes,Engineer,14,1872924,17725104,5,Erbil,5
103806,Male,Yes,61,No,Retired,20,689149,8079765,1,Baghdad,4
103807,Female,No,21,No,Student,2,295691,314902,1,Karbala,0
103808,Female,Yes,39,Yes,Trader,7,1809788,17587557,4,Karbala,5
103809,Female,Yes,38,No,Driver,7,331735,666949,7,Erbil,1
103810,Female,Yes,77,No,Retired,15,604296,6713215,2,Dhi_Qar,4
103811,Female,Yes,30,No,Teacher,11,808522,2189578,3,Erbil,6
103812,Male,No,18,No,Student,1,357389,380055,3,Diyala,0
103813,Male,Yes,41,Yes,Laborer,12,517776,1037858,5,Sulaymaniyah,3
103814,Female,Yes,38,No,Homemaker,5,341307,532191,6,Baghdad,1
103815,Male,No,58,Yes,Retired,17,805932,8580232,4,Anbar,4
103816,Male,Yes,40,Yes,Teacher,6,1121693,3511133,4,Basra,6
103817,Female,Yes,30,No,Engineer,19,2341188,16692385,4,Anbar,5
103818,Male,No,73,No,Retired,27,525827,8431834,3,Baghdad,4
103819,Male,Yes,44,Yes,Trader,13,3459408,3208194,5,Mosul,5
103820,Male,No,44,No,Driver,7,515771,617279,7,Baghdad,1
103821,Male,Yes,42,No,Doctor,10,3076403,12751518,3,Dhi_Qar,5
103822,Male,No,20,Yes,Unemployed,2,223654,626385,3,Baghdad,6
103823,Male,No,31,No,Government_Employee,3,833779,1452823,4,Baghdad,2
103824,Male,Yes,54,No,Laborer,11,478567,208315,8,Basra,3
103825,Female,No,50,No,Driver,3,338064,817984,6,Baghdad,1
103826,Female,Yes,35,No,Driver,13,286787,382924,7,Dhi_Qar,1
103827,Male,No,19,Yes,Laborer,0,400427,607133,3,Basra,3
103828,Male,Yes,37,Yes,Government_Employee,9,981032,3061160,3,Baghdad,2
103829,Female,Yes,54,Yes,Trader,16,2093346,9262645,3,Baghdad,5
103830,Female,No,19,No,Laborer,2,553600,448758,1,Baghdad,3
103831,Male,Yes,44,No,Driver,19,412841,558019,6,Basra,1
103832,Male,Yes,45,Yes,Engineer,11,4093188,9228604,6,Baghdad,5
103833,Male,No,65,Yes,Retired,27,378539,1832384,4,Basra,4
103834,Male,Yes,49,Yes,Trader,9,2299151,11559495,3,Baghdad,5
103835,Male,Yes,36,Yes,Government_Employee,4,1012570,885051,3,Basra,2
103836,Male,Yes,41,No,Driver,14,570872,691001,4,Karbala,1
103837,Male,Yes,38,No,Government_Employee,9,766763,1169542,3,Dhi_Qar,2
103838,Male,Yes,50,Yes,Engineer,9,1911107,16600775,5,Erbil,5
103839,Male,Yes,33,No,Private_Sector,6,1103240,4276436,3,Baghdad,6
103840,Male,Yes,69,Yes,Retired,23,745533,7312204,4,Baghdad,4
103841,Female,No,66,No,Retired,19,437373,8775337,2,Dhi_Qar,4
103842,Male,Yes,28,Yes,Teacher,4,854342,3851137,5,Sulaymaniyah,6
103843,Male,Yes,28,No,Teacher,6,944536,2116905,3,Basra,6
103844,Male,No,19,No,Laborer,2,228469,636400,3,Basra,3
103845,Female,No,24,No,Laborer,2,502964,766253,2,Erbil,3
103846,Male,Yes,35,Yes,Private_Sector,11,887054,2879182,4,Sulaymaniyah,6
103847,Female,No,21,No,Student,0,478836,337279,1,Baghdad,0
103848,Female,Yes,38,No,Private_Sector,4,1243318,2335184,3,Dhi_Qar,6
103849,Female,Yes,32,No,Laborer,17,595933,548152,5,Anbar,3
103850,Female,No,64,Yes,Retired,29,540234,5108868,3,Erbil,4
103851,Female,No,28,Yes,Government_Employee,9,987250,2340931,3,Mosul,2
103852,Female,Yes,40,No,Homemaker,6,548113,717813,5,Najaf,1
103853,Female,Yes,31,Yes,Driver,15,364568,450584,4,Baghdad,1
103854,Male,Yes,74,No,Retired,27,699128,4830071,3,Basra,4
103855,Male,No,31,Yes,Government_Employee,10,804070,2083564,5,Baghdad,2
103856,Female,Yes,48,No,Driver,9,282535,360502,6,Dhi_Qar,1
103857,Female,Yes,78,No,Retired,17,582116,7195500,2,Mosul,4
103858,Male,Yes,36,Yes,Engineer,5,1541423,11085042,4,Mosul,5
103859,Male,Yes,41,Yes,Government_Employee,10,808809,2834142,5,Baghdad,2
103860,Female,Yes,33,Yes,Government_Employee,5,742238,2895191,3,Anbar,2
103861,Male,Yes,32,Yes,Government_Employee,11,856538,1710206,4,Diyala,2
103862,Male,Yes,47,Yes,Trader,7,2086448,14617317,3,Mosul,5
103863,Female,Yes,33,No,Trader,10,1981622,22103104,4,Erbil,5
103864,Male,Yes,33,Yes,Teacher,5,759335,1932021,4,Basra,6
103865,Male,No,84,No,Retired,15,379994,3934404,1,Basra,4
103866,Male,Yes,33,Yes,Private_Sector,3,802775,1484967,5,Baghdad,6
103867,Female,No,23,Yes,Student,2,290975,540012,2,Baghdad,0
103868,Female,No,23,Yes,Private_Sector,2,203467,94016,3,Anbar,6
103869,Female,Yes,32,No,Trader,17,2611010,17521930,6,Baghdad,5
103870,Male,No,20,No,Laborer,2,369644,407914,1,Mosul,3
103871,Male,Yes,41,Yes,Teacher,5,1142006,3197436,4,Karbala,6
103872,Male,No,21,Yes,Student,0,341572,270830,1,Sulaymaniyah,0
103873,Female,No,20,No,Student,0,264802,276498,3,Dhi_Qar,0
103874,Female,Yes,49,No,Driver,12,608338,821294,5,Najaf,1
103875,Male,No,31,Yes,Government_Employee,10,952770,2761230,3,Sulaymaniyah,2
103876,Male,No,49,No,Driver,16,453971,343679,4,Basra,1
103877,Female,Yes,38,Yes,Trader,11,2022792,11828788,6,Baghdad,5
103878,Female,Yes,53,No,Driver,6,459476,577555,5,Erbil,1
103879,Male,No,22,Yes,Student,2,308564,436398,2,Erbil,0
103880,Female,Yes,32,Yes,Private_Sector,8,1252731,3114321,5,Basra,6
103881,Female,Yes,37,Yes,Government_Employee,3,554031,2623426,5,Karbala,2
103882,Female,Yes,65,No,Retired,28,441054,5450754,4,Basra,4
103883,Male,No,39,Yes,Private_Sector,5,855013,2858286,3,Sulaymaniyah,6
103884,Female,Yes,34,Yes,Engineer,9,2784300,20649085,5,Sulaymaniyah,5
103885,Female,No,26,Yes,Laborer,0,570628,155888,1,Najaf,3
103886,Male,No,24,No,Laborer,1,388886,502141,2,Mosul,3
103887,Male,Yes,52,No,Laborer,7,534549,455927,6,Baghdad,3
103888,Female,No,84,Yes,Retired,23,640082,6053047,4,Basra,4
103889,Female,Yes,83,No,Retired,24,904776,5797123,2,Basra,4
103890,Female,Yes,41,No,Laborer,16,540370,695866,4,Basra,3
103891,Female,Yes,36,No,Laborer,14,417063,916446,6,Karbala,3
103892,Male,No,18,Yes,Laborer,2,395772,572755,1,Najaf,3
103893,Male,Yes,37,No,Government_Employee,9,1322490,3355233,5,Erbil,2
103894,Female,No,39,No,Government_Employee,4,844931,2943282,3,Dhi_Qar,2
103895,Male,Yes,50,No,Laborer,18,579726,255590,6,Anbar,3
103896,Female,No,19,No,Unemployed,0,462548,320089,1,Najaf,6
103897,Male,No,69,Yes,Retired,22,417065,6329777,2,Diyala,4
103898,Female,No,21,Yes,Unemployed,1,300721,523654,1,Baghdad,6
103899,Male,No,24,No,Unemployed,0,363090,134804,3,Sulaymaniyah,6
103900,Male,Yes,36,Yes,Government_Employee,7,1239823,2566636,4,Basra,2
103901,Male,No,32,Yes,Government_Employee,8,1248330,2373761,5,Basra,2
103902,Female,Yes,53,No,Driver,5,427702,888396,6,Sulaymaniyah,1
103903,Male,Yes,50,No,Laborer,3,280296,829219,8,Mosul,3
103904,Female,Yes,28,Yes,Government_Employee,6,864504,2868513,4,Mosul,2
103905,Female,Yes,37,Yes,Laborer,19,175758,233881,4,Erbil,3
103906,Male,No,26,No,Laborer,2,445589,0,1,Anbar,3
103907,Female,No,21,No,Private_Sector,0,213709,397099,3,Karbala,6
103908,Male,Yes,51,Yes,Trader,16,2110023,0,3,Dhi_Qar,5
103909,Female,Yes,41,Yes,Private_Sector,8,1203864,1946053,4,Basra,6
103910,Female,Yes,52,No,Laborer,6,338848,1132850,4,Baghdad,3
103911,Male,No,22,No,Student,2,471713,377581,3,Diyala,0
103912,Female,Yes,41,No,Homemaker,18,344818,669618,4,Sulaymaniyah,1
103913,Male,Yes,41,No,Government_Employee,5,894109,3642252,5,Baghdad,2
103914,Male,Yes,58,Yes,Retired,18,658675,3703863,3,Diyala,4
103915,Female,No,22,Yes,Student,2,296865,803398,2,Karbala,0
103916,Female,Yes,34,No,Laborer,7,674176,991114,4,Najaf,3
103917,Male,Yes,79,No,Retired,22,752451,6390216,1,Baghdad,4
103918,Female,No,46,No,Trader,14,1569052,11845793,3,Erbil,5
103919,Male,Yes,62,No,Retired,29,430620,3572352,2,Karbala,4
103920,Male,Yes,65,No,Retired,19,431370,7965758,1,Karbala,4
103921,Male,Yes,37,No,Laborer,5,382347,727717,4,Mosul,3
103922,Male,Yes,83,No,Retired,24,683783,4654581,2,Erbil,4
103923,Female,Yes,34,No,Driver,9,347064,0,4,Basra,1
103924,Female,Yes,42,Yes,Trader,16,1812547,14018335,4,Baghdad,5
103925,Female,No,64,No,Retired,17,826435,4998085,1,Sulaymaniyah,4
103926,Male,Yes,43,No,Engineer,11,3178320,17693784,3,Baghdad,5
103927,Male,Yes,34,No,Driver,4,274864,575091,8,Diyala,1
103928,Male,No,23,Yes,Student,1,452354,605623,3,Mosul,0
103929,Female,Yes,64,No,Retired,23,437937,4034878,2,Sulaymaniyah,4
103930,Female,Yes,36,Yes,Private_Sector,6,568442,3341697,4,Karbala,6
103931,Female,No,66,Yes,Retired,16,375624,7516237,4,Mosul,4
103932,Male,No,23,Yes,Private_Sector,1,336102,443795,1,Diyala,6
103933,Male,Yes,31,Yes,Teacher,7,1166635,1600482,3,Baghdad,6
103934,Female,Yes,67,Yes,Retired,15,303931,6222293,3,Anbar,4
103935,Male,Yes,33,Yes,Private_Sector,11,889473,2448298,4,Baghdad,6
103936,Female,Yes,80,No,Retired,25,425262,5269787,2,Baghdad,4
103937,Female,No,43,Yes,Doctor,7,2734131,19949649,5,Diyala,5
103938,Male,No,22,Yes,Student,1,266593,423467,1,Baghdad,0
103939,Female,No,61,Yes,Retired,21,616420,8126542,2,Baghdad,4
103940,Male,Yes,38,No,Government_Employee,11,968454,3211314,4,Mosul,2
103941,Male,Yes,35,Yes,Private_Sector,6,808331,3563140,3,Diyala,6
103942,Male,Yes,43,Yes,Doctor,17,1270211,18093755,6,Sulaymaniyah,5
103943,Female,Yes,28,No,Government_Employee,11,757937,1649254,3,Baghdad,2
103944,Female,Yes,31,Yes,Government_Employee,9,436150,1796961,3,Dhi_Qar,2
103945,Male,No,25,Yes,Student,1,314777,307803,3,Diyala,0
103946,Male,Yes,44,Yes,Engineer,6,4123205,15182002,3,Baghdad,5
103947,Male,Yes,67,Yes,Retired,17,834737,3178497,1,Baghdad,4
103948,Female,No,18,Yes,Student,2,284849,899288,3,Baghdad,0
103949,Female,Yes,39,No,Trader,10,2090182,12359589,3,Erbil,5
103950,Female,No,26,No,Laborer,1,245732,551988,2,Najaf,3
103951,Male,Yes,51,Yes,Trader,8,2542165,18013975,4,Najaf,5
103952,Male,Yes,35,Yes,Teacher,11,1258661,3993622,4,Mosul,6
103953,Female,Yes,40,No,Government_Employee,7,882200,3166477,4,Baghdad,2
103954,Female,Yes,58,No,Retired,29,616189,7570145,2,Basra,4
103955,Male,Yes,29,No,Government_Employee,5,1068984,2246784,3,Sulaymaniyah,2
103956,Female,Yes,34,No,Government_Employee,5,933573,2835077,4,Erbil,2
103957,Female,Yes,34,No,Private_Sector,3,1024093,2231458,5,Mosul,6
103958,Male,Yes,84,Yes,Retired,20,696405,4973180,1,Baghdad,4
103959,Male,No,34,Yes,Government_Employee,11,1000226,1020841,3,Baghdad,2
103960,Male,Yes,36,Yes,Trader,13,3556631,10052432,4,Baghdad,5
103961,Male,No,23,Yes,Private_Sector,1,164073,443956,3,Baghdad,6
103962,Male,No,31,No,Laborer,15,323801,547154,8,Sulaymaniyah,3
103963,Male,No,36,Yes,Laborer,14,257744,880295,8,Baghdad,3
103964,Female,No,24,No,Student,2,306161,261215,3,Erbil,0
103965,Female,Yes,29,Yes,Teacher,4,954821,1994957,5,Baghdad,6
103966,Male,No,18,Yes,Private_Sector,1,287040,354098,3,Anbar,6
103967,Female,Yes,39,No,Government_Employee,3,1106190,4304368,4,Mosul,2
103968,Female,Yes,39,Yes,Homemaker,8,382499,1244308,5,Sulaymaniyah,1
103969,Female,Yes,48,Yes,Trader,9,3645382,16401941,3,Baghdad,5
103970,Male,Yes,25,Yes,Student,0,204559,225104,2,Dhi_Qar,0
103971,Female,No,34,No,Driver,19,537420,771566,5,Basra,1
103972,Female,Yes,32,Yes,Engineer,12,2683274,18648935,5,Karbala,5
103973,Female,No,20,No,Laborer,1,352944,495229,3,Baghdad,3
103974,Female,No,37,No,Government_Employee,7,985922,1395538,3,Erbil,2
103975,Male,No,26,No,Unemployed,0,150000,592526,1,Baghdad,6
103976,Male,Yes,51,No,Homemaker,17,489979,1006863,7,Basra,1
103977,Female,Yes,41,Yes,Private_Sector,11,554694,2136379,3,Baghdad,6
103978,Male,Yes,30,Yes,Engineer,5,2151971,10280657,6,Diyala,5
103979,Female,Yes,79,Yes,Retired,23,707604,6304886,4,Najaf,4
103980,Female,Yes,52,Yes,Engineer,17,1503167,21323350,4,Mosul,5
103981,Male,Yes,25,No,Student,1,356041,461395,1,Sulaymaniyah,0
103982,Male,Yes,19,Yes,Laborer,0,439703,309714,2,Karbala,3
103983,Female,No,19,No,Student,0,329067,478840,2,Mosul,0
103984,Male,Yes,59,Yes,Retired,28,634761,4719549,1,Basra,4
103985,Male,Yes,32,Yes,Doctor,16,2645203,14299356,4,Erbil,5
103986,Female,Yes,28,No,Government_Employee,9,1281458,2192569,5,Najaf,2
103987,Female,Yes,28,No,Private_Sector,8,833616,2074707,4,Baghdad,6
103988,Male,No,20,No,Laborer,2,265480,634832,1,Baghdad,3
103989,Male,No,21,No,Unemployed,1,325662,438794,1,Sulaymaniyah,6
103990,Female,Yes,46,Yes,Engineer,8,2499819,22783051,3,Baghdad,5
103991,Male,Yes,79,Yes,Retired,22,467950,4217334,1,Karbala,4
103992,Male,Yes,30,Yes,Engineer,14,2737798,15373606,4,Baghdad,5
103993,Female,Yes,59,Yes,Retired,22,731230,4901919,2,Basra,4
103994,Female,No,35,No,Private_Sector,8,1077816,2660349,4,Baghdad,6
103995,Female,No,25,No,Laborer,0,203640,541972,1,Karbala,3
103996,Female,No,20,Yes,Unemployed,1,386955,237552,3,Baghdad,6
103997,Male,Yes,83,Yes,Retired,15,517977,2147327,4,Baghdad,4
103998,Male,Yes,35,Yes,Homemaker,7,205473,1038438,7,Erbil,1
103999,Female,No,30,No,Laborer,9,424590,755834,6,Baghdad,3
104000,Female,Yes,29,No,Private_Sector,6,634067,2451643,4,Baghdad,6
104001,Male,No,70,No,Retired,21,805416,7059054,3,Diyala,4
104002,Male,Yes,82,No,Retired,15,677958,5026441,2,Erbil,4
104003,Female,Yes,66,No,Retired,26,710607,5645028,4,Mosul,4
104004,Male,Yes,67,No,Retired,26,569236,9549770,2,Erbil,4
104005,Male,No,33,No,Driver,17,286142,535310,8,Baghdad,1
104006,Male,No,22,No,Student,2,317084,141014,3,Baghdad,0
104007,Male,Yes,78,Yes,Retired,16,755019,8282791,1,Basra,4
104008,Female,Yes,36,No,Government_Employee,7,589267,3164741,5,Erbil,2
104009,Female,Yes,72,Yes,Retired,27,672300,5448417,4,Basra,4
104010,Male,Yes,53,No,Driver,10,501372,701591,7,Baghdad,1
104011,Female,Yes,35,Yes,Laborer,15,349354,898203,6,Mosul,3
104012,Female,No,64,Yes,Retired,17,644728,5480590,1,Baghdad,4
104013,Female,No,31,No,Laborer,15,357808,796470,5,Baghdad,3
104014,Male,No,26,No,Unemployed,0,339271,487556,2,Erbil,6
104015,Female,No,20,No,Student,0,453475,359062,3,Anbar,0
104016,Male,Yes,38,Yes,Private_Sector,10,602558,3259886,5,Sulaymaniyah,6
104017,Male,No,60,No,Retired,25,459049,5761323,2,Sulaymaniyah,4
104018,Female,Yes,76,No,Retired,15,620454,5244728,1,Karbala,4
104019,Male,Yes,61,No,Retired,21,728714,4038518,4,Najaf,4
104020,Female,Yes,26,No,Unemployed,2,235927,446209,2,Basra,6
104021,Female,Yes,66,No,Retired,15,877924,7131462,4,Baghdad,4
104022,Male,Yes,51,Yes,Doctor,16,2858327,12900687,5,Dhi_Qar,5
104023,Female,Yes,22,No,Laborer,0,454943,356969,2,Baghdad,3
104024,Male,Yes,36,Yes,Trader,17,2939085,7795304,4,Basra,5
104025,Female,Yes,81,Yes,Retired,25,491049,6244650,3,Dhi_Qar,4
104026,Male,No,18,No,Laborer,1,567731,313785,1,Basra,3
104027,Female,Yes,39,No,Laborer,11,310278,813563,8,Baghdad,3
104028,Male,No,23,Yes,Private_Sector,1,283447,342544,3,Najaf,6
104029,Male,No,23,No,Unemployed,1,250656,590237,3,Diyala,6
104030,Female,Yes,37,No,Private_Sector,4,1044619,2560805,3,Sulaymaniyah,6
104031,Male,Yes,72,No,Retired,19,538373,3488876,4,Dhi_Qar,4
104032,Male,Yes,62,No,Retired,25,406217,4061111,4,Basra,4
104033,Male,No,45,No,Driver,14,586382,662648,6,Diyala,1
104034,Male,No,21,No,Laborer,0,373664,0,3,Najaf,3
104035,Female,No,21,No,Private_Sector,2,391055,564733,3,Anbar,6
104036,Female,No,25,Yes,Unemployed,0,432693,528303,1,Dhi_Qar,6
104037,Male,Yes,19,No,Laborer,2,326950,577912,2,Baghdad,3
104038,Female,Yes,30,No,Government_Employee,11,1079965,882614,4,Dhi_Qar,2
104039,Male,Yes,49,No,Driver,18,405415,262483,4,Basra,1
104040,Male,Yes,77,No,Retired,22,909586,4288105,4,Diyala,4
104041,Male,Yes,28,Yes,Government_Employee,11,678220,3030756,5,Sulaymaniyah,2
104042,Female,Yes,36,No,Laborer,13,357237,697345,7,Mosul,3
104043,Female,Yes,53,Yes,Trader,18,3911189,15911923,5,Baghdad,5
104044,Male,No,24,No,Laborer,2,308201,623952,1,Baghdad,3
104045,Female,No,19,No,Unemployed,0,381835,187089,1,Baghdad,6
104046,Male,Yes,52,Yes,Trader,13,2843883,14938805,5,Baghdad,5
104047,Female,No,26,Yes,Unemployed,0,257358,546575,3,Baghdad,6
104048,Female,No,38,No,Private_Sector,9,1552769,2827789,5,Diyala,6
104049,Male,Yes,41,No,Government_Employee,8,626468,2641231,5,Karbala,2
104050,Male,Yes,33,Yes,Trader,18,3336506,14343778,3,Najaf,5
104051,Female,Yes,32,No,Driver,16,404845,344604,4,Erbil,1
104052,Female,No,22,Yes,Private_Sector,2,385840,463286,2,Karbala,6
104053,Male,No,50,No,Driver,7,361486,245171,5,Mosul,1
104054,Male,No,39,Yes,Private_Sector,10,1086779,2697047,3,Baghdad,6
104055,Female,Yes,34,Yes,Government_Employee,10,945753,2007317,3,Mosul,2
104056,Female,Yes,36,Yes,Private_Sector,10,967385,2347555,4,Sulaymaniyah,6
104057,Female,Yes,33,Yes,Government_Employee,6,903748,4077891,5,Baghdad,2
104058,Female,Yes,34,Yes,Government_Employee,3,805075,2052309,4,Baghdad,2
104059,Male,Yes,41,Yes,Teacher,10,626047,3877035,5,Basra,6
104060,Female,Yes,81,No,Retired,20,597837,6825718,2,Sulaymaniyah,4
104061,Female,Yes,28,No,Private_Sector,8,872061,3094440,3,Sulaymaniyah,6
104062,Male,Yes,33,No,Government_Employee,11,1113423,2852780,5,Baghdad,2
104063,Male,Yes,50,Yes,Driver,5,560253,1043770,8,Diyala,1
104064,Female,Yes,74,Yes,Retired,23,358785,7365562,2,Baghdad,4
104065,Male,No,23,No,Student,0,397270,307200,1,Anbar,0
104066,Male,No,39,Yes,Trader,19,2647964,11685052,5,Mosul,5
104067,Female,No,31,Yes,Trader,18,1087455,15468053,3,Baghdad,5
104068,Male,No,19,Yes,Student,0,228194,244761,3,Baghdad,0
104069,Female,Yes,29,No,Teacher,5,716144,477377,4,Baghdad,6
104070,Female,No,20,No,Laborer,0,290608,543195,2,Erbil,3
104071,Male,No,24,Yes,Laborer,2,535534,355222,1,Najaf,3
104072,Female,Yes,43,No,Doctor,13,3144451,16738997,3,Basra,5
104073,Female,No,26,No,Laborer,0,370699,663811,3,Mosul,3
104074,Male,Yes,39,Yes,Private_Sector,5,746941,1611464,4,Basra,6
104075,Female,Yes,39,No,Engineer,14,2654281,19204389,5,Baghdad,5
104076,Male,Yes,40,Yes,Engineer,14,2806130,25952709,6,Erbil,5
104077,Female,Yes,32,No,Laborer,3,206144,100716,8,Baghdad,3
104078,Female,No,24,No,Student,2,172395,788141,3,Najaf,0
104079,Male,No,19,Yes,Laborer,0,312145,356916,1,Baghdad,3
104080,Female,No,72,No,Retired,24,707595,1387888,2,Erbil,4
104081,Female,Yes,37,Yes,Private_Sector,7,946002,1470609,4,Sulaymaniyah,6
104082,Male,No,26,No,Laborer,0,316727,381738,3,Basra,3
104083,Female,No,19,No,Private_Sector,0,278198,423826,1,Sulaymaniyah,6
104084,Female,No,22,No,Laborer,0,381450,144314,3,Basra,3
104085,Male,Yes,50,No,Laborer,5,580137,354520,5,Mosul,3
104086,Male,Yes,39,No,Government_Employee,8,1052684,3048403,3,Najaf,2
104087,Female,Yes,38,Yes,Doctor,18,1331938,19532040,6,Basra,5
104088,Female,Yes,37,Yes,Trader,9,2461020,11274658,5,Sulaymaniyah,5
104089,Female,Yes,81,No,Retired,28,370576,5684512,2,Baghdad,4
104090,Female,Yes,43,No,Trader,14,2707092,20679952,6,Erbil,5
104091,Male,Yes,33,Yes,Government_Employee,7,658707,2684522,4,Basra,2
104092,Male,Yes,67,No,Retired,26,700801,4098421,3,Erbil,4
104093,Female,No,37,No,Private_Sector,10,1013187,2502868,4,Erbil,6
104094,Female,No,25,Yes,Student,2,382795,297163,1,Basra,0
104095,Female,Yes,43,Yes,Driver,17,466822,612067,8,Diyala,1
104096,Female,Yes,54,No,Driver,17,570056,988216,5,Baghdad,1
104097,Male,No,37,No,Private_Sector,10,870736,2606009,4,Mosul,6
104098,Female,Yes,83,Yes,Retired,28,654698,6383772,3,Baghdad,4
104099,Male,Yes,58,No,Retired,15,601973,5415338,1,Dhi_Qar,4
104100,Female,Yes,28,Yes,Teacher,9,932888,1205508,5,Dhi_Qar,6
104101,Female,No,23,Yes,Private_Sector,0,410566,340735,1,Diyala,6
104102,Male,No,21,Yes,Private_Sector,2,334633,419399,3,Mosul,6
104103,Female,No,30,Yes,Homemaker,8,471419,806117,8,Diyala,1
104104,Male,Yes,53,No,Driver,18,622280,153206,5,Baghdad,1
104105,Female,Yes,38,Yes,Private_Sector,3,1100845,2841594,5,Diyala,6
104106,Female,Yes,54,No,Laborer,18,648482,1173875,7,Najaf,3
104107,Male,Yes,39,No,Engineer,13,2333336,12500862,6,Baghdad,5
104108,Female,No,41,No,Government_Employee,9,989619,1383475,3,Erbil,2
104109,Female,Yes,33,Yes,Government_Employee,10,754169,2679271,4,Dhi_Qar,2
104110,Female,No,33,Yes,Engineer,19,2002994,15657118,3,Mosul,5
104111,Female,No,29,Yes,Government_Employee,3,949343,3617500,4,Basra,2
104112,Male,Yes,46,No,Driver,9,445857,820073,6,Najaf,1
104113,Female,Yes,39,No,Homemaker,15,574904,419246,5,Basra,1
104114,Female,Yes,82,No,Retired,15,288234,3571745,3,Erbil,4
104115,Female,No,38,No,Private_Sector,3,625885,2521458,3,Basra,6
104116,Male,Yes,28,Yes,Private_Sector,3,1021266,2225188,5,Baghdad,6
104117,Male,Yes,54,No,Laborer,11,726661,331723,4,Karbala,3
104118,Male,Yes,60,Yes,Retired,28,511138,4871770,4,Baghdad,4
104119,Male,No,50,No,Engineer,6,3080633,15513089,4,Baghdad,5
104120,Male,No,23,Yes,Student,2,165423,125839,3,Anbar,0
104121,Male,Yes,31,No,Driver,18,325092,593944,8,Baghdad,1
104122,Female,Yes,34,Yes,Private_Sector,6,1055102,2265701,3,Baghdad,6
104123,Female,No,42,No,Doctor,15,2438769,19020307,5,Baghdad,5
104124,Female,No,24,Yes,Student,2,400755,102059,2,Baghdad,0
104125,Male,Yes,48,No,Homemaker,16,247656,510802,4,Erbil,1
104126,Female,Yes,46,No,Laborer,9,583001,702618,5,Sulaymaniyah,3
104127,Female,Yes,30,No,Government_Employee,6,977206,3375812,3,Erbil,2
104128,Female,No,62,No,Retired,29,724397,5721260,3,Baghdad,4
104129,Male,Yes,32,No,Homemaker,6,779625,242566,7,Baghdad,1
104130,Male,Yes,30,No,Laborer,17,475177,879952,7,Erbil,3
104131,Female,No,23,No,Student,2,387070,688595,1,Baghdad,0
104132,Male,No,19,No,Laborer,0,310349,467152,1,Basra,3
104133,Female,Yes,28,No,Private_Sector,6,495042,1906335,3,Karbala,6
104134,Female,Yes,45,No,Doctor,6,1902550,18320572,4,Dhi_Qar,5
104135,Female,No,31,No,Private_Sector,4,647858,1868687,3,Baghdad,6
104136,Male,No,20,Yes,Unemployed,1,223617,442648,2,Basra,6
104137,Male,Yes,36,Yes,Government_Employee,6,775598,3502089,5,Basra,2
104138,Male,Yes,50,No,Homemaker,6,380675,805127,6,Basra,1
104139,Male,No,76,No,Retired,16,537224,9457253,3,Dhi_Qar,4
104140,Female,Yes,19,No,Student,2,276203,389666,3,Sulaymaniyah,0
104141,Male,Yes,30,Yes,Teacher,8,150000,1536372,4,Sulaymaniyah,6
104142,Male,Yes,58,Yes,Retired,21,303632,6440487,2,Baghdad,4
104143,Female,Yes,30,Yes,Government_Employee,9,1009420,2718465,4,Sulaymaniyah,2
104144,Male,Yes,54,Yes,Doctor,17,3807913,18731366,5,Mosul,5
104145,Male,Yes,40,Yes,Private_Sector,3,772881,1033583,3,Sulaymaniyah,6
104146,Female,Yes,48,No,Laborer,13,550100,752180,6,Baghdad,3
104147,Male,Yes,39,Yes,Doctor,11,2813794,17953972,5,Basra,5
104148,Female,No,35,No,Government_Employee,6,1058773,2265740,3,Sulaymaniyah,2
104149,Female,Yes,81,Yes,Retired,22,688983,6289420,3,Mosul,4
104150,Female,No,33,Yes,Private_Sector,3,951464,2725012,3,Sulaymaniyah,6
104151,Female,Yes,40,Yes,Government_Employee,7,744817,2424317,3,Baghdad,2
104152,Male,Yes,40,Yes,Laborer,16,509516,1020256,7,Baghdad,3
104153,Female,Yes,43,No,Laborer,7,239849,855940,4,Baghdad,3
104154,Female,No,26,Yes,Unemployed,0,411928,483818,2,Najaf,6
104155,Male,Yes,26,Yes,Unemployed,1,299358,499531,3,Najaf,6
104156,Female,Yes,36,No,Driver,15,288840,1022415,4,Karbala,1
104157,Female,Yes,32,No,Government_Employee,9,764474,2858623,4,Mosul,2
104158,Male,Yes,76,No,Retired,16,716847,8079428,3,Karbala,4
104159,Male,Yes,41,Yes,Government_Employee,11,883736,3590096,3,Erbil,2
104160,Male,No,23,Yes,Laborer,1,400589,437645,3,Erbil,3
104161,Male,No,23,Yes,Laborer,2,385122,331928,2,Baghdad,3
104162,Male,Yes,36,No,Government_Employee,11,967034,2539141,5,Sulaymaniyah,2
104163,Male,No,67,No,Retired,22,572875,4385346,1,Baghdad,4
104164,Male,Yes,46,No,Homemaker,3,267743,624622,5,Mosul,1
104165,Male,Yes,30,Yes,Teacher,6,1062492,4182275,3,Mosul,6
104166,Male,No,41,No,Government_Employee,3,351431,3107320,4,Diyala,2
104167,Female,Yes,68,Yes,Retired,21,647989,4607757,4,Basra,4
104168,Male,Yes,65,No,Retired,29,645015,4035082,3,Dhi_Qar,4
104169,Female,Yes,63,No,Retired,18,663012,8992239,4,Basra,4
104170,Female,Yes,69,No,Retired,19,502573,6608789,3,Baghdad,4
104171,Male,Yes,41,No,Trader,6,2114473,16154139,6,Mosul,5
104172,Male,Yes,62,No,Retired,24,512800,4889829,1,Mosul,4
104173,Female,Yes,30,Yes,Teacher,4,909167,2902279,5,Sulaymaniyah,6
104174,Male,Yes,67,No,Retired,24,460838,5068219,3,Erbil,4
104175,Female,Yes,39,No,Private_Sector,3,576553,2558151,4,Najaf,6
104176,Male,No,26,No,Student,0,325549,401948,1,Karbala,0
104177,Male,Yes,59,No,Retired,17,725725,6289447,1,Najaf,4
104178,Male,No,24,No,Laborer,1,431301,181336,3,Erbil,3
104179,Male,No,30,Yes,Engineer,12,3216852,9985674,4,Sulaymaniyah,5
104180,Female,Yes,83,No,Retired,15,372043,8039668,4,Baghdad,4
104181,Male,Yes,31,No,Engineer,8,2482531,10640223,6,Baghdad,5
104182,Female,Yes,44,No,Trader,18,3040829,19418221,3,Najaf,5
104183,Male,Yes,36,No,Laborer,3,326286,311993,6,Anbar,3
104184,Female,Yes,30,No,Government_Employee,11,883567,3123857,4,Erbil,2
104185,Male,Yes,47,Yes,Trader,19,2590220,11108150,5,Baghdad,5
104186,Male,Yes,74,Yes,Retired,18,761342,4132172,1,Sulaymaniyah,4
104187,Male,Yes,41,No,Driver,6,500785,415664,7,Anbar,1
104188,Male,Yes,36,Yes,Teacher,7,851676,1779299,3,Karbala,6
104189,Male,Yes,19,No,Student,0,256640,580789,3,Karbala,0
104190,Male,Yes,66,No,Retired,29,696594,8342040,1,Mosul,4
104191,Female,Yes,44,Yes,Trader,11,1929355,14070002,6,Erbil,5
104192,Male,No,33,Yes,Government_Employee,8,916712,2186200,3,Najaf,2
104193,Male,No,48,Yes,Driver,13,404851,1089151,4,Baghdad,1
104194,Male,No,39,No,Homemaker,11,385496,495044,4,Erbil,1
104195,Female,Yes,36,No,Government_Employee,6,529512,2716054,5,Baghdad,2
104196,Female,Yes,41,Yes,Government_Employee,4,1107476,2878843,5,Basra,2
104197,Male,Yes,45,No,Engineer,13,2280049,13975492,3,Dhi_Qar,5
104198,Male,Yes,30,Yes,Teacher,6,908755,3347896,3,Basra,6
104199,Female,Yes,32,Yes,Private_Sector,11,893740,3574614,3,Sulaymaniyah,6
104200,Male,No,29,Yes,Government_Employee,11,1070202,3517124,3,Sulaymaniyah,2
104201,Male,Yes,75,No,Retired,28,864384,6750928,3,Erbil,4
104202,Male,Yes,39,No,Private_Sector,7,1081844,2258229,5,Anbar,6
104203,Male,Yes,51,No,Driver,3,532936,504667,6,Baghdad,1
104204,Female,Yes,82,No,Retired,28,606210,8054031,2,Baghdad,4
104205,Female,Yes,54,No,Engineer,6,3163570,18921948,6,Sulaymaniyah,5
104206,Male,No,21,No,Student,0,150000,159366,2,Najaf,0
104207,Female,No,23,No,Unemployed,2,498853,305024,3,Anbar,6
104208,Male,Yes,30,No,Private_Sector,4,1127949,1296690,5,Anbar,6
104209,Female,Yes,64,No,Retired,25,500714,2084369,1,Karbala,4
104210,Male,Yes,34,Yes,Trader,16,2016940,14430863,5,Basra,5
104211,Female,Yes,61,Yes,Retired,29,493358,5111991,1,Basra,4
104212,Male,No,26,Yes,Unemployed,2,436196,466326,1,Erbil,6
104213,Male,No,78,No,Retired,21,629146,3809738,1,Mosul,4
104214,Male,Yes,33,No,Homemaker,9,399630,625758,7,Dhi_Qar,1
104215,Female,No,23,Yes,Unemployed,1,262589,53854,3,Karbala,6
104216,Female,No,22,No,Unemployed,2,608031,182140,3,Anbar,6
104217,Male,Yes,45,No,Laborer,8,449990,659587,8,Mosul,3
104218,Female,Yes,32,No,Government_Employee,4,828106,4338154,4,Anbar,2
104219,Male,No,32,Yes,Teacher,8,969319,2307366,4,Baghdad,6
104220,Male,Yes,60,Yes,Retired,18,298686,8761727,2,Sulaymaniyah,4
104221,Male,Yes,50,Yes,Homemaker,16,418868,1004821,7,Baghdad,1
104222,Female,Yes,45,Yes,Homemaker,3,347019,138155,5,Najaf,1
104223,Male,No,31,Yes,Government_Employee,10,859993,2809192,3,Mosul,2
104224,Female,Yes,54,Yes,Doctor,16,2678299,25212425,3,Sulaymaniyah,5
104225,Female,No,19,No,Private_Sector,0,150000,301941,1,Sulaymaniyah,6
104226,Female,Yes,48,Yes,Doctor,7,2338167,14544654,5,Baghdad,5
104227,Male,Yes,83,No,Retired,29,548303,4644990,2,Najaf,4
104228,Female,Yes,34,No,Government_Employee,8,1070064,1498603,3,Baghdad,2
104229,Male,Yes,32,Yes,Doctor,14,1937704,19306554,6,Baghdad,5
104230,Male,Yes,76,Yes,Retired,28,492646,8056164,4,Basra,4
104231,Female,No,20,No,Student,2,300378,371901,2,Mosul,0
104232,Female,Yes,34,Yes,Private_Sector,10,782204,2916517,4,Najaf,6
104233,Male,Yes,34,Yes,Private_Sector,11,862001,2714530,4,Basra,6
104234,Male,Yes,32,Yes,Homemaker,10,323184,978243,6,Baghdad,1
104235,Male,Yes,59,Yes,Retired,22,739970,6447878,1,Sulaymaniyah,4
104236,Female,No,33,Yes,Engineer,5,3675918,11674724,6,Baghdad,5
104237,Female,Yes,31,Yes,Teacher,6,953296,2826944,5,Sulaymaniyah,6
104238,Male,Yes,39,No,Driver,19,526922,405569,7,Baghdad,1
104239,Male,No,39,No,Teacher,6,555278,4433920,3,Erbil,6
104240,Male,Yes,72,No,Retired,19,548479,5031061,3,Baghdad,4
104241,Female,Yes,32,No,Private_Sector,11,1133790,3822323,4,Baghdad,6
104242,Female,No,48,No,Driver,13,418778,853861,6,Basra,1
104243,Female,No,19,No,Unemployed,0,216745,477726,1,Basra,6
104244,Male,No,22,No,Laborer,0,207285,294395,2,Basra,3
104245,Female,Yes,36,Yes,Homemaker,14,408423,293777,5,Anbar,1
104246,Male,No,18,No,Laborer,2,247428,177222,3,Najaf,3
104247,Female,Yes,30,Yes,Engineer,17,3625050,17734104,4,Sulaymaniyah,5
104248,Female,No,37,No,Teacher,11,792398,3926313,5,Baghdad,6
104249,Male,Yes,49,Yes,Doctor,7,3535968,11067835,4,Najaf,5
104250,Female,Yes,47,Yes,Trader,18,2286047,13355472,5,Baghdad,5
104251,Female,Yes,35,Yes,Doctor,11,2801418,11259007,5,Baghdad,5
104252,Female,Yes,30,Yes,Doctor,7,3538692,13526944,4,Sulaymaniyah,5
104253,Female,No,84,No,Retired,21,731005,6973055,1,Baghdad,4
104254,Male,No,18,No,Private_Sector,1,329850,475114,2,Mosul,6
104255,Male,Yes,78,No,Retired,21,549274,8623232,2,Basra,4
104256,Female,No,24,Yes,Laborer,0,360236,425791,2,Baghdad,3
104257,Female,No,81,No,Retired,17,841168,8009378,4,Mosul,4
104258,Male,Yes,28,No,Private_Sector,7,981002,3361951,5,Basra,6
104259,Male,No,74,No,Retired,27,528651,10111914,4,Mosul,4
104260,Female,No,23,Yes,Unemployed,0,418848,444580,3,Mosul,6
104261,Female,Yes,35,No,Homemaker,18,198495,415352,7,Karbala,1
104262,Male,Yes,49,No,Driver,9,444270,876932,6,Baghdad,1
104263,Female,Yes,42,No,Driver,9,468115,388457,6,Mosul,1
104264,Male,Yes,83,Yes,Retired,19,485700,7048004,4,Baghdad,4
104265,Male,Yes,75,Yes,Retired,22,542852,10217146,2,Erbil,4
104266,Female,No,26,No,Laborer,0,283672,308799,1,Erbil,3
104267,Female,Yes,29,Yes,Teacher,9,1127481,3316112,5,Karbala,6
104268,Male,No,18,Yes,Private_Sector,2,292378,530199,2,Najaf,6
104269,Female,Yes,22,No,Student,2,505059,83526,3,Mosul,0
104270,Male,Yes,79,No,Retired,19,756772,1911970,2,Anbar,4
104271,Male,Yes,36,No,Laborer,7,444877,355523,6,Baghdad,3
104272,Female,Yes,38,No,Driver,7,446431,976868,4,Karbala,1
104273,Female,No,35,Yes,Teacher,8,962990,2092732,4,Basra,6
104274,Male,Yes,35,Yes,Government_Employee,7,1092988,2826071,4,Basra,2
104275,Male,Yes,49,Yes,Trader,8,2665349,14899370,3,Anbar,5
104276,Female,No,26,Yes,Laborer,1,354180,364959,1,Erbil,3
104277,Female,No,59,No,Retired,19,609969,5506684,2,Baghdad,4
104278,Male,Yes,44,No,Driver,19,433350,1348837,6,Najaf,1
104279,Female,Yes,49,Yes,Engineer,6,1805256,15392427,4,Baghdad,5
104280,Male,Yes,39,No,Homemaker,11,476769,888038,7,Anbar,1
104281,Male,No,21,No,Laborer,1,360283,660347,1,Baghdad,3
104282,Female,Yes,38,No,Homemaker,12,487232,177039,4,Mosul,1
104283,Male,No,36,No,Teacher,3,1000515,2581518,3,Karbala,6
104284,Female,Yes,50,No,Doctor,11,1956555,17652951,5,Diyala,5
104285,Female,Yes,35,No,Driver,4,602101,637461,5,Basra,1
104286,Male,Yes,53,Yes,Trader,14,1715293,17203158,4,Karbala,5
104287,Male,Yes,77,No,Retired,18,573145,3673780,3,Dhi_Qar,4
104288,Female,No,23,No,Laborer,2,425524,440562,3,Baghdad,3
104289,Female,No,21,No,Laborer,2,355388,582056,1,Najaf,3
104290,Male,Yes,31,Yes,Driver,12,794278,908141,7,Karbala,1
104291,Male,Yes,53,No,Driver,18,525746,429776,5,Mosul,1
104292,Female,Yes,72,No,Retired,22,500278,4924983,3,Dhi_Qar,4
104293,Female,Yes,36,Yes,Engineer,8,1813343,15964866,3,Baghdad,5
104294,Female,Yes,37,Yes,Private_Sector,7,525878,2286645,4,Basra,6
104295,Female,No,21,No,Student,1,570220,391083,1,Mosul,0
104296,Male,Yes,32,No,Driver,11,570484,857476,5,Dhi_Qar,1
104297,Female,Yes,36,No,Laborer,19,242945,822526,6,Baghdad,3
104298,Female,Yes,29,Yes,Private_Sector,3,1087660,1625001,3,Diyala,6
104299,Male,No,66,No,Retired,19,593778,7250474,4,Erbil,4
104300,Female,Yes,38,Yes,Trader,5,2915032,19967085,4,Karbala,5
104301,Male,Yes,36,No,Doctor,7,2490938,14026033,6,Mosul,5
104302,Female,Yes,30,Yes,Engineer,9,2129473,3854413,5,Karbala,5
104303,Male,Yes,34,No,Engineer,9,2438719,14722640,3,Sulaymaniyah,5
104304,Male,No,22,No,Laborer,2,466317,618184,2,Baghdad,3
104305,Male,Yes,31,Yes,Private_Sector,10,904421,1157093,3,Basra,6
104306,Male,Yes,28,Yes,Government_Employee,8,920269,2998856,3,Basra,2
104307,Male,Yes,32,No,Private_Sector,5,830133,2400914,3,Erbil,6
104308,Male,Yes,40,Yes,Government_Employee,10,952763,1531122,4,Baghdad,2
104309,Male,Yes,43,No,Driver,7,383649,313509,7,Mosul,1
104310,Male,No,35,No,Laborer,6,563962,454725,4,Najaf,3
104311,Male,Yes,58,No,Retired,18,846660,5898120,1,Basra,4
104312,Female,No,31,No,Private_Sector,7,746806,2325974,3,Erbil,6
104313,Male,No,50,Yes,Engineer,16,3117719,23555311,4,Karbala,5
104314,Male,Yes,50,Yes,Trader,18,2924884,17061412,6,Basra,5
104315,Male,Yes,28,Yes,Private_Sector,6,772051,1729692,5,Baghdad,6
104316,Female,Yes,42,No,Driver,11,627891,511263,7,Baghdad,1
104317,Male,Yes,66,No,Retired,17,834966,6227446,2,Dhi_Qar,4
104318,Male,No,60,No,Retired,25,845885,4484394,3,Baghdad,4
104319,Male,Yes,38,No,Government_Employee,9,1252634,1443374,5,Baghdad,2
104320,Female,Yes,31,No,Private_Sector,8,993035,284887,3,Karbala,6
104321,Female,Yes,39,No,Teacher,11,864364,2467621,4,Basra,6
104322,Male,Yes,82,No,Retired,22,578586,1954443,2,Baghdad,4
104323,Male,Yes,66,Yes,Retired,27,633131,8035035,3,Baghdad,4
104324,Female,Yes,77,No,Retired,23,628284,3649345,2,Basra,4
104325,Male,Yes,40,Yes,Trader,6,3075371,12848592,4,Erbil,5
104326,Male,Yes,32,No,Private_Sector,5,1158719,1726410,4,Mosul,6
104327,Male,Yes,80,No,Retired,21,674622,3461472,2,Baghdad,4
104328,Female,Yes,45,Yes,Trader,5,2025300,15961802,3,Karbala,5
104329,Male,Yes,37,No,Laborer,10,281301,539497,7,Diyala,3
104330,Female,Yes,40,Yes,Private_Sector,6,958523,3676333,3,Anbar,6
104331,Female,No,20,No,Student,0,300165,174588,2,Baghdad,0
104332,Female,Yes,65,No,Retired,15,499412,5695191,4,Baghdad,4
104333,Female,No,22,No,Student,0,491575,519151,3,Baghdad,0
104334,Female,No,23,No,Student,1,410599,171253,1,Erbil,0
104335,Male,No,39,Yes,Trader,18,935867,26471553,6,Baghdad,5
104336,Male,Yes,71,No,Retired,17,708879,5918597,4,Najaf,4
104337,Female,Yes,28,Yes,Government_Employee,6,855716,2830080,3,Basra,2
104338,Male,No,25,No,Unemployed,1,308484,195033,1,Basra,6
104339,Female,Yes,49,Yes,Engineer,19,2538155,10754716,6,Diyala,5
104340,Male,Yes,80,Yes,Retired,27,463688,6506947,1,Baghdad,4
104341,Female,Yes,44,Yes,Driver,12,448612,985001,8,Baghdad,1
104342,Male,Yes,39,Yes,Government_Employee,11,608560,2650907,4,Basra,2
104343,Female,Yes,29,Yes,Government_Employee,9,1004736,2086873,4,Karbala,2
104344,Female,No,59,No,Retired,24,651219,6941256,1,Karbala,4
104345,Female,Yes,68,No,Retired,21,585056,5146828,3,Najaf,4
104346,Male,Yes,29,Yes,Government_Employee,5,803809,2615522,3,Diyala,2
104347,Male,No,25,No,Student,1,513799,276562,3,Karbala,0
104348,Male,Yes,29,No,Teacher,8,793673,3693511,5,Baghdad,6
104349,Female,No,32,No,Government_Employee,9,971532,2890087,5,Baghdad,2
104350,Female,Yes,45,Yes,Trader,6,1835572,16708995,6,Najaf,5
104351,Male,No,20,No,Private_Sector,2,475233,345353,2,Anbar,6
104352,Male,No,24,No,Student,1,519795,368199,1,Mosul,0
104353,Male,Yes,46,No,Laborer,9,439806,691698,5,Sulaymaniyah,3
104354,Female,Yes,42,Yes,Doctor,5,2668918,6963149,3,Baghdad,5
104355,Female,No,21,No,Private_Sector,0,325690,431635,1,Sulaymaniyah,6
104356,Male,Yes,63,No,Retired,23,488068,4507154,2,Najaf,4
104357,Female,No,23,No,Unemployed,0,556111,259508,1,Erbil,6
104358,Male,Yes,41,Yes,Government_Employee,8,809051,3980024,3,Basra,2
104359,Male,Yes,46,Yes,Trader,16,3350147,21975777,5,Basra,5
104360,Male,Yes,79,Yes,Retired,26,990520,7418382,4,Anbar,4
104361,Female,Yes,32,No,Driver,12,640133,1035960,6,Najaf,1
104362,Male,Yes,39,Yes,Private_Sector,3,832201,3002092,3,Basra,6
104363,Male,No,19,No,Laborer,1,378985,385647,2,Baghdad,3
104364,Female,No,24,Yes,Student,2,309382,75513,2,Karbala,0
104365,Female,Yes,36,No,Government_Employee,6,765924,3382404,5,Baghdad,2
104366,Male,No,22,No,Unemployed,0,458356,226771,3,Sulaymaniyah,6
104367,Male,Yes,40,Yes,Private_Sector,5,502157,2351697,3,Baghdad,6
104368,Male,Yes,41,No,Private_Sector,4,1112459,1797129,3,Mosul,6
104369,Female,Yes,30,No,Laborer,14,705900,314388,5,Sulaymaniyah,3
104370,Male,Yes,45,No,Laborer,13,510520,420864,7,Mosul,3
104371,Male,Yes,32,Yes,Teacher,4,1058562,626081,4,Erbil,6
104372,Female,Yes,29,Yes,Government_Employee,4,1233075,3986402,4,Basra,2
104373,Male,No,31,No,Driver,6,392871,622375,6,Diyala,1
104374,Female,Yes,61,No,Retired,21,671045,3347577,1,Sulaymaniyah,4
104375,Male,Yes,44,No,Driver,15,588545,870485,8,Erbil,1
104376,Female,Yes,31,No,Government_Employee,9,630697,2788176,3,Karbala,2
104377,Male,No,23,No,Student,0,382030,404838,3,Karbala,0
104378,Male,Yes,37,No,Teacher,7,903791,5175712,3,Baghdad,6
104379,Female,No,22,Yes,Private_Sector,2,415499,264372,1,Basra,6
104380,Female,No,42,Yes,Engineer,15,2719841,21492003,5,Dhi_Qar,5
104381,Male,Yes,31,Yes,Trader,16,3842102,16771462,5,Najaf,5
104382,Female,No,20,Yes,Unemployed,0,404783,365987,1,Basra,6
104383,Male,Yes,75,Yes,Retired,26,638483,12074919,1,Baghdad,4
104384,Female,No,77,Yes,Retired,28,577407,6507327,1,Sulaymaniyah,4
104385,Male,Yes,37,Yes,Teacher,7,1281417,1753908,5,Sulaymaniyah,6
104386,Female,Yes,38,No,Government_Employee,4,977164,2588429,3,Diyala,2
104387,Male,No,34,Yes,Private_Sector,8,1156221,1358467,3,Baghdad,6
104388,Female,Yes,79,Yes,Retired,17,382329,4221664,2,Baghdad,4
104389,Female,Yes,46,Yes,Trader,11,2692925,19128668,3,Basra,5
104390,Female,Yes,42,No,Homemaker,4,627974,276717,5,Mosul,1
104391,Female,Yes,46,No,Doctor,16,2491718,11105191,4,Karbala,5
104392,Male,Yes,40,Yes,Government_Employee,9,586418,1662091,3,Basra,2
104393,Female,Yes,84,No,Retired,16,497844,4480681,1,Mosul,4
104394,Female,Yes,52,Yes,Doctor,10,1685182,15849683,5,Baghdad,5
104395,Male,No,22,Yes,Student,1,400879,145834,3,Anbar,0
104396,Male,Yes,62,No,Retired,27,606478,4523594,4,Erbil,4
104397,Male,Yes,43,Yes,Driver,13,296106,713430,6,Anbar,1
104398,Male,Yes,28,Yes,Government_Employee,4,915880,570387,4,Baghdad,2
104399,Female,Yes,50,Yes,Trader,8,2390289,11165117,6,Karbala,5
104400,Female,No,24,No,Unemployed,1,442698,291587,3,Anbar,6
104401,Female,No,24,Yes,Private_Sector,0,348355,465054,3,Diyala,6
104402,Male,Yes,28,Yes,Government_Employee,5,1033819,2947923,4,Erbil,2
104403,Female,No,35,No,Laborer,12,384455,1003285,7,Najaf,3
104404,Female,No,23,Yes,Private_Sector,1,504820,534138,3,Mosul,6
104405,Female,No,32,No,Government_Employee,8,844128,2567863,5,Mosul,2
104406,Female,Yes,75,No,Retired,27,502967,6946785,1,Baghdad,4
104407,Male,Yes,42,Yes,Homemaker,6,292759,687163,5,Baghdad,1
104408,Female,Yes,52,No,Laborer,13,159433,428437,7,Najaf,3
104409,Male,Yes,30,Yes,Doctor,17,3451206,20033604,6,Baghdad,5
104410,Male,No,18,No,Laborer,2,338266,509683,3,Erbil,3
104411,Female,Yes,34,No,Private_Sector,9,628206,3528081,5,Baghdad,6
104412,Female,Yes,48,No,Laborer,12,440172,726354,5,Baghdad,3
104413,Female,No,36,Yes,Private_Sector,7,1061260,1472903,3,Mosul,6
104414,Male,No,21,Yes,Student,1,297058,0,1,Diyala,0
104415,Female,Yes,36,No,Laborer,11,278445,466879,7,Diyala,3
104416,Male,Yes,50,No,Driver,13,328561,317597,8,Karbala,1
104417,Male,Yes,82,No,Retired,20,679798,4939309,3,Anbar,4
104418,Female,No,24,No,Student,0,346858,803380,1,Baghdad,0
104419,Male,No,60,No,Retired,24,520792,5906220,3,Baghdad,4
104420,Female,No,18,Yes,Student,2,494173,244557,1,Sulaymaniyah,0
104421,Male,Yes,36,No,Government_Employee,5,1258698,2025205,5,Dhi_Qar,2
104422,Female,No,24,Yes,Laborer,1,259749,295416,2,Baghdad,3
104423,Male,No,26,Yes,Student,1,289899,499383,2,Sulaymaniyah,0
104424,Female,Yes,36,Yes,Driver,18,285798,738695,4,Mosul,1
104425,Female,Yes,71,No,Retired,27,501104,4230114,4,Mosul,4
104426,Male,No,59,Yes,Retired,24,647384,5167272,2,Basra,4
104427,Female,Yes,52,Yes,Engineer,13,3000050,24907245,4,Dhi_Qar,5
104428,Male,No,21,No,Laborer,0,365323,508261,3,Basra,3
104429,Male,No,24,No,Student,2,379674,703239,3,Baghdad,0
104430,Male,Yes,28,No,Government_Employee,6,1040421,1503537,4,Dhi_Qar,2
104431,Male,Yes,34,No,Driver,5,510719,76238,5,Mosul,1
104432,Female,Yes,33,Yes,Doctor,15,1960601,16341598,6,Basra,5
104433,Male,No,19,No,Student,2,387153,399210,1,Baghdad,0
104434,Male,Yes,39,Yes,Government_Employee,4,938128,2816775,4,Najaf,2
104435,Male,Yes,41,Yes,Teacher,10,1020499,2516087,5,Baghdad,6
104436,Male,No,25,No,Student,2,344123,219129,2,Sulaymaniyah,0
104437,Female,No,23,Yes,Private_Sector,1,286361,521873,3,Basra,6
104438,Female,Yes,46,Yes,Engineer,19,2291832,16391653,3,Erbil,5
104439,Female,Yes,46,No,Laborer,9,451704,527572,4,Diyala,3
104440,Male,Yes,30,Yes,Government_Employee,7,818041,2587373,3,Basra,2
104441,Female,Yes,36,No,Teacher,4,1178524,2322571,4,Sulaymaniyah,6
104442,Male,Yes,71,No,Retired,27,634161,7517154,2,Baghdad,4
104443,Female,Yes,46,Yes,Trader,10,1263450,13325126,5,Baghdad,5
104444,Male,Yes,35,No,Trader,16,3511526,12643161,4,Baghdad,5
104445,Male,No,80,Yes,Retired,20,425571,4640593,4,Mosul,4
104446,Male,Yes,66,Yes,Retired,22,602257,4560592,3,Najaf,4
104447,Female,No,25,No,Unemployed,2,420891,955544,1,Najaf,6
104448,Female,Yes,42,No,Engineer,9,2741332,17873020,4,Najaf,5
104449,Female,No,22,No,Student,1,477564,298767,1,Najaf,0
104450,Female,No,19,No,Student,1,420734,388802,3,Baghdad,0
104451,Male,No,19,No,Student,2,205260,658522,3,Basra,0
104452,Male,No,22,No,Private_Sector,0,309906,331611,1,Baghdad,6
104453,Male,Yes,44,No,Driver,14,410214,1082810,4,Baghdad,1
104454,Male,No,18,Yes,Unemployed,1,320103,333374,3,Baghdad,6
104455,Female,No,25,No,Student,2,433178,405980,2,Erbil,0
104456,Male,Yes,29,Yes,Private_Sector,11,659551,2308749,5,Najaf,6
104457,Female,Yes,67,No,Retired,27,771315,11607095,1,Baghdad,4
104458,Male,Yes,33,Yes,Trader,18,2237964,9252818,5,Baghdad,5
104459,Male,Yes,33,Yes,Engineer,7,2939309,18063965,3,Sulaymaniyah,5
104460,Male,No,76,No,Retired,16,708516,4093377,1,Mosul,4
104461,Male,Yes,35,No,Teacher,5,1188809,2420723,3,Najaf,6
104462,Female,Yes,65,Yes,Retired,29,625919,4570551,3,Baghdad,4
104463,Male,Yes,35,Yes,Engineer,14,3108090,15878538,4,Baghdad,5
104464,Male,Yes,29,No,Private_Sector,11,889460,2585651,4,Sulaymaniyah,6
104465,Male,Yes,38,No,Government_Employee,8,613453,2775157,3,Basra,2
104466,Female,Yes,32,No,Driver,12,545582,385301,7,Mosul,1
104467,Male,Yes,73,Yes,Retired,21,553503,4034544,1,Najaf,4
104468,Male,No,45,Yes,Trader,11,2379996,13265927,4,Basra,5
104469,Female,Yes,48,Yes,Doctor,10,1940619,6953750,6,Karbala,5
104470,Male,Yes,40,Yes,Engineer,10,2740365,11686461,4,Baghdad,5
104471,Female,No,22,No,Student,0,258215,1079240,1,Anbar,0
104472,Female,No,20,No,Student,2,399345,249488,1,Baghdad,0
104473,Male,No,50,Yes,Engineer,5,936932,16961353,5,Erbil,5
104474,Female,Yes,70,No,Retired,19,640573,6282415,4,Erbil,4
104475,Female,Yes,30,No,Laborer,7,340262,464047,4,Baghdad,3
104476,Male,Yes,41,Yes,Trader,11,2726662,21533756,4,Basra,5
104477,Female,Yes,84,No,Retired,20,464511,5906335,4,Sulaymaniyah,4
104478,Female,Yes,31,Yes,Doctor,7,1881964,17380931,3,Baghdad,5
104479,Female,Yes,41,No,Government_Employee,5,707761,2068596,3,Diyala,2
104480,Female,Yes,37,Yes,Teacher,9,1072814,2643245,4,Basra,6
104481,Female,Yes,45,No,Laborer,14,346113,1199807,4,Baghdad,3
104482,Female,Yes,37,Yes,Driver,10,508201,379342,7,Sulaymaniyah,1
104483,Male,Yes,50,No,Laborer,8,279867,1173082,4,Diyala,3
104484,Female,Yes,40,No,Trader,10,2247105,16235241,3,Basra,5
104485,Male,No,21,No,Student,1,473893,177160,1,Baghdad,0
104486,Male,No,18,No,Private_Sector,0,266667,683842,1,Erbil,6
104487,Female,Yes,35,Yes,Laborer,18,296046,848269,7,Anbar,3
104488,Male,No,25,Yes,Laborer,0,380490,372226,3,Sulaymaniyah,3
104489,Male,Yes,32,Yes,Government_Employee,7,746059,2678977,5,Erbil,2
104490,Male,Yes,79,No,Retired,18,215956,5631472,4,Baghdad,4
104491,Female,Yes,21,Yes,Unemployed,0,234094,823870,1,Erbil,6
104492,Male,Yes,59,Yes,Retired,20,689303,6491002,3,Dhi_Qar,4
104493,Female,Yes,29,Yes,Government_Employee,11,583137,1816877,5,Sulaymaniyah,2
104494,Male,No,71,Yes,Retired,25,618584,1769142,3,Basra,4
104495,Female,Yes,68,No,Retired,28,670438,2177719,1,Mosul,4
104496,Male,No,41,Yes,Government_Employee,9,765254,3080480,5,Baghdad,2
104497,Male,Yes,35,No,Government_Employee,9,591406,1172254,5,Baghdad,2
104498,Male,Yes,41,Yes,Teacher,9,905579,1612111,3,Basra,6
104499,Female,No,32,Yes,Doctor,19,1920845,13080807,4,Basra,5
104500,Male,Yes,40,No,Homemaker,11,679391,866071,4,Baghdad,1
104501,Male,Yes,54,Yes,Trader,10,1246699,19027084,3,Baghdad,5
104502,Male,Yes,31,Yes,Private_Sector,6,981641,1822399,3,Erbil,6
104503,Male,Yes,40,Yes,Private_Sector,7,830783,1623476,4,Karbala,6
104504,Female,No,25,No,Student,2,237773,591213,2,Baghdad,0
104505,Female,No,66,No,Retired,18,659437,8009358,4,Erbil,4
104506,Male,Yes,42,Yes,Trader,16,2080935,21477152,5,Baghdad,5
104507,Female,Yes,50,No,Homemaker,4,298675,809672,8,Baghdad,1
104508,Male,No,45,Yes,Trader,6,2217470,14965251,6,Anbar,5
104509,Female,Yes,32,No,Homemaker,3,317870,254579,4,Erbil,1
104510,Male,Yes,32,No,Government_Employee,8,739599,2779192,4,Baghdad,2
104511,Female,Yes,34,Yes,Trader,5,2764800,22177677,3,Karbala,5
104512,Female,No,18,No,Student,1,540422,554973,1,Diyala,0
104513,Male,No,83,Yes,Retired,16,655989,5281427,2,Basra,4
104514,Male,No,18,No,Student,2,370631,838458,3,Karbala,0
104515,Female,Yes,24,No,Laborer,2,403110,229785,1,Sulaymaniyah,3
104516,Female,Yes,31,Yes,Government_Employee,10,1202572,2389943,3,Baghdad,2
104517,Female,No,70,No,Retired,16,745421,5353662,3,Karbala,4
104518,Male,Yes,33,No,Engineer,17,3442819,19928708,4,Baghdad,5
104519,Male,Yes,38,Yes,Private_Sector,7,1138349,2217699,4,Najaf,6
104520,Male,Yes,52,No,Homemaker,8,593648,450210,7,Dhi_Qar,1
104521,Male,No,82,No,Retired,29,425163,6040198,2,Sulaymaniyah,4
104522,Male,No,21,No,Student,1,450577,473406,3,Baghdad,0
104523,Male,Yes,35,No,Private_Sector,9,1001207,1232630,4,Basra,6
104524,Male,Yes,68,Yes,Retired,26,746506,6320234,2,Sulaymaniyah,4
104525,Female,Yes,43,No,Homemaker,8,472765,388729,4,Baghdad,1
104526,Male,No,62,No,Retired,25,393389,4082606,3,Baghdad,4
104527,Female,Yes,43,No,Homemaker,18,374629,1221669,8,Mosul,1
104528,Female,No,18,Yes,Private_Sector,0,448875,723261,1,Dhi_Qar,6
104529,Female,No,26,Yes,Student,2,336160,58486,2,Baghdad,0
104530,Male,Yes,30,Yes,Government_Employee,9,773414,2744910,5,Basra,2
104531,Female,No,26,No,Student,1,256469,146795,2,Dhi_Qar,0
104532,Male,Yes,64,No,Retired,21,499451,7146645,4,Dhi_Qar,4
104533,Male,Yes,46,No,Laborer,13,670412,653668,5,Najaf,3
104534,Male,Yes,36,Yes,Teacher,4,1074378,2633415,5,Dhi_Qar,6
104535,Female,Yes,47,Yes,Engineer,5,1917313,20716946,3,Diyala,5
104536,Female,Yes,36,Yes,Private_Sector,11,1094453,2892699,4,Basra,6
104537,Male,No,20,No,Student,0,349318,509009,3,Baghdad,0
104538,Female,No,19,Yes,Private_Sector,1,276887,60880,3,Anbar,6
104539,Male,Yes,75,No,Retired,21,591177,6150181,1,Mosul,4
104540,Female,Yes,48,No,Driver,10,274201,390165,6,Baghdad,1
104541,Male,Yes,35,No,Private_Sector,10,939548,2310095,4,Dhi_Qar,6
104542,Female,No,18,No,Student,0,382487,295923,1,Diyala,0
104543,Female,Yes,78,No,Retired,23,652150,5697854,4,Karbala,4
104544,Male,Yes,35,Yes,Private_Sector,8,848433,1615622,3,Mosul,6
104545,Male,Yes,65,No,Retired,29,753423,5814784,4,Anbar,4
104546,Male,No,69,No,Retired,23,411017,5444300,1,Baghdad,4
104547,Female,Yes,28,Yes,Teacher,5,1089053,2371102,5,Anbar,6
104548,Male,Yes,30,Yes,Trader,10,1562363,16207093,5,Najaf,5
104549,Female,No,32,Yes,Teacher,5,1231660,2528444,4,Basra,6
104550,Male,No,25,Yes,Student,2,309815,492526,3,Basra,0
104551,Male,Yes,28,Yes,Private_Sector,9,1027235,3578926,5,Najaf,6
104552,Male,Yes,49,Yes,Doctor,9,2616608,18210272,6,Najaf,5
104553,Male,Yes,83,Yes,Retired,24,558116,6389393,4,Najaf,4
104554,Male,No,25,No,Private_Sector,1,421305,505499,1,Basra,6
104555,Male,No,22,No,Unemployed,1,372781,481698,3,Baghdad,6
104556,Female,Yes,25,Yes,Student,1,385441,110098,3,Erbil,0
104557,Male,Yes,44,No,Laborer,8,502369,980024,7,Sulaymaniyah,3
104558,Male,No,22,Yes,Private_Sector,2,305069,564642,1,Dhi_Qar,6
104559,Male,Yes,38,No,Government_Employee,11,986698,4062995,3,Sulaymaniyah,2
104560,Female,No,19,Yes,Student,2,559421,959606,3,Diyala,0
104561,Male,Yes,37,Yes,Trader,17,2556530,3801944,5,Erbil,5
104562,Female,Yes,34,No,Trader,14,2237948,13345083,6,Baghdad,5
104563,Female,Yes,34,No,Doctor,16,1849458,12417894,6,Sulaymaniyah,5
104564,Female,Yes,77,No,Retired,19,424043,7506632,4,Baghdad,4
104565,Female,No,23,No,Unemployed,0,542156,568424,1,Basra,6
104566,Male,Yes,44,No,Laborer,10,426469,795678,5,Basra,3
104567,Female,Yes,58,Yes,Retired,27,597038,7052345,3,Baghdad,4
104568,Male,No,26,Yes,Student,1,359600,214011,1,Erbil,0
104569,Female,Yes,39,Yes,Private_Sector,3,488189,2745690,5,Karbala,6
104570,Female,No,19,No,Laborer,1,232603,51613,3,Najaf,3
104571,Male,No,70,Yes,Retired,25,512475,3115412,1,Erbil,4
104572,Female,Yes,39,No,Laborer,14,466186,438762,5,Najaf,3
104573,Female,Yes,37,No,Trader,13,1333742,25942156,4,Diyala,5
104574,Female,Yes,35,No,Private_Sector,3,1043910,1522525,3,Dhi_Qar,6
104575,Male,Yes,63,No,Retired,21,394426,5395440,1,Karbala,4
104576,Female,Yes,36,Yes,Private_Sector,6,675715,1993789,3,Baghdad,6
104577,Male,No,18,No,Student,1,211329,220552,3,Sulaymaniyah,0
104578,Female,No,77,Yes,Retired,27,534007,5599228,1,Baghdad,4
104579,Female,Yes,30,Yes,Teacher,9,1017334,1585004,4,Baghdad,6
104580,Male,Yes,31,No,Driver,4,291477,628897,5,Najaf,1
104581,Male,No,50,Yes,Engineer,15,2383304,2722587,3,Baghdad,5
104582,Female,No,18,Yes,Laborer,1,243295,301872,2,Baghdad,3
104583,Male,Yes,69,No,Retired,21,529706,6936848,4,Mosul,4
104584,Male,Yes,30,No,Homemaker,10,478175,1389333,7,Basra,1
104585,Male,No,19,No,Student,0,448073,444976,2,Dhi_Qar,0
104586,Male,Yes,30,No,Government_Employee,8,659701,2297445,5,Baghdad,2
104587,Female,Yes,34,No,Trader,15,3145541,18648733,3,Najaf,5
104588,Male,No,78,No,Retired,26,670743,5458891,3,Anbar,4
104589,Female,No,73,Yes,Retired,27,598210,5068791,4,Basra,4
104590,Female,Yes,43,Yes,Doctor,16,2387925,16820771,3,Mosul,5
104591,Female,Yes,40,No,Homemaker,18,317968,201970,8,Basra,1
104592,Female,No,83,No,Retired,21,765196,6608445,1,Baghdad,4
104593,Male,Yes,20,Yes,Unemployed,1,240608,1033395,2,Baghdad,6
104594,Male,Yes,52,No,Laborer,5,341199,728841,4,Mosul,3
104595,Male,Yes,58,Yes,Retired,24,483331,3850921,3,Baghdad,4
104596,Male,No,81,No,Retired,26,656316,6795918,2,Baghdad,4
104597,Male,No,75,Yes,Retired,17,704786,6839721,3,Najaf,4
104598,Female,Yes,68,No,Retired,17,500111,5592734,2,Sulaymaniyah,4
104599,Female,No,24,No,Private_Sector,2,406504,459808,2,Basra,6
104600,Female,Yes,31,No,Engineer,13,2535332,17273235,5,Dhi_Qar,5
104601,Male,No,21,No,Unemployed,2,358826,417083,3,Baghdad,6
104602,Female,No,37,No,Private_Sector,3,936313,1539836,5,Najaf,6
104603,Male,Yes,73,Yes,Retired,15,517032,7816537,3,Diyala,4
104604,Male,Yes,53,Yes,Trader,16,3209934,6925352,6,Baghdad,5
104605,Male,No,28,Yes,Private_Sector,7,850160,3208318,4,Karbala,6
104606,Female,No,25,Yes,Laborer,2,415926,505387,3,Mosul,3
104607,Female,Yes,39,Yes,Trader,11,2965440,9512424,4,Sulaymaniyah,5
104608,Male,No,18,No,Private_Sector,1,398376,473662,2,Baghdad,6
104609,Female,Yes,41,Yes,Teacher,9,695206,2518084,5,Mosul,6
104610,Female,Yes,44,No,Driver,7,424264,662056,5,Basra,1
104611,Male,Yes,33,Yes,Government_Employee,6,1276132,1792259,3,Anbar,2
104612,Female,Yes,31,Yes,Engineer,12,2703519,10925078,3,Baghdad,5
104613,Female,No,37,No,Laborer,3,315259,917643,4,Mosul,3
104614,Male,Yes,29,Yes,Teacher,6,1208425,1215453,3,Diyala,6
104615,Female,Yes,32,Yes,Private_Sector,8,1029848,1698086,5,Baghdad,6
104616,Male,Yes,36,Yes,Teacher,10,980265,1840443,4,Anbar,6
104617,Female,Yes,34,Yes,Government_Employee,9,879376,824303,4,Mosul,2
104618,Male,No,36,No,Laborer,15,502127,1011114,5,Najaf,3
104619,Male,No,23,No,Laborer,1,406007,593519,1,Basra,3
104620,Female,No,26,No,Student,0,355448,416770,2,Basra,0
104621,Male,Yes,77,No,Retired,26,559199,8765019,4,Baghdad,4
104622,Female,No,24,No,Unemployed,0,469467,164999,2,Najaf,6
104623,Female,Yes,32,Yes,Private_Sector,5,921784,3910572,5,Baghdad,6
104624,Female,Yes,60,Yes,Retired,24,501993,4200706,1,Basra,4
104625,Male,No,26,Yes,Unemployed,2,605865,353318,3,Karbala,6
104626,Female,Yes,34,Yes,Private_Sector,11,827516,1686419,3,Baghdad,6
104627,Male,Yes,30,No,Government_Employee,7,1135359,1987681,4,Basra,2
104628,Male,Yes,44,Yes,Engineer,10,2769357,0,6,Diyala,5
104629,Female,Yes,40,Yes,Engineer,18,1611221,18968341,5,Baghdad,5
104630,Male,Yes,63,Yes,Retired,21,592081,6421744,4,Karbala,4
104631,Female,No,19,No,Student,0,355939,145920,2,Diyala,0
104632,Female,Yes,33,Yes,Government_Employee,10,877709,2891160,4,Mosul,2
104633,Male,Yes,66,No,Retired,25,639396,6390551,1,Karbala,4
104634,Male,Yes,36,No,Homemaker,8,380826,905833,5,Baghdad,1
104635,Female,Yes,31,No,Teacher,7,933873,2700312,4,Mosul,6
104636,Male,No,26,Yes,Student,2,295238,308760,3,Baghdad,0
104637,Female,No,24,Yes,Private_Sector,1,537773,471584,1,Najaf,6
104638,Female,Yes,70,No,Retired,15,658456,9289393,3,Erbil,4
104639,Male,No,24,No,Laborer,2,389300,726439,3,Baghdad,3
104640,Female,Yes,19,No,Student,0,252126,291528,2,Diyala,0
104641,Female,No,22,No,Student,1,481140,489373,2,Erbil,0
104642,Male,No,33,No,Government_Employee,3,735639,2980116,5,Najaf,2
104643,Female,Yes,36,No,Trader,16,4292079,14441348,4,Baghdad,5
104644,Female,No,18,No,Student,2,373240,304136,3,Sulaymaniyah,0
104645,Male,Yes,42,Yes,Doctor,5,1577420,17626758,4,Anbar,5
104646,Male,Yes,33,No,Driver,5,467862,147386,7,Anbar,1
104647,Male,Yes,30,Yes,Engineer,5,2796586,24191464,4,Sulaymaniyah,5
104648,Male,Yes,50,Yes,Engineer,12,2697575,6665099,6,Baghdad,5
104649,Female,Yes,63,No,Retired,18,453490,6430218,1,Baghdad,4
104650,Male,Yes,52,No,Doctor,16,1599937,18427569,3,Baghdad,5
104651,Female,Yes,33,No,Government_Employee,8,964604,3756035,3,Dhi_Qar,2
104652,Female,Yes,77,No,Retired,18,545145,2735524,3,Mosul,4
104653,Female,Yes,24,No,Student,0,373635,550057,3,Diyala,0
104654,Male,No,23,No,Private_Sector,1,241439,692777,2,Baghdad,6
104655,Female,Yes,45,Yes,Driver,6,367266,1332522,4,Dhi_Qar,1
104656,Female,Yes,34,Yes,Private_Sector,8,660239,3458029,5,Mosul,6
104657,Female,No,18,No,Laborer,2,360467,300647,2,Diyala,3
104658,Male,No,24,No,Unemployed,0,392014,435478,2,Karbala,6
104659,Female,Yes,44,Yes,Homemaker,18,440159,1074747,7,Najaf,1
104660,Female,No,21,No,Laborer,0,427412,604194,3,Mosul,3
104661,Male,Yes,30,Yes,Engineer,17,2571085,4425546,3,Mosul,5
104662,Female,Yes,67,Yes,Retired,18,328935,6956577,4,Basra,4
104663,Female,No,25,Yes,Unemployed,2,353380,362047,3,Basra,6
104664,Female,Yes,36,No,Private_Sector,10,881237,2438379,3,Baghdad,6
104665,Female,Yes,65,Yes,Retired,22,485107,8921657,3,Erbil,4
104666,Male,No,29,Yes,Government_Employee,6,1049841,2546554,5,Basra,2
104667,Male,Yes,29,Yes,Teacher,8,839511,2901303,5,Diyala,6
104668,Female,No,42,Yes,Trader,10,2293157,22422383,6,Basra,5
104669,Male,Yes,80,Yes,Retired,16,612770,8235465,4,Diyala,4
104670,Female,No,33,Yes,Government_Employee,7,1060515,2701445,4,Baghdad,2
104671,Male,No,18,No,Unemployed,2,328212,393363,2,Erbil,6
104672,Male,No,20,Yes,Student,0,438061,586537,2,Mosul,0
104673,Male,No,39,No,Government_Employee,9,1091050,2469391,3,Diyala,2
104674,Female,Yes,64,Yes,Retired,27,621256,6610797,4,Karbala,4
104675,Male,Yes,31,No,Laborer,19,377345,620702,4,Najaf,3
104676,Female,Yes,32,No,Trader,16,2078425,21124765,5,Dhi_Qar,5
104677,Female,No,19,No,Student,2,401776,478827,1,Mosul,0
104678,Male,Yes,50,No,Engineer,15,2986349,6470876,5,Erbil,5
104679,Female,No,21,Yes,Laborer,0,241055,285611,3,Sulaymaniyah,3
104680,Female,No,19,No,Unemployed,0,247528,426567,1,Basra,6
104681,Male,No,25,No,Student,1,446394,710727,1,Dhi_Qar,0
104682,Male,Yes,35,No,Driver,7,403398,695807,6,Baghdad,1
104683,Female,Yes,54,Yes,Trader,5,2925073,13497515,5,Erbil,5
104684,Male,No,21,No,Unemployed,2,372948,427429,3,Erbil,6
104685,Female,Yes,42,No,Driver,16,515962,1179720,4,Diyala,1
104686,Male,No,29,No,Government_Employee,6,993831,1631661,5,Erbil,2
104687,Male,No,20,No,Student,1,241507,404515,3,Mosul,0
104688,Female,Yes,63,No,Retired,21,519929,3106080,3,Baghdad,4
104689,Male,Yes,42,Yes,Engineer,8,2848050,11709101,3,Sulaymaniyah,5
104690,Female,No,33,Yes,Engineer,9,2430839,17727999,6,Diyala,5
104691,Male,Yes,36,No,Government_Employee,8,992128,1985411,4,Erbil,2
104692,Male,Yes,30,No,Private_Sector,11,978435,2640402,3,Karbala,6
104693,Male,No,24,Yes,Student,1,436649,101465,3,Basra,0
104694,Female,Yes,84,No,Retired,18,606354,1463271,1,Diyala,4
104695,Male,Yes,41,Yes,Doctor,7,2033502,13607654,6,Najaf,5
104696,Female,Yes,36,Yes,Teacher,11,877644,1562487,3,Baghdad,6
104697,Female,Yes,54,No,Engineer,16,3121940,16955020,3,Mosul,5
104698,Male,Yes,54,Yes,Engineer,17,2801111,13716492,4,Baghdad,5
104699,Male,Yes,43,No,Driver,12,593932,1061043,5,Mosul,1
104700,Female,Yes,59,Yes,Retired,22,1016035,5154587,4,Baghdad,4
104701,Male,Yes,34,No,Driver,18,371662,473202,6,Karbala,1
104702,Male,No,32,Yes,Government_Employee,10,854764,3248880,4,Basra,2
104703,Female,No,38,No,Engineer,19,3340356,15587342,5,Sulaymaniyah,5
104704,Female,Yes,41,No,Laborer,19,466219,785796,6,Dhi_Qar,3
104705,Female,Yes,69,Yes,Retired,21,555269,11925555,2,Erbil,4
104706,Male,Yes,39,Yes,Government_Employee,8,927396,1484521,5,Basra,2
104707,Female,Yes,72,No,Retired,25,686774,6754896,1,Baghdad,4
104708,Female,Yes,37,No,Engineer,8,2923451,12952663,3,Basra,5
104709,Female,Yes,30,No,Private_Sector,5,493396,1544176,4,Diyala,6
104710,Female,Yes,83,No,Retired,21,532735,7741123,4,Erbil,4
104711,Male,Yes,20,No,Unemployed,1,311662,560812,3,Erbil,6
104712,Male,Yes,18,No,Laborer,2,252500,322626,1,Baghdad,3
104713,Female,Yes,26,Yes,Student,2,548472,0,3,Basra,0
104714,Female,No,23,Yes,Private_Sector,2,387614,186477,3,Diyala,6
104715,Male,Yes,41,Yes,Homemaker,5,380262,660734,5,Sulaymaniyah,1
104716,Male,Yes,36,No,Teacher,8,766926,349464,4,Basra,6
104717,Male,Yes,34,No,Driver,14,488084,812973,5,Basra,1
104718,Male,No,21,Yes,Student,0,174787,435885,1,Erbil,0
104719,Female,No,26,Yes,Student,2,171361,155166,1,Diyala,0
104720,Female,Yes,30,No,Teacher,5,1007208,3390270,5,Sulaymaniyah,6
104721,Male,Yes,50,Yes,Engineer,13,2101581,17083430,4,Karbala,5
104722,Female,Yes,53,Yes,Trader,15,2426319,19224026,4,Baghdad,5
104723,Female,No,21,No,Student,2,550963,664074,2,Erbil,0
104724,Male,Yes,34,Yes,Trader,17,1679302,12125353,6,Najaf,5
104725,Female,No,19,No,Unemployed,0,409276,476147,2,Erbil,6
104726,Female,Yes,32,Yes,Government_Employee,11,822966,4022631,4,Baghdad,2
104727,Male,Yes,30,Yes,Private_Sector,7,798237,2846133,4,Sulaymaniyah,6
104728,Male,Yes,30,No,Government_Employee,11,1011108,3011905,3,Diyala,2
104729,Female,Yes,39,No,Homemaker,8,376160,863683,7,Dhi_Qar,1
104730,Female,Yes,68,Yes,Retired,24,874574,3998743,4,Anbar,4
104731,Male,No,25,No,Student,1,285498,468823,1,Baghdad,0
104732,Female,Yes,62,Yes,Retired,23,661732,8787642,2,Sulaymaniyah,4
104733,Male,No,28,No,Private_Sector,7,881957,1926232,4,Mosul,6
104734,Female,Yes,22,Yes,Student,2,461756,500008,2,Baghdad,0
104735,Male,No,19,Yes,Student,2,531479,387873,1,Erbil,0
104736,Female,Yes,58,No,Retired,15,735679,5346831,3,Baghdad,4
104737,Male,Yes,74,Yes,Retired,25,514398,2860733,4,Anbar,4
104738,Male,Yes,32,Yes,Engineer,17,2576867,17560464,4,Baghdad,5
104739,Male,No,26,No,Student,1,314405,236497,1,Anbar,0
104740,Female,Yes,63,Yes,Retired,17,762658,4589926,4,Basra,4
104741,Male,No,39,Yes,Trader,15,2271214,13739251,3,Mosul,5
104742,Male,Yes,43,Yes,Trader,6,2672656,19163537,4,Anbar,5
104743,Female,Yes,83,No,Retired,26,700395,3426034,3,Diyala,4
104744,Male,Yes,40,Yes,Government_Employee,8,1032730,3381420,5,Anbar,2
104745,Male,Yes,35,Yes,Government_Employee,6,1348559,3412649,3,Anbar,2
104746,Female,Yes,20,Yes,Unemployed,2,359975,357989,1,Baghdad,6
104747,Male,Yes,34,No,Government_Employee,8,1022284,1953962,4,Erbil,2
104748,Female,Yes,76,Yes,Retired,15,255411,3611429,3,Najaf,4
104749,Female,No,44,Yes,Doctor,16,3153456,8308693,6,Anbar,5
104750,Male,Yes,39,Yes,Private_Sector,10,1368108,1577940,3,Sulaymaniyah,6
104751,Male,No,37,Yes,Government_Employee,3,951719,2667413,4,Baghdad,2
104752,Female,Yes,76,No,Retired,24,623737,5674641,1,Baghdad,4
104753,Male,Yes,69,No,Retired,15,800293,6027674,2,Najaf,4
104754,Female,Yes,33,No,Government_Employee,9,886926,1949270,3,Erbil,2
104755,Male,No,24,No,Laborer,0,399771,167271,1,Diyala,3
104756,Male,Yes,31,Yes,Laborer,19,298677,134516,5,Mosul,3
104757,Female,Yes,38,Yes,Laborer,11,411107,109324,4,Anbar,3
104758,Female,Yes,31,No,Trader,12,2665009,12281420,6,Sulaymaniyah,5
104759,Female,No,23,Yes,Unemployed,1,416123,216898,2,Erbil,6
104760,Male,Yes,30,Yes,Teacher,5,978169,100876,3,Basra,6
104761,Female,Yes,30,Yes,Private_Sector,8,916329,2693162,3,Basra,6
104762,Male,No,25,No,Unemployed,0,354505,185706,3,Najaf,6
104763,Female,Yes,36,No,Teacher,6,1076190,2899370,4,Baghdad,6
104764,Female,Yes,47,Yes,Doctor,18,3546587,13516292,5,Baghdad,5
104765,Male,Yes,48,Yes,Trader,16,3146195,7724832,5,Najaf,5
104766,Female,Yes,40,No,Government_Employee,7,1092254,2138096,4,Erbil,2
104767,Female,Yes,32,Yes,Government_Employee,8,847264,2898352,3,Baghdad,2
104768,Male,No,83,No,Retired,19,596695,5189147,3,Diyala,4
104769,Male,No,21,Yes,Private_Sector,0,415282,252816,2,Anbar,6
104770,Female,Yes,41,Yes,Trader,12,3063794,7409809,6,Baghdad,5
104771,Female,No,39,No,Engineer,6,2133711,20295483,4,Basra,5
104772,Female,Yes,21,Yes,Unemployed,0,249057,204236,1,Baghdad,6
104773,Male,No,21,Yes,Student,2,538540,403545,3,Basra,0
104774,Male,Yes,50,Yes,Engineer,12,1516334,18594969,5,Diyala,5
104775,Female,Yes,37,No,Trader,15,1071455,17177402,4,Baghdad,5
104776,Male,No,26,Yes,Private_Sector,0,360070,303583,3,Dhi_Qar,6
104777,Male,No,24,No,Laborer,1,281656,683441,1,Baghdad,3
104778,Female,Yes,37,Yes,Trader,18,2945801,3696524,4,Basra,5
104779,Male,No,19,No,Private_Sector,0,190283,360868,1,Basra,6
104780,Male,Yes,29,Yes,Government_Employee,5,982825,2487601,3,Basra,2
104781,Male,Yes,77,No,Retired,16,627300,3558639,2,Najaf,4
104782,Female,Yes,77,No,Retired,23,779900,4010161,4,Anbar,4
104783,Male,Yes,47,No,Trader,7,3518264,24459394,6,Najaf,5
104784,Female,Yes,54,Yes,Doctor,18,3458619,17254240,5,Dhi_Qar,5
104785,Female,No,18,No,Student,1,282757,641637,2,Baghdad,0
104786,Male,Yes,35,Yes,Engineer,9,3170994,19701669,3,Baghdad,5
104787,Female,Yes,36,No,Government_Employee,4,991354,2803935,4,Anbar,2
104788,Male,Yes,76,Yes,Retired,21,330181,7967990,4,Dhi_Qar,4
104789,Female,No,35,Yes,Government_Employee,9,1444922,1802250,4,Mosul,2
104790,Male,No,53,No,Trader,12,3112620,19274898,4,Mosul,5
104791,Female,Yes,74,No,Retired,17,335861,3975538,4,Anbar,4
104792,Male,No,37,No,Government_Employee,3,1108172,2135685,5,Basra,2
104793,Male,Yes,31,No,Laborer,12,401510,990073,5,Erbil,3
104794,Female,No,38,Yes,Engineer,14,1994802,10523306,6,Mosul,5
104795,Male,Yes,38,Yes,Government_Employee,6,774659,3218420,5,Basra,2
104796,Female,Yes,38,No,Driver,12,446500,487618,6,Baghdad,1
104797,Female,Yes,83,Yes,Retired,27,602358,3319306,3,Karbala,4
104798,Female,No,23,Yes,Unemployed,2,436252,120759,2,Erbil,6
104799,Female,Yes,41,Yes,Government_Employee,9,1009709,2778576,3,Anbar,2
104800,Female,Yes,83,Yes,Retired,25,328102,3678496,1,Erbil,4
104801,Female,No,76,No,Retired,29,671906,10438419,1,Baghdad,4
104802,Male,Yes,39,Yes,Engineer,17,1760404,17302579,4,Sulaymaniyah,5
104803,Male,Yes,47,No,Driver,14,423601,756866,5,Baghdad,1
104804,Male,Yes,40,No,Teacher,11,735040,2207738,4,Mosul,6
104805,Male,No,72,No,Retired,17,665612,8775054,1,Baghdad,4
104806,Female,Yes,39,Yes,Government_Employee,8,1121574,1817949,3,Erbil,2
104807,Female,Yes,40,Yes,Private_Sector,11,908976,2090658,4,Sulaymaniyah,6
104808,Female,No,20,No,Laborer,2,372256,373259,2,Najaf,3
104809,Male,No,20,Yes,Student,1,436398,421089,1,Sulaymaniyah,0
104810,Female,No,19,No,Unemployed,1,336780,270561,1,Erbil,6
104811,Male,No,26,No,Student,0,150000,78461,1,Basra,0
104812,Male,No,28,Yes,Government_Employee,8,1155584,1523924,4,Sulaymaniyah,2
104813,Male,Yes,30,No,Homemaker,12,476667,455975,7,Erbil,1
104814,Female,No,23,Yes,Unemployed,1,300411,194027,1,Basra,6
104815,Male,Yes,29,No,Government_Employee,9,1062642,3018133,4,Basra,2
104816,Female,No,24,No,Laborer,0,293832,528033,1,Baghdad,3
104817,Female,Yes,39,No,Teacher,7,1022591,2335588,4,Baghdad,6
104818,Male,No,26,No,Student,2,262554,625938,3,Karbala,0
104819,Female,Yes,29,Yes,Private_Sector,7,421129,1070414,4,Basra,6
104820,Female,Yes,33,Yes,Teacher,7,776832,4026810,4,Baghdad,6
104821,Female,Yes,38,Yes,Doctor,15,2896875,22531649,4,Baghdad,5
104822,Female,No,20,No,Student,0,348938,416454,2,Sulaymaniyah,0
104823,Male,Yes,41,Yes,Engineer,17,1213944,18236793,3,Basra,5
104824,Male,No,20,No,Private_Sector,2,251745,228440,3,Sulaymaniyah,6
104825,Male,No,31,No,Driver,19,510484,1311643,4,Dhi_Qar,1
104826,Female,Yes,35,Yes,Private_Sector,6,1026326,4547492,4,Mosul,6
104827,Male,Yes,63,Yes,Retired,25,366290,5353999,3,Sulaymaniyah,4
104828,Male,Yes,77,Yes,Retired,22,749042,9398931,2,Mosul,4
104829,Male,Yes,29,Yes,Teacher,6,842678,3094264,4,Mosul,6
104830,Male,Yes,62,No,Retired,22,490265,4701937,1,Karbala,4
104831,Female,Yes,45,Yes,Trader,6,2831519,9243612,4,Baghdad,5
104832,Male,Yes,71,No,Retired,27,877144,9706398,4,Basra,4
104833,Male,Yes,81,Yes,Retired,17,726699,3137521,3,Karbala,4
104834,Female,Yes,25,Yes,Unemployed,1,388061,794962,3,Erbil,6
104835,Male,Yes,62,No,Retired,17,517960,3703536,3,Baghdad,4
104836,Male,Yes,35,No,Government_Employee,8,1054834,2294526,5,Dhi_Qar,2
104837,Male,Yes,23,No,Student,0,391145,364435,3,Dhi_Qar,0
104838,Male,Yes,28,Yes,Private_Sector,4,555834,1080163,3,Erbil,6
104839,Male,No,26,Yes,Student,2,513296,672718,3,Karbala,0
104840,Male,Yes,52,No,Engineer,19,1207853,8038774,3,Dhi_Qar,5
104841,Female,Yes,40,Yes,Government_Employee,10,926085,2822733,5,Baghdad,2
104842,Male,No,25,Yes,Laborer,1,293906,470443,1,Basra,3
104843,Female,No,78,No,Retired,25,563634,8350986,2,Baghdad,4
104844,Male,No,23,No,Laborer,2,342793,115988,1,Najaf,3
104845,Female,Yes,64,Yes,Retired,28,395425,10527717,4,Najaf,4
104846,Female,Yes,61,Yes,Retired,15,721043,8369532,2,Diyala,4
104847,Female,No,20,No,Student,1,425624,464552,2,Baghdad,0
104848,Female,No,59,No,Retired,27,643496,6724021,2,Basra,4
104849,Female,Yes,66,Yes,Retired,17,578884,6257223,2,Karbala,4
104850,Female,No,72,Yes,Retired,17,631514,6786948,1,Basra,4
104851,Female,Yes,50,No,Driver,15,430640,560635,4,Basra,1
104852,Female,Yes,50,No,Laborer,19,295540,411535,5,Basra,3
104853,Male,Yes,38,Yes,Government_Employee,9,715443,3076429,3,Baghdad,2
104854,Female,Yes,36,Yes,Teacher,8,1064249,3658405,3,Erbil,6
104855,Female,Yes,20,Yes,Student,2,486143,487826,2,Karbala,0
104856,Male,Yes,33,Yes,Teacher,3,992570,405805,4,Baghdad,6
104857,Female,Yes,30,No,Doctor,17,2573262,14113005,3,Erbil,5
104858,Female,Yes,59,No,Retired,24,733134,3878131,3,Erbil,4
104859,Female,No,20,No,Student,1,221986,621744,1,Sulaymaniyah,0
104860,Female,Yes,36,Yes,Engineer,19,2258496,24728960,6,Baghdad,5
104861,Female,No,19,Yes,Student,2,357276,316063,2,Anbar,0
104862,Male,Yes,33,No,Driver,16,438744,344293,4,Baghdad,1
104863,Male,Yes,37,No,Homemaker,19,365118,1812614,6,Najaf,1
104864,Male,Yes,25,No,Student,2,219999,758364,1,Baghdad,0
104865,Female,No,18,No,Laborer,1,217196,168545,1,Anbar,3
104866,Female,Yes,65,Yes,Retired,18,508316,4444474,2,Baghdad,4
104867,Male,Yes,34,No,Government_Employee,9,730282,3817821,5,Diyala,2
104868,Male,No,29,Yes,Government_Employee,8,1455425,2363107,5,Baghdad,2
104869,Female,Yes,33,No,Laborer,18,521617,762037,8,Baghdad,3
104870,Female,Yes,53,No,Driver,18,311209,645420,7,Baghdad,1
104871,Male,Yes,38,Yes,Private_Sector,9,760342,1086585,5,Anbar,6
104872,Female,Yes,32,No,Teacher,4,994586,2628243,3,Diyala,6
104873,Male,Yes,52,No,Driver,12,582865,801633,5,Karbala,1
104874,Male,Yes,52,No,Laborer,17,422201,751384,4,Dhi_Qar,3
104875,Female,No,34,No,Private_Sector,10,943913,1945761,5,Erbil,6
104876,Male,No,30,Yes,Private_Sector,10,502924,2616727,5,Erbil,6
104877,Male,Yes,65,No,Retired,28,616140,2585491,4,Baghdad,4
104878,Male,No,22,No,Student,2,556728,627956,2,Diyala,0
104879,Female,Yes,30,Yes,Government_Employee,4,965637,2468773,5,Karbala,2
104880,Female,No,22,No,Student,2,295259,712475,1,Baghdad,0
104881,Male,Yes,23,Yes,Student,1,295190,320409,3,Basra,0
104882,Male,No,23,No,Student,0,283802,270973,1,Baghdad,0
104883,Male,Yes,40,Yes,Private_Sector,9,776495,3073803,4,Baghdad,6
104884,Female,No,80,Yes,Retired,29,563957,10999448,2,Karbala,4
104885,Female,Yes,35,No,Driver,7,428855,881914,4,Karbala,1
104886,Male,No,21,No,Student,1,339979,0,2,Baghdad,0
104887,Male,No,23,No,Student,2,559400,489830,1,Basra,0
104888,Male,Yes,54,Yes,Engineer,17,1960806,12966527,6,Mosul,5
104889,Male,Yes,78,No,Retired,19,360673,2082766,1,Mosul,4
104890,Female,Yes,64,Yes,Retired,27,526960,5614844,4,Mosul,4
104891,Female,Yes,48,Yes,Doctor,12,2610367,24201422,3,Baghdad,5
104892,Female,No,37,No,Driver,4,366063,443722,7,Baghdad,1
104893,Male,No,26,No,Unemployed,1,323556,602332,3,Baghdad,6
104894,Female,Yes,40,Yes,Government_Employee,8,1082488,3411350,3,Baghdad,2
104895,Male,Yes,24,No,Student,0,390814,556922,3,Baghdad,0
104896,Male,Yes,54,No,Driver,16,393988,1473090,7,Basra,1
104897,Female,Yes,48,No,Driver,11,322826,818685,8,Mosul,1
104898,Female,Yes,49,No,Trader,18,2653887,11518729,3,Baghdad,5
104899,Male,Yes,68,No,Retired,29,738900,3849542,4,Baghdad,4
104900,Male,Yes,37,No,Engineer,8,390541,20893524,3,Najaf,5
104901,Male,Yes,52,No,Laborer,5,321593,490899,4,Najaf,3
104902,Male,No,71,No,Retired,23,595149,8500369,1,Basra,4
104903,Female,Yes,44,Yes,Engineer,7,2421337,9653095,5,Erbil,5
104904,Female,Yes,33,Yes,Government_Employee,4,1176414,2625116,4,Mosul,2
104905,Male,No,60,No,Retired,15,538821,7892015,2,Diyala,4
104906,Male,No,20,Yes,Student,0,540326,827508,2,Mosul,0
104907,Male,Yes,34,No,Private_Sector,5,847351,1669599,5,Najaf,6
104908,Male,No,19,No,Unemployed,2,283909,624650,3,Baghdad,6
104909,Female,Yes,41,No,Government_Employee,10,583259,1955587,4,Baghdad,2
104910,Female,Yes,33,No,Laborer,17,488349,181986,5,Anbar,3
104911,Male,Yes,48,Yes,Trader,16,2947223,24325455,4,Diyala,5
104912,Male,Yes,66,No,Retired,21,601730,7920796,2,Erbil,4
104913,Male,No,20,No,Student,1,274948,470269,1,Sulaymaniyah,0
104914,Female,No,25,No,Student,2,301267,543366,2,Najaf,0
104915,Female,No,21,No,Student,1,278390,199555,2,Baghdad,0
104916,Female,Yes,66,No,Retired,23,797120,5970506,3,Sulaymaniyah,4
104917,Female,No,18,Yes,Student,1,207982,406227,3,Basra,0
104918,Male,No,19,No,Laborer,1,229993,827886,1,Diyala,3
104919,Female,Yes,70,Yes,Retired,16,516740,1805817,4,Diyala,4
104920,Male,Yes,45,Yes,Doctor,10,3207018,17092314,6,Sulaymaniyah,5
104921,Male,No,21,No,Student,0,304389,212425,1,Basra,0
104922,Male,Yes,36,No,Doctor,14,3574792,16623431,6,Karbala,5
104923,Female,Yes,41,Yes,Teacher,11,447377,595322,5,Erbil,6
104924,Male,No,39,Yes,Government_Employee,6,582371,2203978,3,Basra,2
104925,Female,Yes,44,No,Engineer,8,3018692,13443842,6,Karbala,5
104926,Male,Yes,51,No,Laborer,10,443126,776430,7,Baghdad,3
104927,Female,Yes,34,No,Private_Sector,10,1026455,2567674,5,Anbar,6
104928,Male,No,20,Yes,Student,0,196868,740571,2,Basra,0
104929,Male,Yes,83,Yes,Retired,22,468115,7859411,3,Erbil,4
104930,Male,Yes,76,Yes,Retired,23,501592,6747163,2,Dhi_Qar,4
104931,Male,No,75,No,Retired,16,564979,5485118,2,Erbil,4
104932,Male,Yes,35,Yes,Teacher,3,715360,2171405,4,Baghdad,6
104933,Female,Yes,37,No,Homemaker,17,702847,299819,8,Najaf,1
104934,Female,No,18,Yes,Unemployed,1,388870,497131,2,Baghdad,6
104935,Female,No,19,Yes,Student,1,201871,120330,2,Baghdad,0
